year,county,county_code,vehicle_type,fuel_raw,fuel,ev_class,count
2015,BEAVER,1,Heavy Truck,DIESEL,Diesel,Non-electrified,261
2015,BEAVER,1,Heavy Truck,FLEXIBLE,Flex Fuel,Non-electrified,2
2015,BEAVER,1,Heavy Truck,GASOLINE,Gasoline,Non-electrified,51
2015,BEAVER,1,Heavy Truck,PROPANE,Propane/LPG,Non-electrified,1
2015,BEAVER,1,Light Truck,CONVERTED,Converted,Non-electrified,9
2015,BEAVER,1,Light Truck,DIESEL,Diesel,Non-electrified,713
2015,BEAVER,1,Light Truck,FLEXIBLE,Flex Fuel,Non-electrified,233
2015,BEAVER,1,Light Truck,GASOLINE,Gasoline,Non-electrified,2414
2015,BEAVER,1,Light Truck,HYBRID,Hybrid,Hybrid,4
2015,BEAVER,1,Light Truck,NATURAL GAS,Natural Gas,Non-electrified,1
2015,BEAVER,1,Motorcycle - Standard,GASOLINE,Gasoline,Non-electrified,109
2015,BEAVER,1,Passenger - Standard,CONVERTED,Converted,Non-electrified,5
2015,BEAVER,1,Passenger - Standard,DIESEL,Diesel,Non-electrified,18
2015,BEAVER,1,Passenger - Standard,FLEXIBLE,Flex Fuel,Non-electrified,141
2015,BEAVER,1,Passenger - Standard,GASOLINE,Gasoline,Non-electrified,2831
2015,BEAVER,1,Passenger - Standard,HYBRID,Hybrid,Hybrid,30
2015,BEAVER,1,Passenger - Standard,NATURAL GAS,Natural Gas,Non-electrified,2
2015,BEAVER,1,Passenger - Standard,UNKNOWN,Other,Non-electrified,2
2015,BOX ELDER,2,Heavy Truck,CONVERTED,Converted,Non-electrified,2
2015,BOX ELDER,2,Heavy Truck,DIESEL,Diesel,Non-electrified,1716
2015,BOX ELDER,2,Heavy Truck,FLEXIBLE,Flex Fuel,Non-electrified,14
2015,BOX ELDER,2,Heavy Truck,GASOLINE,Gasoline,Non-electrified,343
2015,BOX ELDER,2,Heavy Truck,PROPANE,Propane/LPG,Non-electrified,1
2015,BOX ELDER,2,Light Truck,CONVERTED,Converted,Non-electrified,65
2015,BOX ELDER,2,Light Truck,DIESEL,Diesel,Non-electrified,3758
2015,BOX ELDER,2,Light Truck,FLEXIBLE,Flex Fuel,Non-electrified,1326
2015,BOX ELDER,2,Light Truck,GASOLINE,Gasoline,Non-electrified,12480
2015,BOX ELDER,2,Light Truck,HYBRID,Hybrid,Hybrid,8
2015,BOX ELDER,2,Light Truck,NATURAL GAS,Natural Gas,Non-electrified,27
2015,BOX ELDER,2,Light Truck,PROPANE,Propane/LPG,Non-electrified,1
2015,BOX ELDER,2,Motorcycle - Standard,FLEXIBLE,Flex Fuel,Non-electrified,3
2015,BOX ELDER,2,Motorcycle - Standard,GASOLINE,Gasoline,Non-electrified,1487
2015,BOX ELDER,2,Passenger - Low Speed,ELECTRIC,BEV,BEV,1
2015,BOX ELDER,2,Passenger - Low Speed,GASOLINE,Gasoline,Non-electrified,1
2015,BOX ELDER,2,Passenger - Standard,ELECTRIC,BEV,BEV,4
2015,BOX ELDER,2,Passenger - Standard,CONVERTED,Converted,Non-electrified,125
2015,BOX ELDER,2,Passenger - Standard,DIESEL,Diesel,Non-electrified,208
2015,BOX ELDER,2,Passenger - Standard,FLEXIBLE,Flex Fuel,Non-electrified,1408
2015,BOX ELDER,2,Passenger - Standard,GASOLINE,Gasoline,Non-electrified,25886
2015,BOX ELDER,2,Passenger - Standard,HYBRID,Hybrid,Hybrid,294
2015,BOX ELDER,2,Passenger - Standard,NATURAL GAS,Natural Gas,Non-electrified,74
2015,CACHE,3,Heavy Truck,ELECTRIC,BEV,BEV,1
2015,CACHE,3,Heavy Truck,CONVERTED,Converted,Non-electrified,1
2015,CACHE,3,Heavy Truck,DIESEL,Diesel,Non-electrified,2453
2015,CACHE,3,Heavy Truck,FLEXIBLE,Flex Fuel,Non-electrified,18
2015,CACHE,3,Heavy Truck,GASOLINE,Gasoline,Non-electrified,494
2015,CACHE,3,Heavy Truck,NATURAL GAS,Natural Gas,Non-electrified,11
2015,CACHE,3,Heavy Truck,PROPANE,Propane/LPG,Non-electrified,4
2015,CACHE,3,Light Truck,CONVERTED,Converted,Non-electrified,82
2015,CACHE,3,Light Truck,DIESEL,Diesel,Non-electrified,3895
2015,CACHE,3,Light Truck,FLEXIBLE,Flex Fuel,Non-electrified,2363
2015,CACHE,3,Light Truck,GASOLINE,Gasoline,Non-electrified,21251
2015,CACHE,3,Light Truck,HYBRID,Hybrid,Hybrid,25
2015,CACHE,3,Light Truck,NATURAL GAS,Natural Gas,Non-electrified,25
2015,CACHE,3,Motorcycle - Standard,ELECTRIC,BEV,BEV,1
2015,CACHE,3,Motorcycle - Standard,FLEXIBLE,Flex Fuel,Non-electrified,4
2015,CACHE,3,Motorcycle - Standard,GASOLINE,Gasoline,Non-electrified,3150
2015,CACHE,3,Passenger - Low Speed,ELECTRIC,BEV,BEV,3
2015,CACHE,3,Passenger - Low Speed,GASOLINE,Gasoline,Non-electrified,1
2015,CACHE,3,Passenger - Standard,ELECTRIC,BEV,BEV,23
2015,CACHE,3,Passenger - Standard,CONVERTED,Converted,Non-electrified,128
2015,CACHE,3,Passenger - Standard,DIESEL,Diesel,Non-electrified,316
2015,CACHE,3,Passenger - Standard,FLEXIBLE,Flex Fuel,Non-electrified,2046
2015,CACHE,3,Passenger - Standard,GASOLINE,Gasoline,Non-electrified,47652
2015,CACHE,3,Passenger - Standard,HYBRID,Hybrid,Hybrid,831
2015,CACHE,3,Passenger - Standard,NATURAL GAS,Natural Gas,Non-electrified,98
2015,CARBON,4,Heavy Truck,ELECTRIC,BEV,BEV,1
2015,CARBON,4,Heavy Truck,CONVERTED,Converted,Non-electrified,1
2015,CARBON,4,Heavy Truck,DIESEL,Diesel,Non-electrified,672
2015,CARBON,4,Heavy Truck,FLEXIBLE,Flex Fuel,Non-electrified,6
2015,CARBON,4,Heavy Truck,GASOLINE,Gasoline,Non-electrified,181
2015,CARBON,4,Heavy Truck,PROPANE,Propane/LPG,Non-electrified,1
2015,CARBON,4,Light Truck,CONVERTED,Converted,Non-electrified,17
2015,CARBON,4,Light Truck,DIESEL,Diesel,Non-electrified,1691
2015,CARBON,4,Light Truck,FLEXIBLE,Flex Fuel,Non-electrified,851
2015,CARBON,4,Light Truck,GASOLINE,Gasoline,Non-electrified,6404
2015,CARBON,4,Light Truck,HYBRID,Hybrid,Hybrid,5
2015,CARBON,4,Light Truck,NATURAL GAS,Natural Gas,Non-electrified,10
2015,CARBON,4,Light Truck,PROPANE,Propane/LPG,Non-electrified,1
2015,CARBON,4,Motorcycle - Standard,GASOLINE,Gasoline,Non-electrified,634
2015,CARBON,4,Passenger - Standard,CONVERTED,Converted,Non-electrified,20
2015,CARBON,4,Passenger - Standard,DIESEL,Diesel,Non-electrified,64
2015,CARBON,4,Passenger - Standard,FLEXIBLE,Flex Fuel,Non-electrified,767
2015,CARBON,4,Passenger - Standard,GASOLINE,Gasoline,Non-electrified,9368
2015,CARBON,4,Passenger - Standard,HYBRID,Hybrid,Hybrid,86
2015,CARBON,4,Passenger - Standard,NATURAL GAS,Natural Gas,Non-electrified,8
2015,DAGGETT,5,Heavy Truck,DIESEL,Diesel,Non-electrified,44
2015,DAGGETT,5,Heavy Truck,FLEXIBLE,Flex Fuel,Non-electrified,1
2015,DAGGETT,5,Heavy Truck,GASOLINE,Gasoline,Non-electrified,18
2015,DAGGETT,5,Light Truck,CONVERTED,Converted,Non-electrified,2
2015,DAGGETT,5,Light Truck,DIESEL,Diesel,Non-electrified,246
2015,DAGGETT,5,Light Truck,FLEXIBLE,Flex Fuel,Non-electrified,66
2015,DAGGETT,5,Light Truck,GASOLINE,Gasoline,Non-electrified,558
2015,DAGGETT,5,Motorcycle - Standard,GASOLINE,Gasoline,Non-electrified,22
2015,DAGGETT,5,Passenger - Low Speed,GASOLINE,Gasoline,Non-electrified,1
2015,DAGGETT,5,Passenger - Standard,ELECTRIC,BEV,BEV,1
2015,DAGGETT,5,Passenger - Standard,DIESEL,Diesel,Non-electrified,7
2015,DAGGETT,5,Passenger - Standard,FLEXIBLE,Flex Fuel,Non-electrified,44
2015,DAGGETT,5,Passenger - Standard,GASOLINE,Gasoline,Non-electrified,583
2015,DAGGETT,5,Passenger - Standard,HYBRID,Hybrid,Hybrid,9
2015,DAGGETT,5,Passenger - Standard,NATURAL GAS,Natural Gas,Non-electrified,1
2015,DAVIS,6,Heavy Truck,CONVERTED,Converted,Non-electrified,3
2015,DAVIS,6,Heavy Truck,DIESEL,Diesel,Non-electrified,2933
2015,DAVIS,6,Heavy Truck,FLEXIBLE,Flex Fuel,Non-electrified,71
2015,DAVIS,6,Heavy Truck,GASOLINE,Gasoline,Non-electrified,1056
2015,DAVIS,6,Heavy Truck,HYBRID,Hybrid,Hybrid,1
2015,DAVIS,6,Heavy Truck,PROPANE,Propane/LPG,Non-electrified,2
2015,DAVIS,6,Light Truck,CONVERTED,Converted,Non-electrified,163
2015,DAVIS,6,Light Truck,DIESEL,Diesel,Non-electrified,7815
2015,DAVIS,6,Light Truck,FLEXIBLE,Flex Fuel,Non-electrified,7553
2015,DAVIS,6,Light Truck,GASOLINE,Gasoline,Non-electrified,50260
2015,DAVIS,6,Light Truck,HYBRID,Hybrid,Hybrid,88
2015,DAVIS,6,Light Truck,NATURAL GAS,Natural Gas,Non-electrified,78
2015,DAVIS,6,Motorcycle - Standard,ELECTRIC,BEV,BEV,1
2015,DAVIS,6,Motorcycle - Standard,FLEXIBLE,Flex Fuel,Non-electrified,7
2015,DAVIS,6,Motorcycle - Standard,GASOLINE,Gasoline,Non-electrified,8521
2015,DAVIS,6,Motorcycle - Standard,HYBRID,Hybrid,Hybrid,1
2015,DAVIS,6,Passenger - Low Speed,GASOLINE,Gasoline,Non-electrified,4
2015,DAVIS,6,Passenger - Standard,ELECTRIC,BEV,BEV,102
2015,DAVIS,6,Passenger - Standard,CONVERTED,Converted,Non-electrified,264
2015,DAVIS,6,Passenger - Standard,DIESEL,Diesel,Non-electrified,1007
2015,DAVIS,6,Passenger - Standard,FLEXIBLE,Flex Fuel,Non-electrified,7125
2015,DAVIS,6,Passenger - Standard,GASOLINE,Gasoline,Non-electrified,147690
2015,DAVIS,6,Passenger - Standard,HYBRID,Hybrid,Hybrid,2650
2015,DAVIS,6,Passenger - Standard,NATURAL GAS,Natural Gas,Non-electrified,388
2015,DAVIS,6,Passenger - Standard,OTHER,Other,Non-electrified,1
2015,DAVIS,6,Passenger - Standard,PROPANE,Propane/LPG,Non-electrified,2
2015,DUCHESNE,7,Heavy Truck,DIESEL,Diesel,Non-electrified,2224
2015,DUCHESNE,7,Heavy Truck,FLEXIBLE,Flex Fuel,Non-electrified,26
2015,DUCHESNE,7,Heavy Truck,GASOLINE,Gasoline,Non-electrified,226
2015,DUCHESNE,7,Heavy Truck,PROPANE,Propane/LPG,Non-electrified,3
2015,DUCHESNE,7,Light Truck,CONVERTED,Converted,Non-electrified,17
2015,DUCHESNE,7,Light Truck,DIESEL,Diesel,Non-electrified,3138
2015,DUCHESNE,7,Light Truck,FLEXIBLE,Flex Fuel,Non-electrified,1623
2015,DUCHESNE,7,Light Truck,GASOLINE,Gasoline,Non-electrified,7723
2015,DUCHESNE,7,Light Truck,HYBRID,Hybrid,Hybrid,1
2015,DUCHESNE,7,Light Truck,NATURAL GAS,Natural Gas,Non-electrified,4
2015,DUCHESNE,7,Light Truck,PROPANE,Propane/LPG,Non-electrified,1
2015,DUCHESNE,7,Motorcycle - Standard,GASOLINE,Gasoline,Non-electrified,626
2015,DUCHESNE,7,Passenger - Standard,CONVERTED,Converted,Non-electrified,13
2015,DUCHESNE,7,Passenger - Standard,DIESEL,Diesel,Non-electrified,63
2015,DUCHESNE,7,Passenger - Standard,FLEXIBLE,Flex Fuel,Non-electrified,803
2015,DUCHESNE,7,Passenger - Standard,GASOLINE,Gasoline,Non-electrified,7591
2015,DUCHESNE,7,Passenger - Standard,HYBRID,Hybrid,Hybrid,59
2015,DUCHESNE,7,Passenger - Standard,NATURAL GAS,Natural Gas,Non-electrified,2
2015,EMERY,8,Heavy Truck,DIESEL,Diesel,Non-electrified,442
2015,EMERY,8,Heavy Truck,FLEXIBLE,Flex Fuel,Non-electrified,2
2015,EMERY,8,Heavy Truck,GASOLINE,Gasoline,Non-electrified,74
2015,EMERY,8,Light Truck,CONVERTED,Converted,Non-electrified,12
2015,EMERY,8,Light Truck,DIESEL,Diesel,Non-electrified,1373
2015,EMERY,8,Light Truck,FLEXIBLE,Flex Fuel,Non-electrified,380
2015,EMERY,8,Light Truck,GASOLINE,Gasoline,Non-electrified,3340
2015,EMERY,8,Light Truck,NATURAL GAS,Natural Gas,Non-electrified,3
2015,EMERY,8,Motorcycle - Standard,FLEXIBLE,Flex Fuel,Non-electrified,1
2015,EMERY,8,Motorcycle - Standard,GASOLINE,Gasoline,Non-electrified,229
2015,EMERY,8,Passenger - Low Speed,ELECTRIC,BEV,BEV,1
2015,EMERY,8,Passenger - Standard,CONVERTED,Converted,Non-electrified,12
2015,EMERY,8,Passenger - Standard,DIESEL,Diesel,Non-electrified,46
2015,EMERY,8,Passenger - Standard,FLEXIBLE,Flex Fuel,Non-electrified,381
2015,EMERY,8,Passenger - Standard,GASOLINE,Gasoline,Non-electrified,4637
2015,EMERY,8,Passenger - Standard,HYBRID,Hybrid,Hybrid,49
2015,EMERY,8,Passenger - Standard,NATURAL GAS,Natural Gas,Non-electrified,5
2015,GARFIELD,9,Heavy Truck,DIESEL,Diesel,Non-electrified,205
2015,GARFIELD,9,Heavy Truck,GASOLINE,Gasoline,Non-electrified,31
2015,GARFIELD,9,Light Truck,CONVERTED,Converted,Non-electrified,6
2015,GARFIELD,9,Light Truck,DIESEL,Diesel,Non-electrified,640
2015,GARFIELD,9,Light Truck,FLEXIBLE,Flex Fuel,Non-electrified,197
2015,GARFIELD,9,Light Truck,GASOLINE,Gasoline,Non-electrified,1827
2015,GARFIELD,9,Light Truck,HYBRID,Hybrid,Hybrid,1
2015,GARFIELD,9,Motorcycle - Standard,GASOLINE,Gasoline,Non-electrified,110
2015,GARFIELD,9,Passenger - Standard,CONVERTED,Converted,Non-electrified,6
2015,GARFIELD,9,Passenger - Standard,DIESEL,Diesel,Non-electrified,32
2015,GARFIELD,9,Passenger - Standard,FLEXIBLE,Flex Fuel,Non-electrified,155
2015,GARFIELD,9,Passenger - Standard,GASOLINE,Gasoline,Non-electrified,2077
2015,GARFIELD,9,Passenger - Standard,HYBRID,Hybrid,Hybrid,27
2015,GARFIELD,9,Passenger - Standard,NATURAL GAS,Natural Gas,Non-electrified,2
2015,GRAND,10,Heavy Truck,DIESEL,Diesel,Non-electrified,274
2015,GRAND,10,Heavy Truck,FLEXIBLE,Flex Fuel,Non-electrified,1
2015,GRAND,10,Heavy Truck,GASOLINE,Gasoline,Non-electrified,67
2015,GRAND,10,Light Truck,CONVERTED,Converted,Non-electrified,6
2015,GRAND,10,Light Truck,DIESEL,Diesel,Non-electrified,757
2015,GRAND,10,Light Truck,FLEXIBLE,Flex Fuel,Non-electrified,463
2015,GRAND,10,Light Truck,GASOLINE,Gasoline,Non-electrified,3647
2015,GRAND,10,Light Truck,HYBRID,Hybrid,Hybrid,1
2015,GRAND,10,Light Truck,NATURAL GAS,Natural Gas,Non-electrified,2
2015,GRAND,10,Motorcycle - Standard,ELECTRIC,BEV,BEV,1
2015,GRAND,10,Motorcycle - Standard,GASOLINE,Gasoline,Non-electrified,502
2015,GRAND,10,Passenger - Low Speed,ELECTRIC,BEV,BEV,1
2015,GRAND,10,Passenger - Standard,CONVERTED,Converted,Non-electrified,5
2015,GRAND,10,Passenger - Standard,DIESEL,Diesel,Non-electrified,68
2015,GRAND,10,Passenger - Standard,FLEXIBLE,Flex Fuel,Non-electrified,208
2015,GRAND,10,Passenger - Standard,GASOLINE,Gasoline,Non-electrified,4660
2015,GRAND,10,Passenger - Standard,HYBRID,Hybrid,Hybrid,119
2015,GRAND,10,Passenger - Standard,NATURAL GAS,Natural Gas,Non-electrified,3
2015,IRON,11,Heavy Truck,CONVERTED,Converted,Non-electrified,1
2015,IRON,11,Heavy Truck,DIESEL,Diesel,Non-electrified,983
2015,IRON,11,Heavy Truck,FLEXIBLE,Flex Fuel,Non-electrified,7
2015,IRON,11,Heavy Truck,GASOLINE,Gasoline,Non-electrified,207
2015,IRON,11,Heavy Truck,NATURAL GAS,Natural Gas,Non-electrified,3
2015,IRON,11,Heavy Truck,PROPANE,Propane/LPG,Non-electrified,9
2015,IRON,11,Light Truck,CONVERTED,Converted,Non-electrified,45
2015,IRON,11,Light Truck,DIESEL,Diesel,Non-electrified,2695
2015,IRON,11,Light Truck,FLEXIBLE,Flex Fuel,Non-electrified,1274
2015,IRON,11,Light Truck,GASOLINE,Gasoline,Non-electrified,11288
2015,IRON,11,Light Truck,HYBRID,Hybrid,Hybrid,3
2015,IRON,11,Light Truck,NATURAL GAS,Natural Gas,Non-electrified,25
2015,IRON,11,Light Truck,PROPANE,Propane/LPG,Non-electrified,1
2015,IRON,11,Motorcycle - Standard,FLEXIBLE,Flex Fuel,Non-electrified,1
2015,IRON,11,Motorcycle - Standard,GASOLINE,Gasoline,Non-electrified,1071
2015,IRON,11,Passenger - Low Speed,ELECTRIC,BEV,BEV,2
2015,IRON,11,Passenger - Standard,ELECTRIC,BEV,BEV,1
2015,IRON,11,Passenger - Standard,CONVERTED,Converted,Non-electrified,54
2015,IRON,11,Passenger - Standard,DIESEL,Diesel,Non-electrified,226
2015,IRON,11,Passenger - Standard,FLEXIBLE,Flex Fuel,Non-electrified,929
2015,IRON,11,Passenger - Standard,GASOLINE,Gasoline,Non-electrified,18689
2015,IRON,11,Passenger - Standard,HYBRID,Hybrid,Hybrid,234
2015,IRON,11,Passenger - Standard,NATURAL GAS,Natural Gas,Non-electrified,51
2015,IRON,11,Passenger - Standard,UNKNOWN,Other,Non-electrified,1
2015,JUAB,12,Heavy Truck,CONVERTED,Converted,Non-electrified,1
2015,JUAB,12,Heavy Truck,DIESEL,Diesel,Non-electrified,443
2015,JUAB,12,Heavy Truck,FLEXIBLE,Flex Fuel,Non-electrified,9
2015,JUAB,12,Heavy Truck,GASOLINE,Gasoline,Non-electrified,105
2015,JUAB,12,Light Truck,CONVERTED,Converted,Non-electrified,13
2015,JUAB,12,Light Truck,DIESEL,Diesel,Non-electrified,1117
2015,JUAB,12,Light Truck,FLEXIBLE,Flex Fuel,Non-electrified,260
2015,JUAB,12,Light Truck,GASOLINE,Gasoline,Non-electrified,2793
2015,JUAB,12,Light Truck,HYBRID,Hybrid,Hybrid,1
2015,JUAB,12,Light Truck,NATURAL GAS,Natural Gas,Non-electrified,4
2015,JUAB,12,Motorcycle - Standard,GASOLINE,Gasoline,Non-electrified,244
2015,JUAB,12,Passenger - Standard,CONVERTED,Converted,Non-electrified,28
2015,JUAB,12,Passenger - Standard,DIESEL,Diesel,Non-electrified,49
2015,JUAB,12,Passenger - Standard,FLEXIBLE,Flex Fuel,Non-electrified,326
2015,JUAB,12,Passenger - Standard,GASOLINE,Gasoline,Non-electrified,5030
2015,JUAB,12,Passenger - Standard,HYBRID,Hybrid,Hybrid,52
2015,JUAB,12,Passenger - Standard,NATURAL GAS,Natural Gas,Non-electrified,9
2015,KANE,13,Heavy Truck,DIESEL,Diesel,Non-electrified,271
2015,KANE,13,Heavy Truck,GASOLINE,Gasoline,Non-electrified,53
2015,KANE,13,Light Truck,CONVERTED,Converted,Non-electrified,1
2015,KANE,13,Light Truck,DIESEL,Diesel,Non-electrified,668
2015,KANE,13,Light Truck,FLEXIBLE,Flex Fuel,Non-electrified,233
2015,KANE,13,Light Truck,GASOLINE,Gasoline,Non-electrified,2640
2015,KANE,13,Light Truck,HYBRID,Hybrid,Hybrid,1
2015,KANE,13,Light Truck,NATURAL GAS,Natural Gas,Non-electrified,1
2015,KANE,13,Light Truck,PROPANE,Propane/LPG,Non-electrified,1
2015,KANE,13,Motorcycle - Standard,GASOLINE,Gasoline,Non-electrified,248
2015,KANE,13,Passenger - Low Speed,ELECTRIC,BEV,BEV,3
2015,KANE,13,Passenger - Standard,CONVERTED,Converted,Non-electrified,1
2015,KANE,13,Passenger - Standard,DIESEL,Diesel,Non-electrified,76
2015,KANE,13,Passenger - Standard,FLEXIBLE,Flex Fuel,Non-electrified,185
2015,KANE,13,Passenger - Standard,GASOLINE,Gasoline,Non-electrified,2966
2015,KANE,13,Passenger - Standard,HYBRID,Hybrid,Hybrid,46
2015,MILLARD,14,Heavy Truck,DIESEL,Diesel,Non-electrified,563
2015,MILLARD,14,Heavy Truck,FLEXIBLE,Flex Fuel,Non-electrified,3
2015,MILLARD,14,Heavy Truck,GASOLINE,Gasoline,Non-electrified,73
2015,MILLARD,14,Heavy Truck,PROPANE,Propane/LPG,Non-electrified,2
2015,MILLARD,14,Light Truck,CONVERTED,Converted,Non-electrified,12
2015,MILLARD,14,Light Truck,DIESEL,Diesel,Non-electrified,1292
2015,MILLARD,14,Light Truck,FLEXIBLE,Flex Fuel,Non-electrified,471
2015,MILLARD,14,Light Truck,GASOLINE,Gasoline,Non-electrified,3755
2015,MILLARD,14,Light Truck,NATURAL GAS,Natural Gas,Non-electrified,6
2015,MILLARD,14,Motorcycle - Standard,GASOLINE,Gasoline,Non-electrified,274
2015,MILLARD,14,Passenger - Standard,CONVERTED,Converted,Non-electrified,23
2015,MILLARD,14,Passenger - Standard,DIESEL,Diesel,Non-electrified,84
2015,MILLARD,14,Passenger - Standard,FLEXIBLE,Flex Fuel,Non-electrified,415
2015,MILLARD,14,Passenger - Standard,GASOLINE,Gasoline,Non-electrified,6013
2015,MILLARD,14,Passenger - Standard,HYBRID,Hybrid,Hybrid,48
2015,MILLARD,14,Passenger - Standard,NATURAL GAS,Natural Gas,Non-electrified,10
2015,MORGAN,15,Heavy Truck,CONVERTED,Converted,Non-electrified,1
2015,MORGAN,15,Heavy Truck,DIESEL,Diesel,Non-electrified,324
2015,MORGAN,15,Heavy Truck,FLEXIBLE,Flex Fuel,Non-electrified,2
2015,MORGAN,15,Heavy Truck,GASOLINE,Gasoline,Non-electrified,88
2015,MORGAN,15,Light Truck,CONVERTED,Converted,Non-electrified,14
2015,MORGAN,15,Light Truck,DIESEL,Diesel,Non-electrified,1030
2015,MORGAN,15,Light Truck,FLEXIBLE,Flex Fuel,Non-electrified,328
2015,MORGAN,15,Light Truck,GASOLINE,Gasoline,Non-electrified,2596
2015,MORGAN,15,Light Truck,HYBRID,Hybrid,Hybrid,3
2015,MORGAN,15,Light Truck,NATURAL GAS,Natural Gas,Non-electrified,9
2015,MORGAN,15,Motorcycle - Standard,GASOLINE,Gasoline,Non-electrified,337
2015,MORGAN,15,Passenger - Standard,ELECTRIC,BEV,BEV,3
2015,MORGAN,15,Passenger - Standard,CONVERTED,Converted,Non-electrified,27
2015,MORGAN,15,Passenger - Standard,DIESEL,Diesel,Non-electrified,67
2015,MORGAN,15,Passenger - Standard,FLEXIBLE,Flex Fuel,Non-electrified,318
2015,MORGAN,15,Passenger - Standard,GASOLINE,Gasoline,Non-electrified,5628
2015,MORGAN,15,Passenger - Standard,HYBRID,Hybrid,Hybrid,101
2015,MORGAN,15,Passenger - Standard,NATURAL GAS,Natural Gas,Non-electrified,18
2015,OUT OF STATE,99,Heavy Truck,CONVERTED,Converted,Non-electrified,1
2015,OUT OF STATE,99,Heavy Truck,DIESEL,Diesel,Non-electrified,521
2015,OUT OF STATE,99,Heavy Truck,GASOLINE,Gasoline,Non-electrified,11
2015,OUT OF STATE,99,Heavy Truck,NATURAL GAS,Natural Gas,Non-electrified,10
2015,OUT OF STATE,99,Light Truck,DIESEL,Diesel,Non-electrified,67
2015,OUT OF STATE,99,Light Truck,FLEXIBLE,Flex Fuel,Non-electrified,97
2015,OUT OF STATE,99,Light Truck,GASOLINE,Gasoline,Non-electrified,421
2015,OUT OF STATE,99,Light Truck,NATURAL GAS,Natural Gas,Non-electrified,2
2015,OUT OF STATE,99,Light Truck,PROPANE,Propane/LPG,Non-electrified,1
2015,OUT OF STATE,99,Motorcycle - Standard,GASOLINE,Gasoline,Non-electrified,54
2015,OUT OF STATE,99,Passenger - Standard,ELECTRIC,BEV,BEV,3
2015,OUT OF STATE,99,Passenger - Standard,DIESEL,Diesel,Non-electrified,14
2015,OUT OF STATE,99,Passenger - Standard,FLEXIBLE,Flex Fuel,Non-electrified,35
2015,OUT OF STATE,99,Passenger - Standard,GASOLINE,Gasoline,Non-electrified,754
2015,OUT OF STATE,99,Passenger - Standard,HYBRID,Hybrid,Hybrid,27
2015,OUT OF STATE,99,Passenger - Standard,NATURAL GAS,Natural Gas,Non-electrified,2
2015,PIUTE,16,Heavy Truck,DIESEL,Diesel,Non-electrified,90
2015,PIUTE,16,Heavy Truck,GASOLINE,Gasoline,Non-electrified,8
2015,PIUTE,16,Light Truck,CONVERTED,Converted,Non-electrified,2
2015,PIUTE,16,Light Truck,DIESEL,Diesel,Non-electrified,221
2015,PIUTE,16,Light Truck,FLEXIBLE,Flex Fuel,Non-electrified,46
2015,PIUTE,16,Light Truck,GASOLINE,Gasoline,Non-electrified,497
2015,PIUTE,16,Light Truck,NATURAL GAS,Natural Gas,Non-electrified,1
2015,PIUTE,16,Motorcycle - Standard,GASOLINE,Gasoline,Non-electrified,23
2015,PIUTE,16,Passenger - Standard,CONVERTED,Converted,Non-electrified,2
2015,PIUTE,16,Passenger - Standard,DIESEL,Diesel,Non-electrified,7
2015,PIUTE,16,Passenger - Standard,FLEXIBLE,Flex Fuel,Non-electrified,35
2015,PIUTE,16,Passenger - Standard,GASOLINE,Gasoline,Non-electrified,748
2015,PIUTE,16,Passenger - Standard,HYBRID,Hybrid,Hybrid,5
2015,RICH,17,Heavy Truck,DIESEL,Diesel,Non-electrified,99
2015,RICH,17,Heavy Truck,GASOLINE,Gasoline,Non-electrified,15
2015,RICH,17,Light Truck,CONVERTED,Converted,Non-electrified,1
2015,RICH,17,Light Truck,DIESEL,Diesel,Non-electrified,386
2015,RICH,17,Light Truck,FLEXIBLE,Flex Fuel,Non-electrified,86
2015,RICH,17,Light Truck,GASOLINE,Gasoline,Non-electrified,855
2015,RICH,17,Motorcycle - Standard,GASOLINE,Gasoline,Non-electrified,62
2015,RICH,17,Passenger - Low Speed,DIESEL,Diesel,Non-electrified,1
2015,RICH,17,Passenger - Standard,CONVERTED,Converted,Non-electrified,2
2015,RICH,17,Passenger - Standard,DIESEL,Diesel,Non-electrified,6
2015,RICH,17,Passenger - Standard,FLEXIBLE,Flex Fuel,Non-electrified,88
2015,RICH,17,Passenger - Standard,GASOLINE,Gasoline,Non-electrified,1130
2015,RICH,17,Passenger - Standard,HYBRID,Hybrid,Hybrid,12
2015,RICH,17,Passenger - Standard,NATURAL GAS,Natural Gas,Non-electrified,2
2015,SALT LAKE,18,Heavy Truck,ELECTRIC,BEV,BEV,2
2015,SALT LAKE,18,Heavy Truck,CONVERTED,Converted,Non-electrified,35
2015,SALT LAKE,18,Heavy Truck,DIESEL,Diesel,Non-electrified,19964
2015,SALT LAKE,18,Heavy Truck,FLEXIBLE,Flex Fuel,Non-electrified,339
2015,SALT LAKE,18,Heavy Truck,GASOLINE,Gasoline,Non-electrified,3963
2015,SALT LAKE,18,Heavy Truck,NATURAL GAS,Natural Gas,Non-electrified,273
2015,SALT LAKE,18,Heavy Truck,PROPANE,Propane/LPG,Non-electrified,21
2015,SALT LAKE,18,Light Truck,ELECTRIC,BEV,BEV,4
2015,SALT LAKE,18,Light Truck,CONVERTED,Converted,Non-electrified,540
2015,SALT LAKE,18,Light Truck,DIESEL,Diesel,Non-electrified,26873
2015,SALT LAKE,18,Light Truck,FLEXIBLE,Flex Fuel,Non-electrified,26752
2015,SALT LAKE,18,Light Truck,GASOLINE,Gasoline,Non-electrified,175005
2015,SALT LAKE,18,Light Truck,HYBRID,Hybrid,Hybrid,394
2015,SALT LAKE,18,Light Truck,NATURAL GAS,Natural Gas,Non-electrified,452
2015,SALT LAKE,18,Light Truck,OTHER,Other,Non-electrified,1
2015,SALT LAKE,18,Light Truck,PROPANE,Propane/LPG,Non-electrified,7
2015,SALT LAKE,18,Motorcycle - Standard,ELECTRIC,BEV,BEV,23
2015,SALT LAKE,18,Motorcycle - Standard,CONVERTED,Converted,Non-electrified,1
2015,SALT LAKE,18,Motorcycle - Standard,FLEXIBLE,Flex Fuel,Non-electrified,19
2015,SALT LAKE,18,Motorcycle - Standard,GASOLINE,Gasoline,Non-electrified,25716
2015,SALT LAKE,18,Motorcycle - Standard,HYBRID,Hybrid,Hybrid,3
2015,SALT LAKE,18,Motorcycle - Standard,NATURAL GAS,Natural Gas,Non-electrified,1
2015,SALT LAKE,18,Motorcycle - Standard,OTHER,Other,Non-electrified,1
2015,SALT LAKE,18,Passenger - Low Speed,ELECTRIC,BEV,BEV,15
2015,SALT LAKE,18,Passenger - Low Speed,GASOLINE,Gasoline,Non-electrified,18
2015,SALT LAKE,18,Passenger - Standard,ELECTRIC,BEV,BEV,595
2015,SALT LAKE,18,Passenger - Standard,CONVERTED,Converted,Non-electrified,659
2015,SALT LAKE,18,Passenger - Standard,DIESEL,Diesel,Non-electrified,3612
2015,SALT LAKE,18,Passenger - Standard,FLEXIBLE,Flex Fuel,Non-electrified,23333
2015,SALT LAKE,18,Passenger - Standard,GASOLINE,Gasoline,Non-electrified,503985
2015,SALT LAKE,18,Passenger - Standard,HYBRID,Hybrid,Hybrid,11319
2015,SALT LAKE,18,Passenger - Standard,NATURAL GAS,Natural Gas,Non-electrified,722
2015,SALT LAKE,18,Passenger - Standard,OTHER,Other,Non-electrified,1
2015,SALT LAKE,18,Passenger - Standard,UNKNOWN,Other,Non-electrified,12
2015,SALT LAKE,18,Passenger - Standard,PROPANE,Propane/LPG,Non-electrified,1
2015,SAN JUAN,19,Heavy Truck,DIESEL,Diesel,Non-electrified,416
2015,SAN JUAN,19,Heavy Truck,GASOLINE,Gasoline,Non-electrified,33
2015,SAN JUAN,19,Light Truck,CONVERTED,Converted,Non-electrified,6
2015,SAN JUAN,19,Light Truck,DIESEL,Diesel,Non-electrified,797
2015,SAN JUAN,19,Light Truck,FLEXIBLE,Flex Fuel,Non-electrified,518
2015,SAN JUAN,19,Light Truck,GASOLINE,Gasoline,Non-electrified,3062
2015,SAN JUAN,19,Light Truck,HYBRID,Hybrid,Hybrid,2
2015,SAN JUAN,19,Light Truck,NATURAL GAS,Natural Gas,Non-electrified,1
2015,SAN JUAN,19,Motorcycle - Standard,GASOLINE,Gasoline,Non-electrified,268
2015,SAN JUAN,19,Passenger - Low Speed,GASOLINE,Gasoline,Non-electrified,1
2015,SAN JUAN,19,Passenger - Standard,CONVERTED,Converted,Non-electrified,4
2015,SAN JUAN,19,Passenger - Standard,DIESEL,Diesel,Non-electrified,27
2015,SAN JUAN,19,Passenger - Standard,FLEXIBLE,Flex Fuel,Non-electrified,304
2015,SAN JUAN,19,Passenger - Standard,GASOLINE,Gasoline,Non-electrified,3645
2015,SAN JUAN,19,Passenger - Standard,HYBRID,Hybrid,Hybrid,52
2015,SANPETE,20,Heavy Truck,DIESEL,Diesel,Non-electrified,869
2015,SANPETE,20,Heavy Truck,FLEXIBLE,Flex Fuel,Non-electrified,4
2015,SANPETE,20,Heavy Truck,GASOLINE,Gasoline,Non-electrified,170
2015,SANPETE,20,Heavy Truck,NATURAL GAS,Natural Gas,Non-electrified,1
2015,SANPETE,20,Heavy Truck,PROPANE,Propane/LPG,Non-electrified,1
2015,SANPETE,20,Light Truck,CONVERTED,Converted,Non-electrified,29
2015,SANPETE,20,Light Truck,DIESEL,Diesel,Non-electrified,2040
2015,SANPETE,20,Light Truck,FLEXIBLE,Flex Fuel,Non-electrified,653
2015,SANPETE,20,Light Truck,GASOLINE,Gasoline,Non-electrified,7663
2015,SANPETE,20,Light Truck,HYBRID,Hybrid,Hybrid,1
2015,SANPETE,20,Light Truck,NATURAL GAS,Natural Gas,Non-electrified,8
2015,SANPETE,20,Light Truck,PROPANE,Propane/LPG,Non-electrified,3
2015,SANPETE,20,Motorcycle - Standard,GASOLINE,Gasoline,Non-electrified,460
2015,SANPETE,20,Passenger - Standard,CONVERTED,Converted,Non-electrified,39
2015,SANPETE,20,Passenger - Standard,DIESEL,Diesel,Non-electrified,114
2015,SANPETE,20,Passenger - Standard,FLEXIBLE,Flex Fuel,Non-electrified,682
2015,SANPETE,20,Passenger - Standard,GASOLINE,Gasoline,Non-electrified,11713
2015,SANPETE,20,Passenger - Standard,HYBRID,Hybrid,Hybrid,98
2015,SANPETE,20,Passenger - Standard,NATURAL GAS,Natural Gas,Non-electrified,18
2015,SANPETE,20,Passenger - Standard,UNKNOWN,Other,Non-electrified,1
2015,SEVIER,21,Heavy Truck,DIESEL,Diesel,Non-electrified,1468
2015,SEVIER,21,Heavy Truck,FLEXIBLE,Flex Fuel,Non-electrified,6
2015,SEVIER,21,Heavy Truck,GASOLINE,Gasoline,Non-electrified,98
2015,SEVIER,21,Heavy Truck,NATURAL GAS,Natural Gas,Non-electrified,2
2015,SEVIER,21,Light Truck,CONVERTED,Converted,Non-electrified,20
2015,SEVIER,21,Light Truck,DIESEL,Diesel,Non-electrified,1957
2015,SEVIER,21,Light Truck,FLEXIBLE,Flex Fuel,Non-electrified,728
2015,SEVIER,21,Light Truck,GASOLINE,Gasoline,Non-electrified,6378
2015,SEVIER,21,Light Truck,HYBRID,Hybrid,Hybrid,2
2015,SEVIER,21,Light Truck,NATURAL GAS,Natural Gas,Non-electrified,4
2015,SEVIER,21,Motorcycle - Standard,GASOLINE,Gasoline,Non-electrified,458
2015,SEVIER,21,Passenger - Standard,ELECTRIC,BEV,BEV,1
2015,SEVIER,21,Passenger - Standard,CONVERTED,Converted,Non-electrified,37
2015,SEVIER,21,Passenger - Standard,DIESEL,Diesel,Non-electrified,62
2015,SEVIER,21,Passenger - Standard,FLEXIBLE,Flex Fuel,Non-electrified,586
2015,SEVIER,21,Passenger - Standard,GASOLINE,Gasoline,Non-electrified,8998
2015,SEVIER,21,Passenger - Standard,HYBRID,Hybrid,Hybrid,68
2015,SEVIER,21,Passenger - Standard,NATURAL GAS,Natural Gas,Non-electrified,13
2015,SUMMIT,22,Heavy Truck,CONVERTED,Converted,Non-electrified,1
2015,SUMMIT,22,Heavy Truck,DIESEL,Diesel,Non-electrified,902
2015,SUMMIT,22,Heavy Truck,FLEXIBLE,Flex Fuel,Non-electrified,9
2015,SUMMIT,22,Heavy Truck,GASOLINE,Gasoline,Non-electrified,159
2015,SUMMIT,22,Heavy Truck,NATURAL GAS,Natural Gas,Non-electrified,13
2015,SUMMIT,22,Light Truck,CONVERTED,Converted,Non-electrified,25
2015,SUMMIT,22,Light Truck,DIESEL,Diesel,Non-electrified,2510
2015,SUMMIT,22,Light Truck,FLEXIBLE,Flex Fuel,Non-electrified,1902
2015,SUMMIT,22,Light Truck,GASOLINE,Gasoline,Non-electrified,12132
2015,SUMMIT,22,Light Truck,HYBRID,Hybrid,Hybrid,59
2015,SUMMIT,22,Light Truck,NATURAL GAS,Natural Gas,Non-electrified,24
2015,SUMMIT,22,Motorcycle - Standard,ELECTRIC,BEV,BEV,1
2015,SUMMIT,22,Motorcycle - Standard,FLEXIBLE,Flex Fuel,Non-electrified,2
2015,SUMMIT,22,Motorcycle - Standard,GASOLINE,Gasoline,Non-electrified,1589
2015,SUMMIT,22,Passenger - Low Speed,ELECTRIC,BEV,BEV,1
2015,SUMMIT,22,Passenger - Low Speed,GASOLINE,Gasoline,Non-electrified,2
2015,SUMMIT,22,Passenger - Standard,ELECTRIC,BEV,BEV,33
2015,SUMMIT,22,Passenger - Standard,CONVERTED,Converted,Non-electrified,30
2015,SUMMIT,22,Passenger - Standard,DIESEL,Diesel,Non-electrified,589
2015,SUMMIT,22,Passenger - Standard,FLEXIBLE,Flex Fuel,Non-electrified,1314
2015,SUMMIT,22,Passenger - Standard,GASOLINE,Gasoline,Non-electrified,24178
2015,SUMMIT,22,Passenger - Standard,HYBRID,Hybrid,Hybrid,581
2015,SUMMIT,22,Passenger - Standard,NATURAL GAS,Natural Gas,Non-electrified,44
2015,SUMMIT,22,Passenger - Standard,PROPANE,Propane/LPG,Non-electrified,1
2015,TOOELE,23,Heavy Truck,DIESEL,Diesel,Non-electrified,815
2015,TOOELE,23,Heavy Truck,FLEXIBLE,Flex Fuel,Non-electrified,4
2015,TOOELE,23,Heavy Truck,GASOLINE,Gasoline,Non-electrified,242
2015,TOOELE,23,Heavy Truck,NATURAL GAS,Natural Gas,Non-electrified,1
2015,TOOELE,23,Light Truck,CONVERTED,Converted,Non-electrified,26
2015,TOOELE,23,Light Truck,DIESEL,Diesel,Non-electrified,3441
2015,TOOELE,23,Light Truck,FLEXIBLE,Flex Fuel,Non-electrified,1338
2015,TOOELE,23,Light Truck,GASOLINE,Gasoline,Non-electrified,12640
2015,TOOELE,23,Light Truck,HYBRID,Hybrid,Hybrid,2
2015,TOOELE,23,Light Truck,NATURAL GAS,Natural Gas,Non-electrified,11
2015,TOOELE,23,Light Truck,PROPANE,Propane/LPG,Non-electrified,2
2015,TOOELE,23,Motorcycle - Standard,FLEXIBLE,Flex Fuel,Non-electrified,1
2015,TOOELE,23,Motorcycle - Standard,GASOLINE,Gasoline,Non-electrified,1722
2015,TOOELE,23,Passenger - Standard,ELECTRIC,BEV,BEV,10
2015,TOOELE,23,Passenger - Standard,CONVERTED,Converted,Non-electrified,64
2015,TOOELE,23,Passenger - Standard,DIESEL,Diesel,Non-electrified,274
2015,TOOELE,23,Passenger - Standard,FLEXIBLE,Flex Fuel,Non-electrified,1641
2015,TOOELE,23,Passenger - Standard,GASOLINE,Gasoline,Non-electrified,29648
2015,TOOELE,23,Passenger - Standard,HYBRID,Hybrid,Hybrid,356
2015,TOOELE,23,Passenger - Standard,NATURAL GAS,Natural Gas,Non-electrified,35
2015,UINTAH,24,Heavy Truck,CONVERTED,Converted,Non-electrified,3
2015,UINTAH,24,Heavy Truck,DIESEL,Diesel,Non-electrified,2821
2015,UINTAH,24,Heavy Truck,FLEXIBLE,Flex Fuel,Non-electrified,64
2015,UINTAH,24,Heavy Truck,GASOLINE,Gasoline,Non-electrified,407
2015,UINTAH,24,Heavy Truck,NATURAL GAS,Natural Gas,Non-electrified,5
2015,UINTAH,24,Light Truck,CONVERTED,Converted,Non-electrified,31
2015,UINTAH,24,Light Truck,DIESEL,Diesel,Non-electrified,3898
2015,UINTAH,24,Light Truck,FLEXIBLE,Flex Fuel,Non-electrified,2493
2015,UINTAH,24,Light Truck,GASOLINE,Gasoline,Non-electrified,10899
2015,UINTAH,24,Light Truck,HYBRID,Hybrid,Hybrid,9
2015,UINTAH,24,Light Truck,NATURAL GAS,Natural Gas,Non-electrified,2
2015,UINTAH,24,Light Truck,PROPANE,Propane/LPG,Non-electrified,2
2015,UINTAH,24,Motorcycle - Standard,GASOLINE,Gasoline,Non-electrified,1217
2015,UINTAH,24,Passenger - Low Speed,ELECTRIC,BEV,BEV,1
2015,UINTAH,24,Passenger - Low Speed,GASOLINE,Gasoline,Non-electrified,1
2015,UINTAH,24,Passenger - Standard,ELECTRIC,BEV,BEV,2
2015,UINTAH,24,Passenger - Standard,CONVERTED,Converted,Non-electrified,17
2015,UINTAH,24,Passenger - Standard,DIESEL,Diesel,Non-electrified,125
2015,UINTAH,24,Passenger - Standard,FLEXIBLE,Flex Fuel,Non-electrified,1108
2015,UINTAH,24,Passenger - Standard,GASOLINE,Gasoline,Non-electrified,11380
2015,UINTAH,24,Passenger - Standard,HYBRID,Hybrid,Hybrid,90
2015,UINTAH,24,Passenger - Standard,NATURAL GAS,Natural Gas,Non-electrified,6
2015,UTAH,25,Heavy Truck,CONVERTED,Converted,Non-electrified,11
2015,UTAH,25,Heavy Truck,DIESEL,Diesel,Non-electrified,6799
2015,UTAH,25,Heavy Truck,FLEXIBLE,Flex Fuel,Non-electrified,81
2015,UTAH,25,Heavy Truck,GASOLINE,Gasoline,Non-electrified,1247
2015,UTAH,25,Heavy Truck,HYBRID,Hybrid,Hybrid,1
2015,UTAH,25,Heavy Truck,NATURAL GAS,Natural Gas,Non-electrified,18
2015,UTAH,25,Heavy Truck,PROPANE,Propane/LPG,Non-electrified,12
2015,UTAH,25,Light Truck,ELECTRIC,BEV,BEV,1
2015,UTAH,25,Light Truck,CONVERTED,Converted,Non-electrified,309
2015,UTAH,25,Light Truck,DIESEL,Diesel,Non-electrified,14952
2015,UTAH,25,Light Truck,FLEXIBLE,Flex Fuel,Non-electrified,10262
2015,UTAH,25,Light Truck,GASOLINE,Gasoline,Non-electrified,74768
2015,UTAH,25,Light Truck,HYBRID,Hybrid,Hybrid,143
2015,UTAH,25,Light Truck,NATURAL GAS,Natural Gas,Non-electrified,170
2015,UTAH,25,Light Truck,PROPANE,Propane/LPG,Non-electrified,2
2015,UTAH,25,Motorcycle - Standard,ELECTRIC,BEV,BEV,8
2015,UTAH,25,Motorcycle - Standard,FLEXIBLE,Flex Fuel,Non-electrified,12
2015,UTAH,25,Motorcycle - Standard,GASOLINE,Gasoline,Non-electrified,11946
2015,UTAH,25,Motorcycle - Standard,HYBRID,Hybrid,Hybrid,1
2015,UTAH,25,Passenger - Low Speed,ELECTRIC,BEV,BEV,31
2015,UTAH,25,Passenger - Low Speed,GASOLINE,Gasoline,Non-electrified,3
2015,UTAH,25,Passenger - Standard,ELECTRIC,BEV,BEV,164
2015,UTAH,25,Passenger - Standard,CONVERTED,Converted,Non-electrified,433
2015,UTAH,25,Passenger - Standard,DIESEL,Diesel,Non-electrified,1972
2015,UTAH,25,Passenger - Standard,FLEXIBLE,Flex Fuel,Non-electrified,10233
2015,UTAH,25,Passenger - Standard,GASOLINE,Gasoline,Non-electrified,215457
2015,UTAH,25,Passenger - Standard,HYBRID,Hybrid,Hybrid,4025
2015,UTAH,25,Passenger - Standard,NATURAL GAS,Natural Gas,Non-electrified,457
2015,UTAH,25,Passenger - Standard,UNKNOWN,Other,Non-electrified,2
2015,UTAH,25,Passenger - Standard,PROPANE,Propane/LPG,Non-electrified,1
2015,WASATCH,26,Heavy Truck,CONVERTED,Converted,Non-electrified,2
2015,WASATCH,26,Heavy Truck,DIESEL,Diesel,Non-electrified,538
2015,WASATCH,26,Heavy Truck,FLEXIBLE,Flex Fuel,Non-electrified,3
2015,WASATCH,26,Heavy Truck,GASOLINE,Gasoline,Non-electrified,128
2015,WASATCH,26,Heavy Truck,NATURAL GAS,Natural Gas,Non-electrified,2
2015,WASATCH,26,Light Truck,CONVERTED,Converted,Non-electrified,24
2015,WASATCH,26,Light Truck,DIESEL,Diesel,Non-electrified,1761
2015,WASATCH,26,Light Truck,FLEXIBLE,Flex Fuel,Non-electrified,916
2015,WASATCH,26,Light Truck,GASOLINE,Gasoline,Non-electrified,6966
2015,WASATCH,26,Light Truck,HYBRID,Hybrid,Hybrid,15
2015,WASATCH,26,Light Truck,NATURAL GAS,Natural Gas,Non-electrified,8
2015,WASATCH,26,Light Truck,PROPANE,Propane/LPG,Non-electrified,1
2015,WASATCH,26,Motorcycle - Standard,GASOLINE,Gasoline,Non-electrified,925
2015,WASATCH,26,Passenger - Standard,ELECTRIC,BEV,BEV,11
2015,WASATCH,26,Passenger - Standard,CONVERTED,Converted,Non-electrified,33
2015,WASATCH,26,Passenger - Standard,DIESEL,Diesel,Non-electrified,227
2015,WASATCH,26,Passenger - Standard,FLEXIBLE,Flex Fuel,Non-electrified,754
2015,WASATCH,26,Passenger - Standard,GASOLINE,Gasoline,Non-electrified,13129
2015,WASATCH,26,Passenger - Standard,HYBRID,Hybrid,Hybrid,223
2015,WASATCH,26,Passenger - Standard,NATURAL GAS,Natural Gas,Non-electrified,32
2015,WASATCH,26,Passenger - Standard,PROPANE,Propane/LPG,Non-electrified,1
2015,WASHINGTON,27,Heavy Truck,ELECTRIC,BEV,BEV,1
2015,WASHINGTON,27,Heavy Truck,CONVERTED,Converted,Non-electrified,9
2015,WASHINGTON,27,Heavy Truck,DIESEL,Diesel,Non-electrified,3736
2015,WASHINGTON,27,Heavy Truck,FLEXIBLE,Flex Fuel,Non-electrified,19
2015,WASHINGTON,27,Heavy Truck,GASOLINE,Gasoline,Non-electrified,735
2015,WASHINGTON,27,Heavy Truck,NATURAL GAS,Natural Gas,Non-electrified,11
2015,WASHINGTON,27,Heavy Truck,PROPANE,Propane/LPG,Non-electrified,2
2015,WASHINGTON,27,Light Truck,ELECTRIC,BEV,BEV,1
2015,WASHINGTON,27,Light Truck,CONVERTED,Converted,Non-electrified,111
2015,WASHINGTON,27,Light Truck,DIESEL,Diesel,Non-electrified,7097
2015,WASHINGTON,27,Light Truck,FLEXIBLE,Flex Fuel,Non-electrified,3910
2015,WASHINGTON,27,Light Truck,GASOLINE,Gasoline,Non-electrified,32237
2015,WASHINGTON,27,Light Truck,HYBRID,Hybrid,Hybrid,49
2015,WASHINGTON,27,Light Truck,NATURAL GAS,Natural Gas,Non-electrified,164
2015,WASHINGTON,27,Light Truck,PROPANE,Propane/LPG,Non-electrified,3
2015,WASHINGTON,27,Motorcycle - Standard,GASOLINE,Gasoline,Non-electrified,4862
2015,WASHINGTON,27,Motorcycle - Standard,OTHER,Other,Non-electrified,1
2015,WASHINGTON,27,Passenger - Low Speed,ELECTRIC,BEV,BEV,10
2015,WASHINGTON,27,Passenger - Low Speed,GASOLINE,Gasoline,Non-electrified,2
2015,WASHINGTON,27,Passenger - Standard,ELECTRIC,BEV,BEV,22
2015,WASHINGTON,27,Passenger - Standard,CONVERTED,Converted,Non-electrified,132
2015,WASHINGTON,27,Passenger - Standard,DIESEL,Diesel,Non-electrified,799
2015,WASHINGTON,27,Passenger - Standard,FLEXIBLE,Flex Fuel,Non-electrified,2770
2015,WASHINGTON,27,Passenger - Standard,GASOLINE,Gasoline,Non-electrified,68641
2015,WASHINGTON,27,Passenger - Standard,HYBRID,Hybrid,Hybrid,1816
2015,WASHINGTON,27,Passenger - Standard,NATURAL GAS,Natural Gas,Non-electrified,172
2015,WASHINGTON,27,Passenger - Standard,OTHER,Other,Non-electrified,1
2015,WASHINGTON,27,Passenger - Standard,UNKNOWN,Other,Non-electrified,2
2015,WAYNE,28,Heavy Truck,DIESEL,Diesel,Non-electrified,167
2015,WAYNE,28,Heavy Truck,FLEXIBLE,Flex Fuel,Non-electrified,9
2015,WAYNE,28,Heavy Truck,GASOLINE,Gasoline,Non-electrified,23
2015,WAYNE,28,Heavy Truck,PROPANE,Propane/LPG,Non-electrified,1
2015,WAYNE,28,Light Truck,CONVERTED,Converted,Non-electrified,4
2015,WAYNE,28,Light Truck,DIESEL,Diesel,Non-electrified,424
2015,WAYNE,28,Light Truck,FLEXIBLE,Flex Fuel,Non-electrified,90
2015,WAYNE,28,Light Truck,GASOLINE,Gasoline,Non-electrified,1093
2015,WAYNE,28,Motorcycle - Standard,GASOLINE,Gasoline,Non-electrified,93
2015,WAYNE,28,Passenger - Low Speed,GASOLINE,Gasoline,Non-electrified,1
2015,WAYNE,28,Passenger - Standard,CONVERTED,Converted,Non-electrified,4
2015,WAYNE,28,Passenger - Standard,DIESEL,Diesel,Non-electrified,18
2015,WAYNE,28,Passenger - Standard,FLEXIBLE,Flex Fuel,Non-electrified,92
2015,WAYNE,28,Passenger - Standard,GASOLINE,Gasoline,Non-electrified,1191
2015,WAYNE,28,Passenger - Standard,HYBRID,Hybrid,Hybrid,21
2015,WEBER,29,Heavy Truck,ELECTRIC,BEV,BEV,1
2015,WEBER,29,Heavy Truck,CONVERTED,Converted,Non-electrified,3
2015,WEBER,29,Heavy Truck,DIESEL,Diesel,Non-electrified,3987
2015,WEBER,29,Heavy Truck,FLEXIBLE,Flex Fuel,Non-electrified,28
2015,WEBER,29,Heavy Truck,GASOLINE,Gasoline,Non-electrified,915
2015,WEBER,29,Heavy Truck,NATURAL GAS,Natural Gas,Non-electrified,23
2015,WEBER,29,Heavy Truck,PROPANE,Propane/LPG,Non-electrified,4
2015,WEBER,29,Light Truck,CONVERTED,Converted,Non-electrified,141
2015,WEBER,29,Light Truck,DIESEL,Diesel,Non-electrified,10553
2015,WEBER,29,Light Truck,FLEXIBLE,Flex Fuel,Non-electrified,5139
2015,WEBER,29,Light Truck,GASOLINE,Gasoline,Non-electrified,41481
2015,WEBER,29,Light Truck,HYBRID,Hybrid,Hybrid,52
2015,WEBER,29,Light Truck,NATURAL GAS,Natural Gas,Non-electrified,57
2015,WEBER,29,Light Truck,PROPANE,Propane/LPG,Non-electrified,2
2015,WEBER,29,Motorcycle - Standard,FLEXIBLE,Flex Fuel,Non-electrified,3
2015,WEBER,29,Motorcycle - Standard,GASOLINE,Gasoline,Non-electrified,6550
2015,WEBER,29,Passenger - Low Speed,ELECTRIC,BEV,BEV,3
2015,WEBER,29,Passenger - Low Speed,DIESEL,Diesel,Non-electrified,1
2015,WEBER,29,Passenger - Low Speed,GASOLINE,Gasoline,Non-electrified,4
2015,WEBER,29,Passenger - Standard,ELECTRIC,BEV,BEV,35
2015,WEBER,29,Passenger - Standard,CONVERTED,Converted,Non-electrified,188
2015,WEBER,29,Passenger - Standard,DIESEL,Diesel,Non-electrified,748
2015,WEBER,29,Passenger - Standard,FLEXIBLE,Flex Fuel,Non-electrified,4971
2015,WEBER,29,Passenger - Standard,GASOLINE,Gasoline,Non-electrified,104100
2015,WEBER,29,Passenger - Standard,HYBRID,Hybrid,Hybrid,1535
2015,WEBER,29,Passenger - Standard,NATURAL GAS,Natural Gas,Non-electrified,160
2015,WEBER,29,Passenger - Standard,UNKNOWN,Other,Non-electrified,2
2016,BEAVER,1,Heavy Truck,DIESEL,Diesel,Non-electrified,273
2016,BEAVER,1,Heavy Truck,FLEXIBLE,Flex Fuel,Non-electrified,1
2016,BEAVER,1,Heavy Truck,GASOLINE,Gasoline,Non-electrified,49
2016,BEAVER,1,Heavy Truck,NATURAL GAS,Natural Gas,Non-electrified,1
2016,BEAVER,1,Light Truck,CONVERTED,Converted,Non-electrified,8
2016,BEAVER,1,Light Truck,DIESEL,Diesel,Non-electrified,754
2016,BEAVER,1,Light Truck,FLEXIBLE,Flex Fuel,Non-electrified,278
2016,BEAVER,1,Light Truck,GASOLINE,Gasoline,Non-electrified,2532
2016,BEAVER,1,Light Truck,HYBRID,Hybrid,Hybrid,3
2016,BEAVER,1,Light Truck,NATURAL GAS,Natural Gas,Non-electrified,1
2016,BEAVER,1,Motorcycle - Standard,GASOLINE,Gasoline,Non-electrified,104
2016,BEAVER,1,Passenger - Standard,CONVERTED,Converted,Non-electrified,5
2016,BEAVER,1,Passenger - Standard,DIESEL,Diesel,Non-electrified,20
2016,BEAVER,1,Passenger - Standard,FLEXIBLE,Flex Fuel,Non-electrified,150
2016,BEAVER,1,Passenger - Standard,GASOLINE,Gasoline,Non-electrified,2781
2016,BEAVER,1,Passenger - Standard,HYBRID,Hybrid,Hybrid,39
2016,BEAVER,1,Passenger - Standard,NATURAL GAS,Natural Gas,Non-electrified,3
2016,BEAVER,1,Passenger - Standard,UNKNOWN,Other,Non-electrified,2
2016,BOX ELDER,2,Heavy Truck,CONVERTED,Converted,Non-electrified,3
2016,BOX ELDER,2,Heavy Truck,DIESEL,Diesel,Non-electrified,1809
2016,BOX ELDER,2,Heavy Truck,FLEXIBLE,Flex Fuel,Non-electrified,14
2016,BOX ELDER,2,Heavy Truck,GASOLINE,Gasoline,Non-electrified,335
2016,BOX ELDER,2,Heavy Truck,NATURAL GAS,Natural Gas,Non-electrified,2
2016,BOX ELDER,2,Light Truck,CONVERTED,Converted,Non-electrified,69
2016,BOX ELDER,2,Light Truck,DIESEL,Diesel,Non-electrified,3995
2016,BOX ELDER,2,Light Truck,FLEXIBLE,Flex Fuel,Non-electrified,1662
2016,BOX ELDER,2,Light Truck,GASOLINE,Gasoline,Non-electrified,13254
2016,BOX ELDER,2,Light Truck,HYBRID,Hybrid,Hybrid,15
2016,BOX ELDER,2,Light Truck,NATURAL GAS,Natural Gas,Non-electrified,29
2016,BOX ELDER,2,Light Truck,PROPANE,Propane/LPG,Non-electrified,1
2016,BOX ELDER,2,Motorcycle - Standard,FLEXIBLE,Flex Fuel,Non-electrified,4
2016,BOX ELDER,2,Motorcycle - Standard,GASOLINE,Gasoline,Non-electrified,1430
2016,BOX ELDER,2,Passenger - Standard,ELECTRIC,BEV,BEV,8
2016,BOX ELDER,2,Passenger - Standard,CONVERTED,Converted,Non-electrified,122
2016,BOX ELDER,2,Passenger - Standard,DIESEL,Diesel,Non-electrified,221
2016,BOX ELDER,2,Passenger - Standard,FLEXIBLE,Flex Fuel,Non-electrified,1438
2016,BOX ELDER,2,Passenger - Standard,GASOLINE,Gasoline,Non-electrified,25784
2016,BOX ELDER,2,Passenger - Standard,HYBRID,Hybrid,Hybrid,351
2016,BOX ELDER,2,Passenger - Standard,NATURAL GAS,Natural Gas,Non-electrified,78
2016,CACHE,3,Heavy Truck,CONVERTED,Converted,Non-electrified,2
2016,CACHE,3,Heavy Truck,DIESEL,Diesel,Non-electrified,2336
2016,CACHE,3,Heavy Truck,FLEXIBLE,Flex Fuel,Non-electrified,19
2016,CACHE,3,Heavy Truck,GASOLINE,Gasoline,Non-electrified,523
2016,CACHE,3,Heavy Truck,NATURAL GAS,Natural Gas,Non-electrified,11
2016,CACHE,3,Heavy Truck,PROPANE,Propane/LPG,Non-electrified,4
2016,CACHE,3,Light Truck,ELECTRIC,BEV,BEV,1
2016,CACHE,3,Light Truck,CONVERTED,Converted,Non-electrified,75
2016,CACHE,3,Light Truck,DIESEL,Diesel,Non-electrified,4062
2016,CACHE,3,Light Truck,FLEXIBLE,Flex Fuel,Non-electrified,2993
2016,CACHE,3,Light Truck,GASOLINE,Gasoline,Non-electrified,23157
2016,CACHE,3,Light Truck,HYBRID,Hybrid,Hybrid,52
2016,CACHE,3,Light Truck,NATURAL GAS,Natural Gas,Non-electrified,24
2016,CACHE,3,Motorcycle - Standard,ELECTRIC,BEV,BEV,1
2016,CACHE,3,Motorcycle - Standard,FLEXIBLE,Flex Fuel,Non-electrified,3
2016,CACHE,3,Motorcycle - Standard,GASOLINE,Gasoline,Non-electrified,3011
2016,CACHE,3,Motorcycle - Standard,HYBRID,Hybrid,Hybrid,1
2016,CACHE,3,Passenger - Low Speed,ELECTRIC,BEV,BEV,2
2016,CACHE,3,Passenger - Low Speed,GASOLINE,Gasoline,Non-electrified,1
2016,CACHE,3,Passenger - Standard,ELECTRIC,BEV,BEV,32
2016,CACHE,3,Passenger - Standard,CONVERTED,Converted,Non-electrified,107
2016,CACHE,3,Passenger - Standard,DIESEL,Diesel,Non-electrified,347
2016,CACHE,3,Passenger - Standard,FLEXIBLE,Flex Fuel,Non-electrified,1965
2016,CACHE,3,Passenger - Standard,GASOLINE,Gasoline,Non-electrified,46527
2016,CACHE,3,Passenger - Standard,HYBRID,Hybrid,Hybrid,910
2016,CACHE,3,Passenger - Standard,NATURAL GAS,Natural Gas,Non-electrified,85
2016,CARBON,4,Heavy Truck,ELECTRIC,BEV,BEV,1
2016,CARBON,4,Heavy Truck,CONVERTED,Converted,Non-electrified,1
2016,CARBON,4,Heavy Truck,DIESEL,Diesel,Non-electrified,759
2016,CARBON,4,Heavy Truck,FLEXIBLE,Flex Fuel,Non-electrified,5
2016,CARBON,4,Heavy Truck,GASOLINE,Gasoline,Non-electrified,177
2016,CARBON,4,Heavy Truck,PROPANE,Propane/LPG,Non-electrified,1
2016,CARBON,4,Light Truck,CONVERTED,Converted,Non-electrified,15
2016,CARBON,4,Light Truck,DIESEL,Diesel,Non-electrified,1723
2016,CARBON,4,Light Truck,FLEXIBLE,Flex Fuel,Non-electrified,980
2016,CARBON,4,Light Truck,GASOLINE,Gasoline,Non-electrified,6571
2016,CARBON,4,Light Truck,HYBRID,Hybrid,Hybrid,6
2016,CARBON,4,Light Truck,NATURAL GAS,Natural Gas,Non-electrified,11
2016,CARBON,4,Light Truck,PROPANE,Propane/LPG,Non-electrified,1
2016,CARBON,4,Motorcycle - Standard,ELECTRIC,BEV,BEV,1
2016,CARBON,4,Motorcycle - Standard,GASOLINE,Gasoline,Non-electrified,635
2016,CARBON,4,Passenger - Standard,CONVERTED,Converted,Non-electrified,17
2016,CARBON,4,Passenger - Standard,DIESEL,Diesel,Non-electrified,65
2016,CARBON,4,Passenger - Standard,FLEXIBLE,Flex Fuel,Non-electrified,734
2016,CARBON,4,Passenger - Standard,GASOLINE,Gasoline,Non-electrified,9055
2016,CARBON,4,Passenger - Standard,HYBRID,Hybrid,Hybrid,101
2016,CARBON,4,Passenger - Standard,NATURAL GAS,Natural Gas,Non-electrified,8
2016,DAGGETT,5,Heavy Truck,DIESEL,Diesel,Non-electrified,47
2016,DAGGETT,5,Heavy Truck,FLEXIBLE,Flex Fuel,Non-electrified,2
2016,DAGGETT,5,Heavy Truck,GASOLINE,Gasoline,Non-electrified,14
2016,DAGGETT,5,Light Truck,CONVERTED,Converted,Non-electrified,3
2016,DAGGETT,5,Light Truck,DIESEL,Diesel,Non-electrified,257
2016,DAGGETT,5,Light Truck,FLEXIBLE,Flex Fuel,Non-electrified,71
2016,DAGGETT,5,Light Truck,GASOLINE,Gasoline,Non-electrified,553
2016,DAGGETT,5,Motorcycle - Standard,GASOLINE,Gasoline,Non-electrified,26
2016,DAGGETT,5,Passenger - Low Speed,GASOLINE,Gasoline,Non-electrified,1
2016,DAGGETT,5,Passenger - Standard,DIESEL,Diesel,Non-electrified,6
2016,DAGGETT,5,Passenger - Standard,FLEXIBLE,Flex Fuel,Non-electrified,44
2016,DAGGETT,5,Passenger - Standard,GASOLINE,Gasoline,Non-electrified,551
2016,DAGGETT,5,Passenger - Standard,HYBRID,Hybrid,Hybrid,9
2016,DAGGETT,5,Passenger - Standard,NATURAL GAS,Natural Gas,Non-electrified,1
2016,DAVIS,6,Heavy Truck,CONVERTED,Converted,Non-electrified,6
2016,DAVIS,6,Heavy Truck,DIESEL,Diesel,Non-electrified,2945
2016,DAVIS,6,Heavy Truck,FLEXIBLE,Flex Fuel,Non-electrified,71
2016,DAVIS,6,Heavy Truck,GASOLINE,Gasoline,Non-electrified,1098
2016,DAVIS,6,Heavy Truck,HYBRID,Hybrid,Hybrid,1
2016,DAVIS,6,Light Truck,ELECTRIC,BEV,BEV,1
2016,DAVIS,6,Light Truck,CONVERTED,Converted,Non-electrified,155
2016,DAVIS,6,Light Truck,DIESEL,Diesel,Non-electrified,8322
2016,DAVIS,6,Light Truck,FLEXIBLE,Flex Fuel,Non-electrified,9543
2016,DAVIS,6,Light Truck,GASOLINE,Gasoline,Non-electrified,57700
2016,DAVIS,6,Light Truck,HYBRID,Hybrid,Hybrid,148
2016,DAVIS,6,Light Truck,NATURAL GAS,Natural Gas,Non-electrified,82
2016,DAVIS,6,Light Truck,PROPANE,Propane/LPG,Non-electrified,1
2016,DAVIS,6,Motorcycle - Standard,ELECTRIC,BEV,BEV,5
2016,DAVIS,6,Motorcycle - Standard,FLEXIBLE,Flex Fuel,Non-electrified,5
2016,DAVIS,6,Motorcycle - Standard,GASOLINE,Gasoline,Non-electrified,8389
2016,DAVIS,6,Motorcycle - Standard,OTHER,Other,Non-electrified,2
2016,DAVIS,6,Passenger - Low Speed,ELECTRIC,BEV,BEV,1
2016,DAVIS,6,Passenger - Low Speed,FLEXIBLE,Flex Fuel,Non-electrified,1
2016,DAVIS,6,Passenger - Low Speed,GASOLINE,Gasoline,Non-electrified,9
2016,DAVIS,6,Passenger - Standard,ELECTRIC,BEV,BEV,150
2016,DAVIS,6,Passenger - Standard,CONVERTED,Converted,Non-electrified,243
2016,DAVIS,6,Passenger - Standard,DIESEL,Diesel,Non-electrified,1020
2016,DAVIS,6,Passenger - Standard,FLEXIBLE,Flex Fuel,Non-electrified,6899
2016,DAVIS,6,Passenger - Standard,GASOLINE,Gasoline,Non-electrified,145482
2016,DAVIS,6,Passenger - Standard,HYBRID,Hybrid,Hybrid,2924
2016,DAVIS,6,Passenger - Standard,NATURAL GAS,Natural Gas,Non-electrified,367
2016,DAVIS,6,Passenger - Standard,PROPANE,Propane/LPG,Non-electrified,2
2016,DUCHESNE,7,Heavy Truck,DIESEL,Diesel,Non-electrified,1953
2016,DUCHESNE,7,Heavy Truck,FLEXIBLE,Flex Fuel,Non-electrified,30
2016,DUCHESNE,7,Heavy Truck,GASOLINE,Gasoline,Non-electrified,222
2016,DUCHESNE,7,Heavy Truck,PROPANE,Propane/LPG,Non-electrified,2
2016,DUCHESNE,7,Light Truck,CONVERTED,Converted,Non-electrified,17
2016,DUCHESNE,7,Light Truck,DIESEL,Diesel,Non-electrified,3026
2016,DUCHESNE,7,Light Truck,FLEXIBLE,Flex Fuel,Non-electrified,1634
2016,DUCHESNE,7,Light Truck,GASOLINE,Gasoline,Non-electrified,7642
2016,DUCHESNE,7,Light Truck,HYBRID,Hybrid,Hybrid,3
2016,DUCHESNE,7,Light Truck,NATURAL GAS,Natural Gas,Non-electrified,5
2016,DUCHESNE,7,Motorcycle - Standard,ELECTRIC,BEV,BEV,1
2016,DUCHESNE,7,Motorcycle - Standard,GASOLINE,Gasoline,Non-electrified,526
2016,DUCHESNE,7,Passenger - Standard,CONVERTED,Converted,Non-electrified,13
2016,DUCHESNE,7,Passenger - Standard,DIESEL,Diesel,Non-electrified,68
2016,DUCHESNE,7,Passenger - Standard,FLEXIBLE,Flex Fuel,Non-electrified,752
2016,DUCHESNE,7,Passenger - Standard,GASOLINE,Gasoline,Non-electrified,7123
2016,DUCHESNE,7,Passenger - Standard,HYBRID,Hybrid,Hybrid,60
2016,DUCHESNE,7,Passenger - Standard,NATURAL GAS,Natural Gas,Non-electrified,1
2016,EMERY,8,Heavy Truck,DIESEL,Diesel,Non-electrified,378
2016,EMERY,8,Heavy Truck,FLEXIBLE,Flex Fuel,Non-electrified,2
2016,EMERY,8,Heavy Truck,GASOLINE,Gasoline,Non-electrified,62
2016,EMERY,8,Light Truck,CONVERTED,Converted,Non-electrified,11
2016,EMERY,8,Light Truck,DIESEL,Diesel,Non-electrified,1397
2016,EMERY,8,Light Truck,FLEXIBLE,Flex Fuel,Non-electrified,450
2016,EMERY,8,Light Truck,GASOLINE,Gasoline,Non-electrified,3269
2016,EMERY,8,Light Truck,HYBRID,Hybrid,Hybrid,2
2016,EMERY,8,Light Truck,NATURAL GAS,Natural Gas,Non-electrified,1
2016,EMERY,8,Motorcycle - Standard,GASOLINE,Gasoline,Non-electrified,189
2016,EMERY,8,Passenger - Standard,CONVERTED,Converted,Non-electrified,14
2016,EMERY,8,Passenger - Standard,DIESEL,Diesel,Non-electrified,52
2016,EMERY,8,Passenger - Standard,FLEXIBLE,Flex Fuel,Non-electrified,370
2016,EMERY,8,Passenger - Standard,GASOLINE,Gasoline,Non-electrified,4411
2016,EMERY,8,Passenger - Standard,HYBRID,Hybrid,Hybrid,56
2016,EMERY,8,Passenger - Standard,NATURAL GAS,Natural Gas,Non-electrified,4
2016,GARFIELD,9,Heavy Truck,DIESEL,Diesel,Non-electrified,203
2016,GARFIELD,9,Heavy Truck,GASOLINE,Gasoline,Non-electrified,33
2016,GARFIELD,9,Light Truck,CONVERTED,Converted,Non-electrified,5
2016,GARFIELD,9,Light Truck,DIESEL,Diesel,Non-electrified,682
2016,GARFIELD,9,Light Truck,FLEXIBLE,Flex Fuel,Non-electrified,212
2016,GARFIELD,9,Light Truck,GASOLINE,Gasoline,Non-electrified,1906
2016,GARFIELD,9,Light Truck,HYBRID,Hybrid,Hybrid,1
2016,GARFIELD,9,Motorcycle - Standard,GASOLINE,Gasoline,Non-electrified,110
2016,GARFIELD,9,Passenger - Standard,CONVERTED,Converted,Non-electrified,3
2016,GARFIELD,9,Passenger - Standard,DIESEL,Diesel,Non-electrified,34
2016,GARFIELD,9,Passenger - Standard,FLEXIBLE,Flex Fuel,Non-electrified,152
2016,GARFIELD,9,Passenger - Standard,GASOLINE,Gasoline,Non-electrified,1965
2016,GARFIELD,9,Passenger - Standard,HYBRID,Hybrid,Hybrid,29
2016,GARFIELD,9,Passenger - Standard,NATURAL GAS,Natural Gas,Non-electrified,1
2016,GRAND,10,Heavy Truck,DIESEL,Diesel,Non-electrified,275
2016,GRAND,10,Heavy Truck,FLEXIBLE,Flex Fuel,Non-electrified,1
2016,GRAND,10,Heavy Truck,GASOLINE,Gasoline,Non-electrified,80
2016,GRAND,10,Light Truck,CONVERTED,Converted,Non-electrified,9
2016,GRAND,10,Light Truck,DIESEL,Diesel,Non-electrified,781
2016,GRAND,10,Light Truck,FLEXIBLE,Flex Fuel,Non-electrified,538
2016,GRAND,10,Light Truck,GASOLINE,Gasoline,Non-electrified,3958
2016,GRAND,10,Light Truck,HYBRID,Hybrid,Hybrid,3
2016,GRAND,10,Light Truck,NATURAL GAS,Natural Gas,Non-electrified,1
2016,GRAND,10,Motorcycle - Standard,ELECTRIC,BEV,BEV,3
2016,GRAND,10,Motorcycle - Standard,GASOLINE,Gasoline,Non-electrified,513
2016,GRAND,10,Passenger - Low Speed,ELECTRIC,BEV,BEV,1
2016,GRAND,10,Passenger - Standard,ELECTRIC,BEV,BEV,2
2016,GRAND,10,Passenger - Standard,CONVERTED,Converted,Non-electrified,6
2016,GRAND,10,Passenger - Standard,DIESEL,Diesel,Non-electrified,75
2016,GRAND,10,Passenger - Standard,FLEXIBLE,Flex Fuel,Non-electrified,195
2016,GRAND,10,Passenger - Standard,GASOLINE,Gasoline,Non-electrified,4490
2016,GRAND,10,Passenger - Standard,HYBRID,Hybrid,Hybrid,132
2016,GRAND,10,Passenger - Standard,NATURAL GAS,Natural Gas,Non-electrified,4
2016,IRON,11,Heavy Truck,CONVERTED,Converted,Non-electrified,2
2016,IRON,11,Heavy Truck,DIESEL,Diesel,Non-electrified,1005
2016,IRON,11,Heavy Truck,FLEXIBLE,Flex Fuel,Non-electrified,7
2016,IRON,11,Heavy Truck,GASOLINE,Gasoline,Non-electrified,207
2016,IRON,11,Heavy Truck,NATURAL GAS,Natural Gas,Non-electrified,3
2016,IRON,11,Heavy Truck,PROPANE,Propane/LPG,Non-electrified,7
2016,IRON,11,Light Truck,CONVERTED,Converted,Non-electrified,42
2016,IRON,11,Light Truck,DIESEL,Diesel,Non-electrified,2829
2016,IRON,11,Light Truck,FLEXIBLE,Flex Fuel,Non-electrified,1578
2016,IRON,11,Light Truck,GASOLINE,Gasoline,Non-electrified,12384
2016,IRON,11,Light Truck,HYBRID,Hybrid,Hybrid,10
2016,IRON,11,Light Truck,NATURAL GAS,Natural Gas,Non-electrified,25
2016,IRON,11,Light Truck,PROPANE,Propane/LPG,Non-electrified,1
2016,IRON,11,Motorcycle - Standard,ELECTRIC,BEV,BEV,1
2016,IRON,11,Motorcycle - Standard,FLEXIBLE,Flex Fuel,Non-electrified,1
2016,IRON,11,Motorcycle - Standard,GASOLINE,Gasoline,Non-electrified,1029
2016,IRON,11,Motorcycle - Standard,OTHER,Other,Non-electrified,1
2016,IRON,11,Passenger - Low Speed,ELECTRIC,BEV,BEV,1
2016,IRON,11,Passenger - Standard,ELECTRIC,BEV,BEV,3
2016,IRON,11,Passenger - Standard,CONVERTED,Converted,Non-electrified,53
2016,IRON,11,Passenger - Standard,DIESEL,Diesel,Non-electrified,247
2016,IRON,11,Passenger - Standard,FLEXIBLE,Flex Fuel,Non-electrified,910
2016,IRON,11,Passenger - Standard,GASOLINE,Gasoline,Non-electrified,18371
2016,IRON,11,Passenger - Standard,HYBRID,Hybrid,Hybrid,269
2016,IRON,11,Passenger - Standard,NATURAL GAS,Natural Gas,Non-electrified,51
2016,IRON,11,Passenger - Standard,UNKNOWN,Other,Non-electrified,1
2016,JUAB,12,Heavy Truck,CONVERTED,Converted,Non-electrified,3
2016,JUAB,12,Heavy Truck,DIESEL,Diesel,Non-electrified,519
2016,JUAB,12,Heavy Truck,FLEXIBLE,Flex Fuel,Non-electrified,9
2016,JUAB,12,Heavy Truck,GASOLINE,Gasoline,Non-electrified,98
2016,JUAB,12,Light Truck,CONVERTED,Converted,Non-electrified,15
2016,JUAB,12,Light Truck,DIESEL,Diesel,Non-electrified,1178
2016,JUAB,12,Light Truck,FLEXIBLE,Flex Fuel,Non-electrified,365
2016,JUAB,12,Light Truck,GASOLINE,Gasoline,Non-electrified,3014
2016,JUAB,12,Light Truck,NATURAL GAS,Natural Gas,Non-electrified,4
2016,JUAB,12,Motorcycle - Standard,GASOLINE,Gasoline,Non-electrified,234
2016,JUAB,12,Passenger - Standard,CONVERTED,Converted,Non-electrified,26
2016,JUAB,12,Passenger - Standard,DIESEL,Diesel,Non-electrified,52
2016,JUAB,12,Passenger - Standard,FLEXIBLE,Flex Fuel,Non-electrified,330
2016,JUAB,12,Passenger - Standard,GASOLINE,Gasoline,Non-electrified,5028
2016,JUAB,12,Passenger - Standard,HYBRID,Hybrid,Hybrid,62
2016,JUAB,12,Passenger - Standard,NATURAL GAS,Natural Gas,Non-electrified,8
2016,KANE,13,Heavy Truck,DIESEL,Diesel,Non-electrified,275
2016,KANE,13,Heavy Truck,FLEXIBLE,Flex Fuel,Non-electrified,1
2016,KANE,13,Heavy Truck,GASOLINE,Gasoline,Non-electrified,62
2016,KANE,13,Light Truck,CONVERTED,Converted,Non-electrified,2
2016,KANE,13,Light Truck,DIESEL,Diesel,Non-electrified,693
2016,KANE,13,Light Truck,FLEXIBLE,Flex Fuel,Non-electrified,298
2016,KANE,13,Light Truck,GASOLINE,Gasoline,Non-electrified,2765
2016,KANE,13,Light Truck,HYBRID,Hybrid,Hybrid,4
2016,KANE,13,Light Truck,PROPANE,Propane/LPG,Non-electrified,1
2016,KANE,13,Motorcycle - Standard,ELECTRIC,BEV,BEV,1
2016,KANE,13,Motorcycle - Standard,GASOLINE,Gasoline,Non-electrified,213
2016,KANE,13,Passenger - Low Speed,ELECTRIC,BEV,BEV,3
2016,KANE,13,Passenger - Standard,DIESEL,Diesel,Non-electrified,78
2016,KANE,13,Passenger - Standard,FLEXIBLE,Flex Fuel,Non-electrified,179
2016,KANE,13,Passenger - Standard,GASOLINE,Gasoline,Non-electrified,2818
2016,KANE,13,Passenger - Standard,HYBRID,Hybrid,Hybrid,49
2016,KANE,13,Passenger - Standard,NATURAL GAS,Natural Gas,Non-electrified,1
2016,MILLARD,14,Heavy Truck,DIESEL,Diesel,Non-electrified,592
2016,MILLARD,14,Heavy Truck,FLEXIBLE,Flex Fuel,Non-electrified,3
2016,MILLARD,14,Heavy Truck,GASOLINE,Gasoline,Non-electrified,83
2016,MILLARD,14,Heavy Truck,NATURAL GAS,Natural Gas,Non-electrified,1
2016,MILLARD,14,Heavy Truck,PROPANE,Propane/LPG,Non-electrified,2
2016,MILLARD,14,Light Truck,CONVERTED,Converted,Non-electrified,9
2016,MILLARD,14,Light Truck,DIESEL,Diesel,Non-electrified,1376
2016,MILLARD,14,Light Truck,FLEXIBLE,Flex Fuel,Non-electrified,552
2016,MILLARD,14,Light Truck,GASOLINE,Gasoline,Non-electrified,3974
2016,MILLARD,14,Light Truck,HYBRID,Hybrid,Hybrid,2
2016,MILLARD,14,Light Truck,NATURAL GAS,Natural Gas,Non-electrified,6
2016,MILLARD,14,Motorcycle - Standard,GASOLINE,Gasoline,Non-electrified,242
2016,MILLARD,14,Passenger - Standard,ELECTRIC,BEV,BEV,2
2016,MILLARD,14,Passenger - Standard,CONVERTED,Converted,Non-electrified,17
2016,MILLARD,14,Passenger - Standard,DIESEL,Diesel,Non-electrified,85
2016,MILLARD,14,Passenger - Standard,FLEXIBLE,Flex Fuel,Non-electrified,420
2016,MILLARD,14,Passenger - Standard,GASOLINE,Gasoline,Non-electrified,5888
2016,MILLARD,14,Passenger - Standard,HYBRID,Hybrid,Hybrid,56
2016,MILLARD,14,Passenger - Standard,NATURAL GAS,Natural Gas,Non-electrified,8
2016,MORGAN,15,Heavy Truck,CONVERTED,Converted,Non-electrified,3
2016,MORGAN,15,Heavy Truck,DIESEL,Diesel,Non-electrified,327
2016,MORGAN,15,Heavy Truck,FLEXIBLE,Flex Fuel,Non-electrified,2
2016,MORGAN,15,Heavy Truck,GASOLINE,Gasoline,Non-electrified,94
2016,MORGAN,15,Light Truck,CONVERTED,Converted,Non-electrified,13
2016,MORGAN,15,Light Truck,DIESEL,Diesel,Non-electrified,1111
2016,MORGAN,15,Light Truck,FLEXIBLE,Flex Fuel,Non-electrified,443
2016,MORGAN,15,Light Truck,GASOLINE,Gasoline,Non-electrified,2907
2016,MORGAN,15,Light Truck,HYBRID,Hybrid,Hybrid,7
2016,MORGAN,15,Light Truck,NATURAL GAS,Natural Gas,Non-electrified,9
2016,MORGAN,15,Motorcycle - Standard,GASOLINE,Gasoline,Non-electrified,321
2016,MORGAN,15,Passenger - Standard,ELECTRIC,BEV,BEV,6
2016,MORGAN,15,Passenger - Standard,CONVERTED,Converted,Non-electrified,23
2016,MORGAN,15,Passenger - Standard,DIESEL,Diesel,Non-electrified,72
2016,MORGAN,15,Passenger - Standard,FLEXIBLE,Flex Fuel,Non-electrified,325
2016,MORGAN,15,Passenger - Standard,GASOLINE,Gasoline,Non-electrified,5454
2016,MORGAN,15,Passenger - Standard,HYBRID,Hybrid,Hybrid,121
2016,MORGAN,15,Passenger - Standard,NATURAL GAS,Natural Gas,Non-electrified,17
2016,OUT OF STATE,99,Heavy Truck,ELECTRIC,BEV,BEV,1
2016,OUT OF STATE,99,Heavy Truck,CONVERTED,Converted,Non-electrified,1
2016,OUT OF STATE,99,Heavy Truck,DIESEL,Diesel,Non-electrified,674
2016,OUT OF STATE,99,Heavy Truck,FLEXIBLE,Flex Fuel,Non-electrified,1
2016,OUT OF STATE,99,Heavy Truck,GASOLINE,Gasoline,Non-electrified,10
2016,OUT OF STATE,99,Heavy Truck,NATURAL GAS,Natural Gas,Non-electrified,10
2016,OUT OF STATE,99,Light Truck,DIESEL,Diesel,Non-electrified,74
2016,OUT OF STATE,99,Light Truck,FLEXIBLE,Flex Fuel,Non-electrified,117
2016,OUT OF STATE,99,Light Truck,GASOLINE,Gasoline,Non-electrified,465
2016,OUT OF STATE,99,Light Truck,HYBRID,Hybrid,Hybrid,1
2016,OUT OF STATE,99,Light Truck,NATURAL GAS,Natural Gas,Non-electrified,1
2016,OUT OF STATE,99,Light Truck,PROPANE,Propane/LPG,Non-electrified,1
2016,OUT OF STATE,99,Motorcycle - Standard,GASOLINE,Gasoline,Non-electrified,56
2016,OUT OF STATE,99,Passenger - Standard,ELECTRIC,BEV,BEV,1
2016,OUT OF STATE,99,Passenger - Standard,DIESEL,Diesel,Non-electrified,9
2016,OUT OF STATE,99,Passenger - Standard,FLEXIBLE,Flex Fuel,Non-electrified,37
2016,OUT OF STATE,99,Passenger - Standard,GASOLINE,Gasoline,Non-electrified,755
2016,OUT OF STATE,99,Passenger - Standard,HYBRID,Hybrid,Hybrid,23
2016,OUT OF STATE,99,Passenger - Standard,NATURAL GAS,Natural Gas,Non-electrified,2
2016,PIUTE,16,Heavy Truck,DIESEL,Diesel,Non-electrified,79
2016,PIUTE,16,Heavy Truck,GASOLINE,Gasoline,Non-electrified,6
2016,PIUTE,16,Light Truck,CONVERTED,Converted,Non-electrified,1
2016,PIUTE,16,Light Truck,DIESEL,Diesel,Non-electrified,239
2016,PIUTE,16,Light Truck,FLEXIBLE,Flex Fuel,Non-electrified,55
2016,PIUTE,16,Light Truck,GASOLINE,Gasoline,Non-electrified,548
2016,PIUTE,16,Light Truck,NATURAL GAS,Natural Gas,Non-electrified,2
2016,PIUTE,16,Motorcycle - Standard,GASOLINE,Gasoline,Non-electrified,29
2016,PIUTE,16,Passenger - Standard,CONVERTED,Converted,Non-electrified,3
2016,PIUTE,16,Passenger - Standard,DIESEL,Diesel,Non-electrified,8
2016,PIUTE,16,Passenger - Standard,FLEXIBLE,Flex Fuel,Non-electrified,40
2016,PIUTE,16,Passenger - Standard,GASOLINE,Gasoline,Non-electrified,747
2016,PIUTE,16,Passenger - Standard,HYBRID,Hybrid,Hybrid,4
2016,PIUTE,16,Passenger - Standard,NATURAL GAS,Natural Gas,Non-electrified,1
2016,RICH,17,Heavy Truck,DIESEL,Diesel,Non-electrified,103
2016,RICH,17,Heavy Truck,GASOLINE,Gasoline,Non-electrified,20
2016,RICH,17,Light Truck,CONVERTED,Converted,Non-electrified,1
2016,RICH,17,Light Truck,DIESEL,Diesel,Non-electrified,396
2016,RICH,17,Light Truck,FLEXIBLE,Flex Fuel,Non-electrified,109
2016,RICH,17,Light Truck,GASOLINE,Gasoline,Non-electrified,908
2016,RICH,17,Light Truck,HYBRID,Hybrid,Hybrid,1
2016,RICH,17,Motorcycle - Standard,GASOLINE,Gasoline,Non-electrified,58
2016,RICH,17,Passenger - Low Speed,DIESEL,Diesel,Non-electrified,1
2016,RICH,17,Passenger - Standard,CONVERTED,Converted,Non-electrified,1
2016,RICH,17,Passenger - Standard,DIESEL,Diesel,Non-electrified,8
2016,RICH,17,Passenger - Standard,FLEXIBLE,Flex Fuel,Non-electrified,92
2016,RICH,17,Passenger - Standard,GASOLINE,Gasoline,Non-electrified,1103
2016,RICH,17,Passenger - Standard,HYBRID,Hybrid,Hybrid,14
2016,RICH,17,Passenger - Standard,NATURAL GAS,Natural Gas,Non-electrified,2
2016,SALT LAKE,18,Heavy Truck,CONVERTED,Converted,Non-electrified,49
2016,SALT LAKE,18,Heavy Truck,DIESEL,Diesel,Non-electrified,21215
2016,SALT LAKE,18,Heavy Truck,FLEXIBLE,Flex Fuel,Non-electrified,385
2016,SALT LAKE,18,Heavy Truck,GASOLINE,Gasoline,Non-electrified,4125
2016,SALT LAKE,18,Heavy Truck,NATURAL GAS,Natural Gas,Non-electrified,300
2016,SALT LAKE,18,Heavy Truck,OTHER,Other,Non-electrified,2
2016,SALT LAKE,18,Heavy Truck,PROPANE,Propane/LPG,Non-electrified,17
2016,SALT LAKE,18,Light Truck,ELECTRIC,BEV,BEV,3
2016,SALT LAKE,18,Light Truck,CONVERTED,Converted,Non-electrified,498
2016,SALT LAKE,18,Light Truck,DIESEL,Diesel,Non-electrified,29577
2016,SALT LAKE,18,Light Truck,FLEXIBLE,Flex Fuel,Non-electrified,32180
2016,SALT LAKE,18,Light Truck,GASOLINE,Gasoline,Non-electrified,202797
2016,SALT LAKE,18,Light Truck,HYBRID,Hybrid,Hybrid,673
2016,SALT LAKE,18,Light Truck,NATURAL GAS,Natural Gas,Non-electrified,414
2016,SALT LAKE,18,Light Truck,OTHER,Other,Non-electrified,1
2016,SALT LAKE,18,Light Truck,PROPANE,Propane/LPG,Non-electrified,5
2016,SALT LAKE,18,Motorcycle - Standard,ELECTRIC,BEV,BEV,21
2016,SALT LAKE,18,Motorcycle - Standard,CONVERTED,Converted,Non-electrified,1
2016,SALT LAKE,18,Motorcycle - Standard,FLEXIBLE,Flex Fuel,Non-electrified,12
2016,SALT LAKE,18,Motorcycle - Standard,GASOLINE,Gasoline,Non-electrified,25145
2016,SALT LAKE,18,Motorcycle - Standard,HYBRID,Hybrid,Hybrid,3
2016,SALT LAKE,18,Motorcycle - Standard,NATURAL GAS,Natural Gas,Non-electrified,2
2016,SALT LAKE,18,Motorcycle - Standard,OTHER,Other,Non-electrified,6
2016,SALT LAKE,18,Passenger - Low Speed,ELECTRIC,BEV,BEV,14
2016,SALT LAKE,18,Passenger - Low Speed,GASOLINE,Gasoline,Non-electrified,24
2016,SALT LAKE,18,Passenger - Low Speed,HYBRID,Hybrid,Hybrid,1
2016,SALT LAKE,18,Passenger - Standard,ELECTRIC,BEV,BEV,899
2016,SALT LAKE,18,Passenger - Standard,CONVERTED,Converted,Non-electrified,567
2016,SALT LAKE,18,Passenger - Standard,DIESEL,Diesel,Non-electrified,3626
2016,SALT LAKE,18,Passenger - Standard,FLEXIBLE,Flex Fuel,Non-electrified,21743
2016,SALT LAKE,18,Passenger - Standard,GASOLINE,Gasoline,Non-electrified,493644
2016,SALT LAKE,18,Passenger - Standard,HYBRID,Hybrid,Hybrid,12558
2016,SALT LAKE,18,Passenger - Standard,NATURAL GAS,Natural Gas,Non-electrified,680
2016,SALT LAKE,18,Passenger - Standard,UNKNOWN,Other,Non-electrified,8
2016,SALT LAKE,18,Passenger - Standard,PROPANE,Propane/LPG,Non-electrified,1
2016,SAN JUAN,19,Heavy Truck,DIESEL,Diesel,Non-electrified,339
2016,SAN JUAN,19,Heavy Truck,FLEXIBLE,Flex Fuel,Non-electrified,1
2016,SAN JUAN,19,Heavy Truck,GASOLINE,Gasoline,Non-electrified,34
2016,SAN JUAN,19,Light Truck,CONVERTED,Converted,Non-electrified,7
2016,SAN JUAN,19,Light Truck,DIESEL,Diesel,Non-electrified,823
2016,SAN JUAN,19,Light Truck,FLEXIBLE,Flex Fuel,Non-electrified,581
2016,SAN JUAN,19,Light Truck,GASOLINE,Gasoline,Non-electrified,3168
2016,SAN JUAN,19,Light Truck,HYBRID,Hybrid,Hybrid,1
2016,SAN JUAN,19,Light Truck,NATURAL GAS,Natural Gas,Non-electrified,1
2016,SAN JUAN,19,Motorcycle - Standard,FLEXIBLE,Flex Fuel,Non-electrified,1
2016,SAN JUAN,19,Motorcycle - Standard,GASOLINE,Gasoline,Non-electrified,226
2016,SAN JUAN,19,Passenger - Low Speed,GASOLINE,Gasoline,Non-electrified,1
2016,SAN JUAN,19,Passenger - Standard,CONVERTED,Converted,Non-electrified,4
2016,SAN JUAN,19,Passenger - Standard,DIESEL,Diesel,Non-electrified,30
2016,SAN JUAN,19,Passenger - Standard,FLEXIBLE,Flex Fuel,Non-electrified,303
2016,SAN JUAN,19,Passenger - Standard,GASOLINE,Gasoline,Non-electrified,3477
2016,SAN JUAN,19,Passenger - Standard,HYBRID,Hybrid,Hybrid,58
2016,SANPETE,20,Heavy Truck,DIESEL,Diesel,Non-electrified,833
2016,SANPETE,20,Heavy Truck,FLEXIBLE,Flex Fuel,Non-electrified,4
2016,SANPETE,20,Heavy Truck,GASOLINE,Gasoline,Non-electrified,162
2016,SANPETE,20,Heavy Truck,NATURAL GAS,Natural Gas,Non-electrified,1
2016,SANPETE,20,Light Truck,CONVERTED,Converted,Non-electrified,27
2016,SANPETE,20,Light Truck,DIESEL,Diesel,Non-electrified,2124
2016,SANPETE,20,Light Truck,FLEXIBLE,Flex Fuel,Non-electrified,790
2016,SANPETE,20,Light Truck,GASOLINE,Gasoline,Non-electrified,7999
2016,SANPETE,20,Light Truck,HYBRID,Hybrid,Hybrid,3
2016,SANPETE,20,Light Truck,NATURAL GAS,Natural Gas,Non-electrified,9
2016,SANPETE,20,Light Truck,PROPANE,Propane/LPG,Non-electrified,1
2016,SANPETE,20,Motorcycle - Standard,GASOLINE,Gasoline,Non-electrified,459
2016,SANPETE,20,Passenger - Low Speed,GASOLINE,Gasoline,Non-electrified,2
2016,SANPETE,20,Passenger - Standard,ELECTRIC,BEV,BEV,1
2016,SANPETE,20,Passenger - Standard,CONVERTED,Converted,Non-electrified,43
2016,SANPETE,20,Passenger - Standard,DIESEL,Diesel,Non-electrified,117
2016,SANPETE,20,Passenger - Standard,FLEXIBLE,Flex Fuel,Non-electrified,669
2016,SANPETE,20,Passenger - Standard,GASOLINE,Gasoline,Non-electrified,11457
2016,SANPETE,20,Passenger - Standard,HYBRID,Hybrid,Hybrid,122
2016,SANPETE,20,Passenger - Standard,NATURAL GAS,Natural Gas,Non-electrified,16
2016,SANPETE,20,Passenger - Standard,UNKNOWN,Other,Non-electrified,2
2016,SEVIER,21,Heavy Truck,CONVERTED,Converted,Non-electrified,6
2016,SEVIER,21,Heavy Truck,DIESEL,Diesel,Non-electrified,1443
2016,SEVIER,21,Heavy Truck,FLEXIBLE,Flex Fuel,Non-electrified,7
2016,SEVIER,21,Heavy Truck,GASOLINE,Gasoline,Non-electrified,120
2016,SEVIER,21,Heavy Truck,NATURAL GAS,Natural Gas,Non-electrified,2
2016,SEVIER,21,Light Truck,CONVERTED,Converted,Non-electrified,22
2016,SEVIER,21,Light Truck,DIESEL,Diesel,Non-electrified,2082
2016,SEVIER,21,Light Truck,FLEXIBLE,Flex Fuel,Non-electrified,890
2016,SEVIER,21,Light Truck,GASOLINE,Gasoline,Non-electrified,6654
2016,SEVIER,21,Light Truck,HYBRID,Hybrid,Hybrid,4
2016,SEVIER,21,Light Truck,NATURAL GAS,Natural Gas,Non-electrified,6
2016,SEVIER,21,Motorcycle - Standard,GASOLINE,Gasoline,Non-electrified,422
2016,SEVIER,21,Passenger - Standard,ELECTRIC,BEV,BEV,1
2016,SEVIER,21,Passenger - Standard,CONVERTED,Converted,Non-electrified,40
2016,SEVIER,21,Passenger - Standard,DIESEL,Diesel,Non-electrified,59
2016,SEVIER,21,Passenger - Standard,FLEXIBLE,Flex Fuel,Non-electrified,580
2016,SEVIER,21,Passenger - Standard,GASOLINE,Gasoline,Non-electrified,8834
2016,SEVIER,21,Passenger - Standard,HYBRID,Hybrid,Hybrid,82
2016,SEVIER,21,Passenger - Standard,NATURAL GAS,Natural Gas,Non-electrified,11
2016,SUMMIT,22,Heavy Truck,DIESEL,Diesel,Non-electrified,936
2016,SUMMIT,22,Heavy Truck,FLEXIBLE,Flex Fuel,Non-electrified,10
2016,SUMMIT,22,Heavy Truck,GASOLINE,Gasoline,Non-electrified,186
2016,SUMMIT,22,Heavy Truck,NATURAL GAS,Natural Gas,Non-electrified,12
2016,SUMMIT,22,Light Truck,ELECTRIC,BEV,BEV,1
2016,SUMMIT,22,Light Truck,CONVERTED,Converted,Non-electrified,28
2016,SUMMIT,22,Light Truck,DIESEL,Diesel,Non-electrified,2735
2016,SUMMIT,22,Light Truck,FLEXIBLE,Flex Fuel,Non-electrified,2248
2016,SUMMIT,22,Light Truck,GASOLINE,Gasoline,Non-electrified,14186
2016,SUMMIT,22,Light Truck,HYBRID,Hybrid,Hybrid,103
2016,SUMMIT,22,Light Truck,NATURAL GAS,Natural Gas,Non-electrified,20
2016,SUMMIT,22,Motorcycle - Standard,ELECTRIC,BEV,BEV,1
2016,SUMMIT,22,Motorcycle - Standard,FLEXIBLE,Flex Fuel,Non-electrified,1
2016,SUMMIT,22,Motorcycle - Standard,GASOLINE,Gasoline,Non-electrified,1606
2016,SUMMIT,22,Passenger - Low Speed,ELECTRIC,BEV,BEV,1
2016,SUMMIT,22,Passenger - Low Speed,GASOLINE,Gasoline,Non-electrified,1
2016,SUMMIT,22,Passenger - Standard,ELECTRIC,BEV,BEV,60
2016,SUMMIT,22,Passenger - Standard,CONVERTED,Converted,Non-electrified,25
2016,SUMMIT,22,Passenger - Standard,DIESEL,Diesel,Non-electrified,578
2016,SUMMIT,22,Passenger - Standard,FLEXIBLE,Flex Fuel,Non-electrified,1253
2016,SUMMIT,22,Passenger - Standard,GASOLINE,Gasoline,Non-electrified,22611
2016,SUMMIT,22,Passenger - Standard,HYBRID,Hybrid,Hybrid,600
2016,SUMMIT,22,Passenger - Standard,NATURAL GAS,Natural Gas,Non-electrified,38
2016,SUMMIT,22,Passenger - Standard,PROPANE,Propane/LPG,Non-electrified,1
2016,TOOELE,23,Heavy Truck,DIESEL,Diesel,Non-electrified,823
2016,TOOELE,23,Heavy Truck,FLEXIBLE,Flex Fuel,Non-electrified,3
2016,TOOELE,23,Heavy Truck,GASOLINE,Gasoline,Non-electrified,267
2016,TOOELE,23,Heavy Truck,NATURAL GAS,Natural Gas,Non-electrified,1
2016,TOOELE,23,Light Truck,CONVERTED,Converted,Non-electrified,30
2016,TOOELE,23,Light Truck,DIESEL,Diesel,Non-electrified,3700
2016,TOOELE,23,Light Truck,FLEXIBLE,Flex Fuel,Non-electrified,1729
2016,TOOELE,23,Light Truck,GASOLINE,Gasoline,Non-electrified,13657
2016,TOOELE,23,Light Truck,HYBRID,Hybrid,Hybrid,9
2016,TOOELE,23,Light Truck,NATURAL GAS,Natural Gas,Non-electrified,8
2016,TOOELE,23,Light Truck,OTHER,Other,Non-electrified,1
2016,TOOELE,23,Light Truck,PROPANE,Propane/LPG,Non-electrified,1
2016,TOOELE,23,Motorcycle - Standard,GASOLINE,Gasoline,Non-electrified,1723
2016,TOOELE,23,Passenger - Standard,ELECTRIC,BEV,BEV,13
2016,TOOELE,23,Passenger - Standard,CONVERTED,Converted,Non-electrified,50
2016,TOOELE,23,Passenger - Standard,DIESEL,Diesel,Non-electrified,307
2016,TOOELE,23,Passenger - Standard,FLEXIBLE,Flex Fuel,Non-electrified,1681
2016,TOOELE,23,Passenger - Standard,GASOLINE,Gasoline,Non-electrified,29633
2016,TOOELE,23,Passenger - Standard,HYBRID,Hybrid,Hybrid,437
2016,TOOELE,23,Passenger - Standard,NATURAL GAS,Natural Gas,Non-electrified,33
2016,TOOELE,23,Passenger - Standard,OTHER,Other,Non-electrified,1
2016,UINTAH,24,Heavy Truck,CONVERTED,Converted,Non-electrified,6
2016,UINTAH,24,Heavy Truck,DIESEL,Diesel,Non-electrified,2609
2016,UINTAH,24,Heavy Truck,FLEXIBLE,Flex Fuel,Non-electrified,48
2016,UINTAH,24,Heavy Truck,GASOLINE,Gasoline,Non-electrified,379
2016,UINTAH,24,Heavy Truck,NATURAL GAS,Natural Gas,Non-electrified,6
2016,UINTAH,24,Heavy Truck,PROPANE,Propane/LPG,Non-electrified,3
2016,UINTAH,24,Light Truck,CONVERTED,Converted,Non-electrified,24
2016,UINTAH,24,Light Truck,DIESEL,Diesel,Non-electrified,3772
2016,UINTAH,24,Light Truck,FLEXIBLE,Flex Fuel,Non-electrified,2504
2016,UINTAH,24,Light Truck,GASOLINE,Gasoline,Non-electrified,10900
2016,UINTAH,24,Light Truck,HYBRID,Hybrid,Hybrid,7
2016,UINTAH,24,Light Truck,NATURAL GAS,Natural Gas,Non-electrified,2
2016,UINTAH,24,Light Truck,PROPANE,Propane/LPG,Non-electrified,3
2016,UINTAH,24,Motorcycle - Standard,GASOLINE,Gasoline,Non-electrified,1071
2016,UINTAH,24,Passenger - Low Speed,ELECTRIC,BEV,BEV,1
2016,UINTAH,24,Passenger - Low Speed,GASOLINE,Gasoline,Non-electrified,1
2016,UINTAH,24,Passenger - Standard,ELECTRIC,BEV,BEV,1
2016,UINTAH,24,Passenger - Standard,CONVERTED,Converted,Non-electrified,17
2016,UINTAH,24,Passenger - Standard,DIESEL,Diesel,Non-electrified,126
2016,UINTAH,24,Passenger - Standard,FLEXIBLE,Flex Fuel,Non-electrified,1062
2016,UINTAH,24,Passenger - Standard,GASOLINE,Gasoline,Non-electrified,10785
2016,UINTAH,24,Passenger - Standard,HYBRID,Hybrid,Hybrid,90
2016,UINTAH,24,Passenger - Standard,NATURAL GAS,Natural Gas,Non-electrified,5
2016,UTAH,25,Heavy Truck,CONVERTED,Converted,Non-electrified,13
2016,UTAH,25,Heavy Truck,DIESEL,Diesel,Non-electrified,6990
2016,UTAH,25,Heavy Truck,FLEXIBLE,Flex Fuel,Non-electrified,92
2016,UTAH,25,Heavy Truck,GASOLINE,Gasoline,Non-electrified,1438
2016,UTAH,25,Heavy Truck,HYBRID,Hybrid,Hybrid,1
2016,UTAH,25,Heavy Truck,NATURAL GAS,Natural Gas,Non-electrified,21
2016,UTAH,25,Heavy Truck,OTHER,Other,Non-electrified,1
2016,UTAH,25,Heavy Truck,PROPANE,Propane/LPG,Non-electrified,13
2016,UTAH,25,Light Truck,CONVERTED,Converted,Non-electrified,287
2016,UTAH,25,Light Truck,DIESEL,Diesel,Non-electrified,16339
2016,UTAH,25,Light Truck,FLEXIBLE,Flex Fuel,Non-electrified,13384
2016,UTAH,25,Light Truck,GASOLINE,Gasoline,Non-electrified,86561
2016,UTAH,25,Light Truck,HYBRID,Hybrid,Hybrid,237
2016,UTAH,25,Light Truck,NATURAL GAS,Natural Gas,Non-electrified,149
2016,UTAH,25,Light Truck,OTHER,Other,Non-electrified,2
2016,UTAH,25,Light Truck,PROPANE,Propane/LPG,Non-electrified,2
2016,UTAH,25,Motorcycle - Standard,ELECTRIC,BEV,BEV,16
2016,UTAH,25,Motorcycle - Standard,FLEXIBLE,Flex Fuel,Non-electrified,11
2016,UTAH,25,Motorcycle - Standard,GASOLINE,Gasoline,Non-electrified,11676
2016,UTAH,25,Motorcycle - Standard,OTHER,Other,Non-electrified,2
2016,UTAH,25,Passenger - Low Speed,ELECTRIC,BEV,BEV,33
2016,UTAH,25,Passenger - Low Speed,GASOLINE,Gasoline,Non-electrified,5
2016,UTAH,25,Passenger - Standard,ELECTRIC,BEV,BEV,222
2016,UTAH,25,Passenger - Standard,CONVERTED,Converted,Non-electrified,425
2016,UTAH,25,Passenger - Standard,DIESEL,Diesel,Non-electrified,2091
2016,UTAH,25,Passenger - Standard,FLEXIBLE,Flex Fuel,Non-electrified,9962
2016,UTAH,25,Passenger - Standard,GASOLINE,Gasoline,Non-electrified,215409
2016,UTAH,25,Passenger - Standard,HYBRID,Hybrid,Hybrid,4831
2016,UTAH,25,Passenger - Standard,NATURAL GAS,Natural Gas,Non-electrified,472
2016,UTAH,25,Passenger - Standard,UNKNOWN,Other,Non-electrified,2
2016,UTAH,25,Passenger - Standard,PROPANE,Propane/LPG,Non-electrified,1
2016,WASATCH,26,Heavy Truck,CONVERTED,Converted,Non-electrified,1
2016,WASATCH,26,Heavy Truck,DIESEL,Diesel,Non-electrified,583
2016,WASATCH,26,Heavy Truck,FLEXIBLE,Flex Fuel,Non-electrified,4
2016,WASATCH,26,Heavy Truck,GASOLINE,Gasoline,Non-electrified,139
2016,WASATCH,26,Heavy Truck,NATURAL GAS,Natural Gas,Non-electrified,2
2016,WASATCH,26,Heavy Truck,PROPANE,Propane/LPG,Non-electrified,1
2016,WASATCH,26,Light Truck,CONVERTED,Converted,Non-electrified,25
2016,WASATCH,26,Light Truck,DIESEL,Diesel,Non-electrified,1968
2016,WASATCH,26,Light Truck,FLEXIBLE,Flex Fuel,Non-electrified,1230
2016,WASATCH,26,Light Truck,GASOLINE,Gasoline,Non-electrified,7900
2016,WASATCH,26,Light Truck,HYBRID,Hybrid,Hybrid,26
2016,WASATCH,26,Light Truck,NATURAL GAS,Natural Gas,Non-electrified,6
2016,WASATCH,26,Motorcycle - Standard,ELECTRIC,BEV,BEV,1
2016,WASATCH,26,Motorcycle - Standard,GASOLINE,Gasoline,Non-electrified,893
2016,WASATCH,26,Motorcycle - Standard,OTHER,Other,Non-electrified,1
2016,WASATCH,26,Passenger - Standard,ELECTRIC,BEV,BEV,10
2016,WASATCH,26,Passenger - Standard,CONVERTED,Converted,Non-electrified,24
2016,WASATCH,26,Passenger - Standard,DIESEL,Diesel,Non-electrified,256
2016,WASATCH,26,Passenger - Standard,FLEXIBLE,Flex Fuel,Non-electrified,761
2016,WASATCH,26,Passenger - Standard,GASOLINE,Gasoline,Non-electrified,13050
2016,WASATCH,26,Passenger - Standard,HYBRID,Hybrid,Hybrid,261
2016,WASATCH,26,Passenger - Standard,NATURAL GAS,Natural Gas,Non-electrified,40
2016,WASATCH,26,Passenger - Standard,PROPANE,Propane/LPG,Non-electrified,1
2016,WASHINGTON,27,Heavy Truck,CONVERTED,Converted,Non-electrified,6
2016,WASHINGTON,27,Heavy Truck,DIESEL,Diesel,Non-electrified,3872
2016,WASHINGTON,27,Heavy Truck,FLEXIBLE,Flex Fuel,Non-electrified,26
2016,WASHINGTON,27,Heavy Truck,GASOLINE,Gasoline,Non-electrified,777
2016,WASHINGTON,27,Heavy Truck,NATURAL GAS,Natural Gas,Non-electrified,12
2016,WASHINGTON,27,Heavy Truck,PROPANE,Propane/LPG,Non-electrified,2
2016,WASHINGTON,27,Light Truck,ELECTRIC,BEV,BEV,1
2016,WASHINGTON,27,Light Truck,CONVERTED,Converted,Non-electrified,111
2016,WASHINGTON,27,Light Truck,DIESEL,Diesel,Non-electrified,7672
2016,WASHINGTON,27,Light Truck,FLEXIBLE,Flex Fuel,Non-electrified,4932
2016,WASHINGTON,27,Light Truck,GASOLINE,Gasoline,Non-electrified,36351
2016,WASHINGTON,27,Light Truck,HYBRID,Hybrid,Hybrid,78
2016,WASHINGTON,27,Light Truck,NATURAL GAS,Natural Gas,Non-electrified,158
2016,WASHINGTON,27,Light Truck,PROPANE,Propane/LPG,Non-electrified,3
2016,WASHINGTON,27,Motorcycle - Standard,ELECTRIC,BEV,BEV,1
2016,WASHINGTON,27,Motorcycle - Standard,FLEXIBLE,Flex Fuel,Non-electrified,1
2016,WASHINGTON,27,Motorcycle - Standard,GASOLINE,Gasoline,Non-electrified,4817
2016,WASHINGTON,27,Motorcycle - Standard,OTHER,Other,Non-electrified,1
2016,WASHINGTON,27,Passenger - Low Speed,ELECTRIC,BEV,BEV,10
2016,WASHINGTON,27,Passenger - Low Speed,HYBRID,Hybrid,Hybrid,1
2016,WASHINGTON,27,Passenger - Standard,ELECTRIC,BEV,BEV,41
2016,WASHINGTON,27,Passenger - Standard,CONVERTED,Converted,Non-electrified,116
2016,WASHINGTON,27,Passenger - Standard,DIESEL,Diesel,Non-electrified,884
2016,WASHINGTON,27,Passenger - Standard,FLEXIBLE,Flex Fuel,Non-electrified,2728
2016,WASHINGTON,27,Passenger - Standard,GASOLINE,Gasoline,Non-electrified,68032
2016,WASHINGTON,27,Passenger - Standard,HYBRID,Hybrid,Hybrid,2048
2016,WASHINGTON,27,Passenger - Standard,NATURAL GAS,Natural Gas,Non-electrified,171
2016,WASHINGTON,27,Passenger - Standard,OTHER,Other,Non-electrified,1
2016,WASHINGTON,27,Passenger - Standard,UNKNOWN,Other,Non-electrified,1
2016,WAYNE,28,Heavy Truck,DIESEL,Diesel,Non-electrified,167
2016,WAYNE,28,Heavy Truck,FLEXIBLE,Flex Fuel,Non-electrified,9
2016,WAYNE,28,Heavy Truck,GASOLINE,Gasoline,Non-electrified,23
2016,WAYNE,28,Heavy Truck,PROPANE,Propane/LPG,Non-electrified,1
2016,WAYNE,28,Light Truck,CONVERTED,Converted,Non-electrified,4
2016,WAYNE,28,Light Truck,DIESEL,Diesel,Non-electrified,448
2016,WAYNE,28,Light Truck,FLEXIBLE,Flex Fuel,Non-electrified,103
2016,WAYNE,28,Light Truck,GASOLINE,Gasoline,Non-electrified,1129
2016,WAYNE,28,Motorcycle - Standard,GASOLINE,Gasoline,Non-electrified,91
2016,WAYNE,28,Passenger - Low Speed,GASOLINE,Gasoline,Non-electrified,1
2016,WAYNE,28,Passenger - Standard,CONVERTED,Converted,Non-electrified,5
2016,WAYNE,28,Passenger - Standard,DIESEL,Diesel,Non-electrified,22
2016,WAYNE,28,Passenger - Standard,FLEXIBLE,Flex Fuel,Non-electrified,95
2016,WAYNE,28,Passenger - Standard,GASOLINE,Gasoline,Non-electrified,1149
2016,WAYNE,28,Passenger - Standard,HYBRID,Hybrid,Hybrid,19
2016,WEBER,29,Heavy Truck,ELECTRIC,BEV,BEV,1
2016,WEBER,29,Heavy Truck,CONVERTED,Converted,Non-electrified,11
2016,WEBER,29,Heavy Truck,DIESEL,Diesel,Non-electrified,4158
2016,WEBER,29,Heavy Truck,FLEXIBLE,Flex Fuel,Non-electrified,25
2016,WEBER,29,Heavy Truck,GASOLINE,Gasoline,Non-electrified,933
2016,WEBER,29,Heavy Truck,NATURAL GAS,Natural Gas,Non-electrified,22
2016,WEBER,29,Heavy Truck,PROPANE,Propane/LPG,Non-electrified,4
2016,WEBER,29,Light Truck,ELECTRIC,BEV,BEV,1
2016,WEBER,29,Light Truck,CONVERTED,Converted,Non-electrified,116
2016,WEBER,29,Light Truck,DIESEL,Diesel,Non-electrified,11343
2016,WEBER,29,Light Truck,FLEXIBLE,Flex Fuel,Non-electrified,6506
2016,WEBER,29,Light Truck,GASOLINE,Gasoline,Non-electrified,45915
2016,WEBER,29,Light Truck,HYBRID,Hybrid,Hybrid,77
2016,WEBER,29,Light Truck,NATURAL GAS,Natural Gas,Non-electrified,61
2016,WEBER,29,Light Truck,PROPANE,Propane/LPG,Non-electrified,2
2016,WEBER,29,Motorcycle - Standard,ELECTRIC,BEV,BEV,2
2016,WEBER,29,Motorcycle - Standard,FLEXIBLE,Flex Fuel,Non-electrified,2
2016,WEBER,29,Motorcycle - Standard,GASOLINE,Gasoline,Non-electrified,6400
2016,WEBER,29,Passenger - Low Speed,ELECTRIC,BEV,BEV,2
2016,WEBER,29,Passenger - Low Speed,DIESEL,Diesel,Non-electrified,1
2016,WEBER,29,Passenger - Low Speed,GASOLINE,Gasoline,Non-electrified,4
2016,WEBER,29,Passenger - Standard,ELECTRIC,BEV,BEV,59
2016,WEBER,29,Passenger - Standard,CONVERTED,Converted,Non-electrified,169
2016,WEBER,29,Passenger - Standard,DIESEL,Diesel,Non-electrified,794
2016,WEBER,29,Passenger - Standard,FLEXIBLE,Flex Fuel,Non-electrified,4888
2016,WEBER,29,Passenger - Standard,GASOLINE,Gasoline,Non-electrified,102756
2016,WEBER,29,Passenger - Standard,HYBRID,Hybrid,Hybrid,1714
2016,WEBER,29,Passenger - Standard,NATURAL GAS,Natural Gas,Non-electrified,153
2016,WEBER,29,Passenger - Standard,UNKNOWN,Other,Non-electrified,2
2017,BEAVER,1,Heavy Truck,CONVERTED,Converted,Non-electrified,1
2017,BEAVER,1,Heavy Truck,DIESEL,Diesel,Non-electrified,295
2017,BEAVER,1,Heavy Truck,FLEXIBLE,Flex Fuel,Non-electrified,1
2017,BEAVER,1,Heavy Truck,GASOLINE,Gasoline,Non-electrified,50
2017,BEAVER,1,Heavy Truck,NATURAL GAS,Natural Gas,Non-electrified,1
2017,BEAVER,1,Light Truck,CONVERTED,Converted,Non-electrified,7
2017,BEAVER,1,Light Truck,DIESEL,Diesel,Non-electrified,809
2017,BEAVER,1,Light Truck,FLEXIBLE,Flex Fuel,Non-electrified,305
2017,BEAVER,1,Light Truck,GASOLINE,Gasoline,Non-electrified,2588
2017,BEAVER,1,Light Truck,HYBRID,Hybrid,Hybrid,1
2017,BEAVER,1,Light Truck,NATURAL GAS,Natural Gas,Non-electrified,2
2017,BEAVER,1,Motorcycle - Standard,GASOLINE,Gasoline,Non-electrified,103
2017,BEAVER,1,Passenger - Standard,CONVERTED,Converted,Non-electrified,5
2017,BEAVER,1,Passenger - Standard,DIESEL,Diesel,Non-electrified,22
2017,BEAVER,1,Passenger - Standard,FLEXIBLE,Flex Fuel,Non-electrified,151
2017,BEAVER,1,Passenger - Standard,GASOLINE,Gasoline,Non-electrified,2713
2017,BEAVER,1,Passenger - Standard,HYBRID,Hybrid,Hybrid,45
2017,BEAVER,1,Passenger - Standard,NATURAL GAS,Natural Gas,Non-electrified,2
2017,BEAVER,1,Passenger - Standard,UNKNOWN,Other,Non-electrified,1
2017,BOX ELDER,2,Heavy Truck,CONVERTED,Converted,Non-electrified,4
2017,BOX ELDER,2,Heavy Truck,DIESEL,Diesel,Non-electrified,1831
2017,BOX ELDER,2,Heavy Truck,FLEXIBLE,Flex Fuel,Non-electrified,14
2017,BOX ELDER,2,Heavy Truck,GASOLINE,Gasoline,Non-electrified,334
2017,BOX ELDER,2,Heavy Truck,NATURAL GAS,Natural Gas,Non-electrified,2
2017,BOX ELDER,2,Light Truck,CONVERTED,Converted,Non-electrified,62
2017,BOX ELDER,2,Light Truck,DIESEL,Diesel,Non-electrified,4324
2017,BOX ELDER,2,Light Truck,FLEXIBLE,Flex Fuel,Non-electrified,1997
2017,BOX ELDER,2,Light Truck,GASOLINE,Gasoline,Non-electrified,14225
2017,BOX ELDER,2,Light Truck,HYBRID,Hybrid,Hybrid,22
2017,BOX ELDER,2,Light Truck,NATURAL GAS,Natural Gas,Non-electrified,21
2017,BOX ELDER,2,Light Truck,PROPANE,Propane/LPG,Non-electrified,1
2017,BOX ELDER,2,Motorcycle - Standard,ELECTRIC,BEV,BEV,1
2017,BOX ELDER,2,Motorcycle - Standard,FLEXIBLE,Flex Fuel,Non-electrified,1
2017,BOX ELDER,2,Motorcycle - Standard,GASOLINE,Gasoline,Non-electrified,1458
2017,BOX ELDER,2,Passenger - Low Speed,GASOLINE,Gasoline,Non-electrified,1
2017,BOX ELDER,2,Passenger - Standard,ELECTRIC,BEV,BEV,8
2017,BOX ELDER,2,Passenger - Standard,CONVERTED,Converted,Non-electrified,113
2017,BOX ELDER,2,Passenger - Standard,DIESEL,Diesel,Non-electrified,216
2017,BOX ELDER,2,Passenger - Standard,FLEXIBLE,Flex Fuel,Non-electrified,1423
2017,BOX ELDER,2,Passenger - Standard,GASOLINE,Gasoline,Non-electrified,25326
2017,BOX ELDER,2,Passenger - Standard,HYBRID,Hybrid,Hybrid,396
2017,BOX ELDER,2,Passenger - Standard,NATURAL GAS,Natural Gas,Non-electrified,68
2017,CACHE,3,Heavy Truck,ELECTRIC,BEV,BEV,1
2017,CACHE,3,Heavy Truck,CONVERTED,Converted,Non-electrified,3
2017,CACHE,3,Heavy Truck,DIESEL,Diesel,Non-electrified,2391
2017,CACHE,3,Heavy Truck,FLEXIBLE,Flex Fuel,Non-electrified,23
2017,CACHE,3,Heavy Truck,GASOLINE,Gasoline,Non-electrified,507
2017,CACHE,3,Heavy Truck,NATURAL GAS,Natural Gas,Non-electrified,12
2017,CACHE,3,Heavy Truck,PROPANE,Propane/LPG,Non-electrified,4
2017,CACHE,3,Light Truck,ELECTRIC,BEV,BEV,5
2017,CACHE,3,Light Truck,CONVERTED,Converted,Non-electrified,69
2017,CACHE,3,Light Truck,DIESEL,Diesel,Non-electrified,4293
2017,CACHE,3,Light Truck,FLEXIBLE,Flex Fuel,Non-electrified,3534
2017,CACHE,3,Light Truck,GASOLINE,Gasoline,Non-electrified,25840
2017,CACHE,3,Light Truck,HYBRID,Hybrid,Hybrid,92
2017,CACHE,3,Light Truck,NATURAL GAS,Natural Gas,Non-electrified,17
2017,CACHE,3,Motorcycle - Standard,ELECTRIC,BEV,BEV,2
2017,CACHE,3,Motorcycle - Standard,FLEXIBLE,Flex Fuel,Non-electrified,1
2017,CACHE,3,Motorcycle - Standard,GASOLINE,Gasoline,Non-electrified,2870
2017,CACHE,3,Motorcycle - Standard,HYBRID,Hybrid,Hybrid,1
2017,CACHE,3,Motorcycle - Standard,OTHER,Other,Non-electrified,1
2017,CACHE,3,Passenger - Low Speed,ELECTRIC,BEV,BEV,2
2017,CACHE,3,Passenger - Low Speed,GASOLINE,Gasoline,Non-electrified,2
2017,CACHE,3,Passenger - Standard,ELECTRIC,BEV,BEV,48
2017,CACHE,3,Passenger - Standard,CONVERTED,Converted,Non-electrified,94
2017,CACHE,3,Passenger - Standard,DIESEL,Diesel,Non-electrified,321
2017,CACHE,3,Passenger - Standard,FLEXIBLE,Flex Fuel,Non-electrified,1943
2017,CACHE,3,Passenger - Standard,GASOLINE,Gasoline,Non-electrified,45265
2017,CACHE,3,Passenger - Standard,HYBRID,Hybrid,Hybrid,998
2017,CACHE,3,Passenger - Standard,NATURAL GAS,Natural Gas,Non-electrified,78
2017,CARBON,4,Heavy Truck,ELECTRIC,BEV,BEV,1
2017,CARBON,4,Heavy Truck,DIESEL,Diesel,Non-electrified,585
2017,CARBON,4,Heavy Truck,FLEXIBLE,Flex Fuel,Non-electrified,6
2017,CARBON,4,Heavy Truck,GASOLINE,Gasoline,Non-electrified,174
2017,CARBON,4,Heavy Truck,PROPANE,Propane/LPG,Non-electrified,1
2017,CARBON,4,Light Truck,CONVERTED,Converted,Non-electrified,14
2017,CARBON,4,Light Truck,DIESEL,Diesel,Non-electrified,1758
2017,CARBON,4,Light Truck,FLEXIBLE,Flex Fuel,Non-electrified,1045
2017,CARBON,4,Light Truck,GASOLINE,Gasoline,Non-electrified,6746
2017,CARBON,4,Light Truck,HYBRID,Hybrid,Hybrid,6
2017,CARBON,4,Light Truck,NATURAL GAS,Natural Gas,Non-electrified,13
2017,CARBON,4,Light Truck,PROPANE,Propane/LPG,Non-electrified,1
2017,CARBON,4,Motorcycle - Standard,GASOLINE,Gasoline,Non-electrified,587
2017,CARBON,4,Passenger - Low Speed,GASOLINE,Gasoline,Non-electrified,2
2017,CARBON,4,Passenger - Standard,ELECTRIC,BEV,BEV,1
2017,CARBON,4,Passenger - Standard,CONVERTED,Converted,Non-electrified,23
2017,CARBON,4,Passenger - Standard,DIESEL,Diesel,Non-electrified,60
2017,CARBON,4,Passenger - Standard,FLEXIBLE,Flex Fuel,Non-electrified,711
2017,CARBON,4,Passenger - Standard,GASOLINE,Gasoline,Non-electrified,8736
2017,CARBON,4,Passenger - Standard,HYBRID,Hybrid,Hybrid,112
2017,CARBON,4,Passenger - Standard,NATURAL GAS,Natural Gas,Non-electrified,9
2017,DAGGETT,5,Heavy Truck,DIESEL,Diesel,Non-electrified,41
2017,DAGGETT,5,Heavy Truck,FLEXIBLE,Flex Fuel,Non-electrified,2
2017,DAGGETT,5,Heavy Truck,GASOLINE,Gasoline,Non-electrified,13
2017,DAGGETT,5,Light Truck,CONVERTED,Converted,Non-electrified,2
2017,DAGGETT,5,Light Truck,DIESEL,Diesel,Non-electrified,272
2017,DAGGETT,5,Light Truck,FLEXIBLE,Flex Fuel,Non-electrified,81
2017,DAGGETT,5,Light Truck,GASOLINE,Gasoline,Non-electrified,531
2017,DAGGETT,5,Motorcycle - Standard,GASOLINE,Gasoline,Non-electrified,26
2017,DAGGETT,5,Passenger - Low Speed,GASOLINE,Gasoline,Non-electrified,1
2017,DAGGETT,5,Passenger - Standard,DIESEL,Diesel,Non-electrified,7
2017,DAGGETT,5,Passenger - Standard,FLEXIBLE,Flex Fuel,Non-electrified,37
2017,DAGGETT,5,Passenger - Standard,GASOLINE,Gasoline,Non-electrified,518
2017,DAGGETT,5,Passenger - Standard,HYBRID,Hybrid,Hybrid,10
2017,DAVIS,6,Heavy Truck,CONVERTED,Converted,Non-electrified,7
2017,DAVIS,6,Heavy Truck,DIESEL,Diesel,Non-electrified,3056
2017,DAVIS,6,Heavy Truck,FLEXIBLE,Flex Fuel,Non-electrified,70
2017,DAVIS,6,Heavy Truck,GASOLINE,Gasoline,Non-electrified,1155
2017,DAVIS,6,Heavy Truck,HYBRID,Hybrid,Hybrid,1
2017,DAVIS,6,Light Truck,ELECTRIC,BEV,BEV,9
2017,DAVIS,6,Light Truck,CONVERTED,Converted,Non-electrified,154
2017,DAVIS,6,Light Truck,DIESEL,Diesel,Non-electrified,8787
2017,DAVIS,6,Light Truck,FLEXIBLE,Flex Fuel,Non-electrified,11149
2017,DAVIS,6,Light Truck,GASOLINE,Gasoline,Non-electrified,65972
2017,DAVIS,6,Light Truck,HYBRID,Hybrid,Hybrid,263
2017,DAVIS,6,Light Truck,NATURAL GAS,Natural Gas,Non-electrified,76
2017,DAVIS,6,Light Truck,PROPANE,Propane/LPG,Non-electrified,1
2017,DAVIS,6,Motorcycle - Standard,ELECTRIC,BEV,BEV,4
2017,DAVIS,6,Motorcycle - Standard,FLEXIBLE,Flex Fuel,Non-electrified,4
2017,DAVIS,6,Motorcycle - Standard,GASOLINE,Gasoline,Non-electrified,8318
2017,DAVIS,6,Motorcycle - Standard,OTHER,Other,Non-electrified,4
2017,DAVIS,6,Passenger - Low Speed,DIESEL,Diesel,Non-electrified,1
2017,DAVIS,6,Passenger - Low Speed,FLEXIBLE,Flex Fuel,Non-electrified,1
2017,DAVIS,6,Passenger - Low Speed,GASOLINE,Gasoline,Non-electrified,23
2017,DAVIS,6,Passenger - Standard,ELECTRIC,BEV,BEV,219
2017,DAVIS,6,Passenger - Standard,CONVERTED,Converted,Non-electrified,217
2017,DAVIS,6,Passenger - Standard,DIESEL,Diesel,Non-electrified,912
2017,DAVIS,6,Passenger - Standard,FLEXIBLE,Flex Fuel,Non-electrified,6725
2017,DAVIS,6,Passenger - Standard,GASOLINE,Gasoline,Non-electrified,141942
2017,DAVIS,6,Passenger - Standard,HYBRID,Hybrid,Hybrid,3285
2017,DAVIS,6,Passenger - Standard,NATURAL GAS,Natural Gas,Non-electrified,331
2017,DAVIS,6,Passenger - Standard,PROPANE,Propane/LPG,Non-electrified,2
2017,DUCHESNE,7,Heavy Truck,DIESEL,Diesel,Non-electrified,1811
2017,DUCHESNE,7,Heavy Truck,FLEXIBLE,Flex Fuel,Non-electrified,20
2017,DUCHESNE,7,Heavy Truck,GASOLINE,Gasoline,Non-electrified,182
2017,DUCHESNE,7,Heavy Truck,PROPANE,Propane/LPG,Non-electrified,2
2017,DUCHESNE,7,Light Truck,ELECTRIC,BEV,BEV,1
2017,DUCHESNE,7,Light Truck,CONVERTED,Converted,Non-electrified,16
2017,DUCHESNE,7,Light Truck,DIESEL,Diesel,Non-electrified,2904
2017,DUCHESNE,7,Light Truck,FLEXIBLE,Flex Fuel,Non-electrified,1656
2017,DUCHESNE,7,Light Truck,GASOLINE,Gasoline,Non-electrified,7624
2017,DUCHESNE,7,Light Truck,HYBRID,Hybrid,Hybrid,5
2017,DUCHESNE,7,Light Truck,NATURAL GAS,Natural Gas,Non-electrified,5
2017,DUCHESNE,7,Motorcycle - Standard,GASOLINE,Gasoline,Non-electrified,507
2017,DUCHESNE,7,Passenger - Low Speed,GASOLINE,Gasoline,Non-electrified,1
2017,DUCHESNE,7,Passenger - Standard,ELECTRIC,BEV,BEV,1
2017,DUCHESNE,7,Passenger - Standard,CONVERTED,Converted,Non-electrified,8
2017,DUCHESNE,7,Passenger - Standard,DIESEL,Diesel,Non-electrified,69
2017,DUCHESNE,7,Passenger - Standard,FLEXIBLE,Flex Fuel,Non-electrified,680
2017,DUCHESNE,7,Passenger - Standard,GASOLINE,Gasoline,Non-electrified,6728
2017,DUCHESNE,7,Passenger - Standard,HYBRID,Hybrid,Hybrid,64
2017,DUCHESNE,7,Passenger - Standard,NATURAL GAS,Natural Gas,Non-electrified,3
2017,EMERY,8,Heavy Truck,DIESEL,Diesel,Non-electrified,339
2017,EMERY,8,Heavy Truck,FLEXIBLE,Flex Fuel,Non-electrified,1
2017,EMERY,8,Heavy Truck,GASOLINE,Gasoline,Non-electrified,54
2017,EMERY,8,Heavy Truck,PROPANE,Propane/LPG,Non-electrified,1
2017,EMERY,8,Light Truck,CONVERTED,Converted,Non-electrified,9
2017,EMERY,8,Light Truck,DIESEL,Diesel,Non-electrified,1413
2017,EMERY,8,Light Truck,FLEXIBLE,Flex Fuel,Non-electrified,508
2017,EMERY,8,Light Truck,GASOLINE,Gasoline,Non-electrified,3361
2017,EMERY,8,Light Truck,HYBRID,Hybrid,Hybrid,3
2017,EMERY,8,Motorcycle - Standard,GASOLINE,Gasoline,Non-electrified,170
2017,EMERY,8,Passenger - Low Speed,GASOLINE,Gasoline,Non-electrified,1
2017,EMERY,8,Passenger - Standard,CONVERTED,Converted,Non-electrified,12
2017,EMERY,8,Passenger - Standard,DIESEL,Diesel,Non-electrified,50
2017,EMERY,8,Passenger - Standard,FLEXIBLE,Flex Fuel,Non-electrified,360
2017,EMERY,8,Passenger - Standard,GASOLINE,Gasoline,Non-electrified,4212
2017,EMERY,8,Passenger - Standard,HYBRID,Hybrid,Hybrid,55
2017,EMERY,8,Passenger - Standard,NATURAL GAS,Natural Gas,Non-electrified,3
2017,GARFIELD,9,Heavy Truck,DIESEL,Diesel,Non-electrified,215
2017,GARFIELD,9,Heavy Truck,GASOLINE,Gasoline,Non-electrified,31
2017,GARFIELD,9,Light Truck,CONVERTED,Converted,Non-electrified,7
2017,GARFIELD,9,Light Truck,DIESEL,Diesel,Non-electrified,710
2017,GARFIELD,9,Light Truck,FLEXIBLE,Flex Fuel,Non-electrified,251
2017,GARFIELD,9,Light Truck,GASOLINE,Gasoline,Non-electrified,2026
2017,GARFIELD,9,Light Truck,HYBRID,Hybrid,Hybrid,1
2017,GARFIELD,9,Motorcycle - Standard,GASOLINE,Gasoline,Non-electrified,108
2017,GARFIELD,9,Passenger - Standard,CONVERTED,Converted,Non-electrified,1
2017,GARFIELD,9,Passenger - Standard,DIESEL,Diesel,Non-electrified,33
2017,GARFIELD,9,Passenger - Standard,FLEXIBLE,Flex Fuel,Non-electrified,144
2017,GARFIELD,9,Passenger - Standard,GASOLINE,Gasoline,Non-electrified,1964
2017,GARFIELD,9,Passenger - Standard,HYBRID,Hybrid,Hybrid,29
2017,GARFIELD,9,Passenger - Standard,NATURAL GAS,Natural Gas,Non-electrified,3
2017,GRAND,10,Heavy Truck,DIESEL,Diesel,Non-electrified,287
2017,GRAND,10,Heavy Truck,FLEXIBLE,Flex Fuel,Non-electrified,1
2017,GRAND,10,Heavy Truck,GASOLINE,Gasoline,Non-electrified,80
2017,GRAND,10,Light Truck,ELECTRIC,BEV,BEV,1
2017,GRAND,10,Light Truck,CONVERTED,Converted,Non-electrified,8
2017,GRAND,10,Light Truck,DIESEL,Diesel,Non-electrified,836
2017,GRAND,10,Light Truck,FLEXIBLE,Flex Fuel,Non-electrified,613
2017,GRAND,10,Light Truck,GASOLINE,Gasoline,Non-electrified,4229
2017,GRAND,10,Light Truck,HYBRID,Hybrid,Hybrid,8
2017,GRAND,10,Light Truck,NATURAL GAS,Natural Gas,Non-electrified,3
2017,GRAND,10,Motorcycle - Standard,ELECTRIC,BEV,BEV,1
2017,GRAND,10,Motorcycle - Standard,GASOLINE,Gasoline,Non-electrified,539
2017,GRAND,10,Passenger - Low Speed,ELECTRIC,BEV,BEV,1
2017,GRAND,10,Passenger - Low Speed,GASOLINE,Gasoline,Non-electrified,1
2017,GRAND,10,Passenger - Standard,ELECTRIC,BEV,BEV,4
2017,GRAND,10,Passenger - Standard,CONVERTED,Converted,Non-electrified,6
2017,GRAND,10,Passenger - Standard,DIESEL,Diesel,Non-electrified,74
2017,GRAND,10,Passenger - Standard,FLEXIBLE,Flex Fuel,Non-electrified,196
2017,GRAND,10,Passenger - Standard,GASOLINE,Gasoline,Non-electrified,4313
2017,GRAND,10,Passenger - Standard,HYBRID,Hybrid,Hybrid,137
2017,GRAND,10,Passenger - Standard,NATURAL GAS,Natural Gas,Non-electrified,3
2017,IRON,11,Heavy Truck,CONVERTED,Converted,Non-electrified,2
2017,IRON,11,Heavy Truck,DIESEL,Diesel,Non-electrified,1046
2017,IRON,11,Heavy Truck,FLEXIBLE,Flex Fuel,Non-electrified,7
2017,IRON,11,Heavy Truck,GASOLINE,Gasoline,Non-electrified,244
2017,IRON,11,Heavy Truck,NATURAL GAS,Natural Gas,Non-electrified,3
2017,IRON,11,Heavy Truck,PROPANE,Propane/LPG,Non-electrified,10
2017,IRON,11,Light Truck,ELECTRIC,BEV,BEV,1
2017,IRON,11,Light Truck,CONVERTED,Converted,Non-electrified,43
2017,IRON,11,Light Truck,DIESEL,Diesel,Non-electrified,3162
2017,IRON,11,Light Truck,FLEXIBLE,Flex Fuel,Non-electrified,1868
2017,IRON,11,Light Truck,GASOLINE,Gasoline,Non-electrified,13637
2017,IRON,11,Light Truck,HYBRID,Hybrid,Hybrid,20
2017,IRON,11,Light Truck,NATURAL GAS,Natural Gas,Non-electrified,27
2017,IRON,11,Light Truck,PROPANE,Propane/LPG,Non-electrified,1
2017,IRON,11,Motorcycle - Standard,ELECTRIC,BEV,BEV,4
2017,IRON,11,Motorcycle - Standard,FLEXIBLE,Flex Fuel,Non-electrified,1
2017,IRON,11,Motorcycle - Standard,GASOLINE,Gasoline,Non-electrified,1040
2017,IRON,11,Motorcycle - Standard,OTHER,Other,Non-electrified,1
2017,IRON,11,Passenger - Low Speed,ELECTRIC,BEV,BEV,1
2017,IRON,11,Passenger - Low Speed,GASOLINE,Gasoline,Non-electrified,1
2017,IRON,11,Passenger - Standard,ELECTRIC,BEV,BEV,4
2017,IRON,11,Passenger - Standard,CONVERTED,Converted,Non-electrified,46
2017,IRON,11,Passenger - Standard,DIESEL,Diesel,Non-electrified,242
2017,IRON,11,Passenger - Standard,FLEXIBLE,Flex Fuel,Non-electrified,886
2017,IRON,11,Passenger - Standard,GASOLINE,Gasoline,Non-electrified,18187
2017,IRON,11,Passenger - Standard,HYBRID,Hybrid,Hybrid,313
2017,IRON,11,Passenger - Standard,NATURAL GAS,Natural Gas,Non-electrified,52
2017,IRON,11,Passenger - Standard,UNKNOWN,Other,Non-electrified,1
2017,JUAB,12,Heavy Truck,CONVERTED,Converted,Non-electrified,3
2017,JUAB,12,Heavy Truck,DIESEL,Diesel,Non-electrified,584
2017,JUAB,12,Heavy Truck,FLEXIBLE,Flex Fuel,Non-electrified,11
2017,JUAB,12,Heavy Truck,GASOLINE,Gasoline,Non-electrified,103
2017,JUAB,12,Light Truck,CONVERTED,Converted,Non-electrified,15
2017,JUAB,12,Light Truck,DIESEL,Diesel,Non-electrified,1280
2017,JUAB,12,Light Truck,FLEXIBLE,Flex Fuel,Non-electrified,416
2017,JUAB,12,Light Truck,GASOLINE,Gasoline,Non-electrified,3264
2017,JUAB,12,Light Truck,HYBRID,Hybrid,Hybrid,1
2017,JUAB,12,Light Truck,NATURAL GAS,Natural Gas,Non-electrified,4
2017,JUAB,12,Motorcycle - Standard,GASOLINE,Gasoline,Non-electrified,250
2017,JUAB,12,Passenger - Low Speed,GASOLINE,Gasoline,Non-electrified,1
2017,JUAB,12,Passenger - Standard,ELECTRIC,BEV,BEV,1
2017,JUAB,12,Passenger - Standard,CONVERTED,Converted,Non-electrified,24
2017,JUAB,12,Passenger - Standard,DIESEL,Diesel,Non-electrified,52
2017,JUAB,12,Passenger - Standard,FLEXIBLE,Flex Fuel,Non-electrified,325
2017,JUAB,12,Passenger - Standard,GASOLINE,Gasoline,Non-electrified,5016
2017,JUAB,12,Passenger - Standard,HYBRID,Hybrid,Hybrid,83
2017,JUAB,12,Passenger - Standard,NATURAL GAS,Natural Gas,Non-electrified,8
2017,KANE,13,Heavy Truck,DIESEL,Diesel,Non-electrified,255
2017,KANE,13,Heavy Truck,GASOLINE,Gasoline,Non-electrified,63
2017,KANE,13,Light Truck,CONVERTED,Converted,Non-electrified,2
2017,KANE,13,Light Truck,DIESEL,Diesel,Non-electrified,742
2017,KANE,13,Light Truck,FLEXIBLE,Flex Fuel,Non-electrified,370
2017,KANE,13,Light Truck,GASOLINE,Gasoline,Non-electrified,2946
2017,KANE,13,Light Truck,HYBRID,Hybrid,Hybrid,7
2017,KANE,13,Light Truck,PROPANE,Propane/LPG,Non-electrified,1
2017,KANE,13,Motorcycle - Standard,ELECTRIC,BEV,BEV,1
2017,KANE,13,Motorcycle - Standard,GASOLINE,Gasoline,Non-electrified,219
2017,KANE,13,Passenger - Low Speed,ELECTRIC,BEV,BEV,3
2017,KANE,13,Passenger - Standard,ELECTRIC,BEV,BEV,1
2017,KANE,13,Passenger - Standard,DIESEL,Diesel,Non-electrified,65
2017,KANE,13,Passenger - Standard,FLEXIBLE,Flex Fuel,Non-electrified,163
2017,KANE,13,Passenger - Standard,GASOLINE,Gasoline,Non-electrified,2718
2017,KANE,13,Passenger - Standard,HYBRID,Hybrid,Hybrid,49
2017,MILLARD,14,Heavy Truck,DIESEL,Diesel,Non-electrified,558
2017,MILLARD,14,Heavy Truck,FLEXIBLE,Flex Fuel,Non-electrified,2
2017,MILLARD,14,Heavy Truck,GASOLINE,Gasoline,Non-electrified,72
2017,MILLARD,14,Heavy Truck,NATURAL GAS,Natural Gas,Non-electrified,1
2017,MILLARD,14,Heavy Truck,PROPANE,Propane/LPG,Non-electrified,1
2017,MILLARD,14,Light Truck,CONVERTED,Converted,Non-electrified,11
2017,MILLARD,14,Light Truck,DIESEL,Diesel,Non-electrified,1448
2017,MILLARD,14,Light Truck,FLEXIBLE,Flex Fuel,Non-electrified,624
2017,MILLARD,14,Light Truck,GASOLINE,Gasoline,Non-electrified,4160
2017,MILLARD,14,Light Truck,HYBRID,Hybrid,Hybrid,3
2017,MILLARD,14,Light Truck,NATURAL GAS,Natural Gas,Non-electrified,6
2017,MILLARD,14,Motorcycle - Standard,GASOLINE,Gasoline,Non-electrified,242
2017,MILLARD,14,Passenger - Low Speed,GASOLINE,Gasoline,Non-electrified,1
2017,MILLARD,14,Passenger - Standard,ELECTRIC,BEV,BEV,2
2017,MILLARD,14,Passenger - Standard,CONVERTED,Converted,Non-electrified,13
2017,MILLARD,14,Passenger - Standard,DIESEL,Diesel,Non-electrified,80
2017,MILLARD,14,Passenger - Standard,FLEXIBLE,Flex Fuel,Non-electrified,408
2017,MILLARD,14,Passenger - Standard,GASOLINE,Gasoline,Non-electrified,5749
2017,MILLARD,14,Passenger - Standard,HYBRID,Hybrid,Hybrid,61
2017,MILLARD,14,Passenger - Standard,NATURAL GAS,Natural Gas,Non-electrified,9
2017,MORGAN,15,Heavy Truck,CONVERTED,Converted,Non-electrified,4
2017,MORGAN,15,Heavy Truck,DIESEL,Diesel,Non-electrified,338
2017,MORGAN,15,Heavy Truck,FLEXIBLE,Flex Fuel,Non-electrified,1
2017,MORGAN,15,Heavy Truck,GASOLINE,Gasoline,Non-electrified,98
2017,MORGAN,15,Light Truck,CONVERTED,Converted,Non-electrified,14
2017,MORGAN,15,Light Truck,DIESEL,Diesel,Non-electrified,1220
2017,MORGAN,15,Light Truck,FLEXIBLE,Flex Fuel,Non-electrified,521
2017,MORGAN,15,Light Truck,GASOLINE,Gasoline,Non-electrified,3304
2017,MORGAN,15,Light Truck,HYBRID,Hybrid,Hybrid,8
2017,MORGAN,15,Light Truck,NATURAL GAS,Natural Gas,Non-electrified,11
2017,MORGAN,15,Light Truck,PROPANE,Propane/LPG,Non-electrified,1
2017,MORGAN,15,Motorcycle - Standard,GASOLINE,Gasoline,Non-electrified,320
2017,MORGAN,15,Passenger - Low Speed,GASOLINE,Gasoline,Non-electrified,3
2017,MORGAN,15,Passenger - Standard,ELECTRIC,BEV,BEV,6
2017,MORGAN,15,Passenger - Standard,CONVERTED,Converted,Non-electrified,19
2017,MORGAN,15,Passenger - Standard,DIESEL,Diesel,Non-electrified,73
2017,MORGAN,15,Passenger - Standard,FLEXIBLE,Flex Fuel,Non-electrified,303
2017,MORGAN,15,Passenger - Standard,GASOLINE,Gasoline,Non-electrified,5405
2017,MORGAN,15,Passenger - Standard,HYBRID,Hybrid,Hybrid,125
2017,MORGAN,15,Passenger - Standard,NATURAL GAS,Natural Gas,Non-electrified,18
2017,OUT OF STATE,99,Heavy Truck,ELECTRIC,BEV,BEV,1
2017,OUT OF STATE,99,Heavy Truck,CONVERTED,Converted,Non-electrified,1
2017,OUT OF STATE,99,Heavy Truck,DIESEL,Diesel,Non-electrified,722
2017,OUT OF STATE,99,Heavy Truck,FLEXIBLE,Flex Fuel,Non-electrified,3
2017,OUT OF STATE,99,Heavy Truck,GASOLINE,Gasoline,Non-electrified,14
2017,OUT OF STATE,99,Light Truck,CONVERTED,Converted,Non-electrified,1
2017,OUT OF STATE,99,Light Truck,DIESEL,Diesel,Non-electrified,101
2017,OUT OF STATE,99,Light Truck,FLEXIBLE,Flex Fuel,Non-electrified,150
2017,OUT OF STATE,99,Light Truck,GASOLINE,Gasoline,Non-electrified,711
2017,OUT OF STATE,99,Light Truck,HYBRID,Hybrid,Hybrid,4
2017,OUT OF STATE,99,Light Truck,NATURAL GAS,Natural Gas,Non-electrified,1
2017,OUT OF STATE,99,Motorcycle - Standard,GASOLINE,Gasoline,Non-electrified,62
2017,OUT OF STATE,99,Passenger - Standard,ELECTRIC,BEV,BEV,2
2017,OUT OF STATE,99,Passenger - Standard,DIESEL,Diesel,Non-electrified,6
2017,OUT OF STATE,99,Passenger - Standard,FLEXIBLE,Flex Fuel,Non-electrified,51
2017,OUT OF STATE,99,Passenger - Standard,GASOLINE,Gasoline,Non-electrified,1003
2017,OUT OF STATE,99,Passenger - Standard,HYBRID,Hybrid,Hybrid,29
2017,OUT OF STATE,99,Passenger - Standard,NATURAL GAS,Natural Gas,Non-electrified,1
2017,PIUTE,16,Heavy Truck,DIESEL,Diesel,Non-electrified,87
2017,PIUTE,16,Heavy Truck,GASOLINE,Gasoline,Non-electrified,9
2017,PIUTE,16,Light Truck,CONVERTED,Converted,Non-electrified,1
2017,PIUTE,16,Light Truck,DIESEL,Diesel,Non-electrified,249
2017,PIUTE,16,Light Truck,FLEXIBLE,Flex Fuel,Non-electrified,67
2017,PIUTE,16,Light Truck,GASOLINE,Gasoline,Non-electrified,585
2017,PIUTE,16,Light Truck,NATURAL GAS,Natural Gas,Non-electrified,2
2017,PIUTE,16,Motorcycle - Standard,GASOLINE,Gasoline,Non-electrified,33
2017,PIUTE,16,Passenger - Standard,CONVERTED,Converted,Non-electrified,3
2017,PIUTE,16,Passenger - Standard,DIESEL,Diesel,Non-electrified,7
2017,PIUTE,16,Passenger - Standard,FLEXIBLE,Flex Fuel,Non-electrified,37
2017,PIUTE,16,Passenger - Standard,GASOLINE,Gasoline,Non-electrified,723
2017,PIUTE,16,Passenger - Standard,HYBRID,Hybrid,Hybrid,4
2017,PIUTE,16,Passenger - Standard,NATURAL GAS,Natural Gas,Non-electrified,4
2017,RICH,17,Heavy Truck,DIESEL,Diesel,Non-electrified,107
2017,RICH,17,Heavy Truck,GASOLINE,Gasoline,Non-electrified,21
2017,RICH,17,Light Truck,CONVERTED,Converted,Non-electrified,3
2017,RICH,17,Light Truck,DIESEL,Diesel,Non-electrified,433
2017,RICH,17,Light Truck,FLEXIBLE,Flex Fuel,Non-electrified,128
2017,RICH,17,Light Truck,GASOLINE,Gasoline,Non-electrified,946
2017,RICH,17,Light Truck,HYBRID,Hybrid,Hybrid,1
2017,RICH,17,Light Truck,NATURAL GAS,Natural Gas,Non-electrified,1
2017,RICH,17,Motorcycle - Standard,GASOLINE,Gasoline,Non-electrified,50
2017,RICH,17,Passenger - Standard,CONVERTED,Converted,Non-electrified,2
2017,RICH,17,Passenger - Standard,DIESEL,Diesel,Non-electrified,12
2017,RICH,17,Passenger - Standard,FLEXIBLE,Flex Fuel,Non-electrified,88
2017,RICH,17,Passenger - Standard,GASOLINE,Gasoline,Non-electrified,1068
2017,RICH,17,Passenger - Standard,HYBRID,Hybrid,Hybrid,17
2017,RICH,17,Passenger - Standard,NATURAL GAS,Natural Gas,Non-electrified,2
2017,SALT LAKE,18,Heavy Truck,CONVERTED,Converted,Non-electrified,71
2017,SALT LAKE,18,Heavy Truck,DIESEL,Diesel,Non-electrified,21940
2017,SALT LAKE,18,Heavy Truck,FLEXIBLE,Flex Fuel,Non-electrified,427
2017,SALT LAKE,18,Heavy Truck,GASOLINE,Gasoline,Non-electrified,4321
2017,SALT LAKE,18,Heavy Truck,NATURAL GAS,Natural Gas,Non-electrified,333
2017,SALT LAKE,18,Heavy Truck,OTHER,Other,Non-electrified,2
2017,SALT LAKE,18,Heavy Truck,PROPANE,Propane/LPG,Non-electrified,18
2017,SALT LAKE,18,Light Truck,ELECTRIC,BEV,BEV,78
2017,SALT LAKE,18,Light Truck,CONVERTED,Converted,Non-electrified,450
2017,SALT LAKE,18,Light Truck,DIESEL,Diesel,Non-electrified,32798
2017,SALT LAKE,18,Light Truck,FLEXIBLE,Flex Fuel,Non-electrified,37314
2017,SALT LAKE,18,Light Truck,GASOLINE,Gasoline,Non-electrified,231944
2017,SALT LAKE,18,Light Truck,HYBRID,Hybrid,Hybrid,1118
2017,SALT LAKE,18,Light Truck,NATURAL GAS,Natural Gas,Non-electrified,373
2017,SALT LAKE,18,Light Truck,OTHER,Other,Non-electrified,1
2017,SALT LAKE,18,Light Truck,PROPANE,Propane/LPG,Non-electrified,5
2017,SALT LAKE,18,Motorcycle - Standard,ELECTRIC,BEV,BEV,24
2017,SALT LAKE,18,Motorcycle - Standard,FLEXIBLE,Flex Fuel,Non-electrified,14
2017,SALT LAKE,18,Motorcycle - Standard,GASOLINE,Gasoline,Non-electrified,24664
2017,SALT LAKE,18,Motorcycle - Standard,HYBRID,Hybrid,Hybrid,2
2017,SALT LAKE,18,Motorcycle - Standard,NATURAL GAS,Natural Gas,Non-electrified,1
2017,SALT LAKE,18,Motorcycle - Standard,OTHER,Other,Non-electrified,4
2017,SALT LAKE,18,Passenger - Low Speed,ELECTRIC,BEV,BEV,13
2017,SALT LAKE,18,Passenger - Low Speed,GASOLINE,Gasoline,Non-electrified,53
2017,SALT LAKE,18,Passenger - Low Speed,HYBRID,Hybrid,Hybrid,1
2017,SALT LAKE,18,Passenger - Standard,ELECTRIC,BEV,BEV,1260
2017,SALT LAKE,18,Passenger - Standard,CONVERTED,Converted,Non-electrified,458
2017,SALT LAKE,18,Passenger - Standard,DIESEL,Diesel,Non-electrified,3185
2017,SALT LAKE,18,Passenger - Standard,FLEXIBLE,Flex Fuel,Non-electrified,20722
2017,SALT LAKE,18,Passenger - Standard,GASOLINE,Gasoline,Non-electrified,481191
2017,SALT LAKE,18,Passenger - Standard,HYBRID,Hybrid,Hybrid,13868
2017,SALT LAKE,18,Passenger - Standard,NATURAL GAS,Natural Gas,Non-electrified,621
2017,SALT LAKE,18,Passenger - Standard,OTHER,Other,Non-electrified,3
2017,SALT LAKE,18,Passenger - Standard,UNKNOWN,Other,Non-electrified,4
2017,SALT LAKE,18,Passenger - Standard,PROPANE,Propane/LPG,Non-electrified,1
2017,SAN JUAN,19,Heavy Truck,DIESEL,Diesel,Non-electrified,321
2017,SAN JUAN,19,Heavy Truck,FLEXIBLE,Flex Fuel,Non-electrified,1
2017,SAN JUAN,19,Heavy Truck,GASOLINE,Gasoline,Non-electrified,35
2017,SAN JUAN,19,Light Truck,CONVERTED,Converted,Non-electrified,5
2017,SAN JUAN,19,Light Truck,DIESEL,Diesel,Non-electrified,844
2017,SAN JUAN,19,Light Truck,FLEXIBLE,Flex Fuel,Non-electrified,635
2017,SAN JUAN,19,Light Truck,GASOLINE,Gasoline,Non-electrified,3369
2017,SAN JUAN,19,Light Truck,HYBRID,Hybrid,Hybrid,4
2017,SAN JUAN,19,Motorcycle - Standard,GASOLINE,Gasoline,Non-electrified,222
2017,SAN JUAN,19,Passenger - Low Speed,GASOLINE,Gasoline,Non-electrified,1
2017,SAN JUAN,19,Passenger - Standard,ELECTRIC,BEV,BEV,1
2017,SAN JUAN,19,Passenger - Standard,CONVERTED,Converted,Non-electrified,4
2017,SAN JUAN,19,Passenger - Standard,DIESEL,Diesel,Non-electrified,28
2017,SAN JUAN,19,Passenger - Standard,FLEXIBLE,Flex Fuel,Non-electrified,274
2017,SAN JUAN,19,Passenger - Standard,GASOLINE,Gasoline,Non-electrified,3350
2017,SAN JUAN,19,Passenger - Standard,HYBRID,Hybrid,Hybrid,64
2017,SANPETE,20,Heavy Truck,DIESEL,Diesel,Non-electrified,860
2017,SANPETE,20,Heavy Truck,FLEXIBLE,Flex Fuel,Non-electrified,4
2017,SANPETE,20,Heavy Truck,GASOLINE,Gasoline,Non-electrified,164
2017,SANPETE,20,Heavy Truck,NATURAL GAS,Natural Gas,Non-electrified,1
2017,SANPETE,20,Light Truck,CONVERTED,Converted,Non-electrified,27
2017,SANPETE,20,Light Truck,DIESEL,Diesel,Non-electrified,2266
2017,SANPETE,20,Light Truck,FLEXIBLE,Flex Fuel,Non-electrified,942
2017,SANPETE,20,Light Truck,GASOLINE,Gasoline,Non-electrified,8469
2017,SANPETE,20,Light Truck,HYBRID,Hybrid,Hybrid,8
2017,SANPETE,20,Light Truck,NATURAL GAS,Natural Gas,Non-electrified,9
2017,SANPETE,20,Light Truck,PROPANE,Propane/LPG,Non-electrified,1
2017,SANPETE,20,Motorcycle - Standard,GASOLINE,Gasoline,Non-electrified,468
2017,SANPETE,20,Passenger - Low Speed,GASOLINE,Gasoline,Non-electrified,4
2017,SANPETE,20,Passenger - Standard,ELECTRIC,BEV,BEV,2
2017,SANPETE,20,Passenger - Standard,CONVERTED,Converted,Non-electrified,41
2017,SANPETE,20,Passenger - Standard,DIESEL,Diesel,Non-electrified,113
2017,SANPETE,20,Passenger - Standard,FLEXIBLE,Flex Fuel,Non-electrified,675
2017,SANPETE,20,Passenger - Standard,GASOLINE,Gasoline,Non-electrified,11430
2017,SANPETE,20,Passenger - Standard,HYBRID,Hybrid,Hybrid,136
2017,SANPETE,20,Passenger - Standard,NATURAL GAS,Natural Gas,Non-electrified,15
2017,SANPETE,20,Passenger - Standard,UNKNOWN,Other,Non-electrified,2
2017,SEVIER,21,Heavy Truck,CONVERTED,Converted,Non-electrified,8
2017,SEVIER,21,Heavy Truck,DIESEL,Diesel,Non-electrified,1481
2017,SEVIER,21,Heavy Truck,FLEXIBLE,Flex Fuel,Non-electrified,5
2017,SEVIER,21,Heavy Truck,GASOLINE,Gasoline,Non-electrified,126
2017,SEVIER,21,Heavy Truck,NATURAL GAS,Natural Gas,Non-electrified,2
2017,SEVIER,21,Light Truck,CONVERTED,Converted,Non-electrified,25
2017,SEVIER,21,Light Truck,DIESEL,Diesel,Non-electrified,2171
2017,SEVIER,21,Light Truck,FLEXIBLE,Flex Fuel,Non-electrified,963
2017,SEVIER,21,Light Truck,GASOLINE,Gasoline,Non-electrified,7088
2017,SEVIER,21,Light Truck,HYBRID,Hybrid,Hybrid,5
2017,SEVIER,21,Light Truck,NATURAL GAS,Natural Gas,Non-electrified,6
2017,SEVIER,21,Motorcycle - Standard,GASOLINE,Gasoline,Non-electrified,419
2017,SEVIER,21,Passenger - Low Speed,GASOLINE,Gasoline,Non-electrified,1
2017,SEVIER,21,Passenger - Standard,ELECTRIC,BEV,BEV,1
2017,SEVIER,21,Passenger - Standard,CONVERTED,Converted,Non-electrified,35
2017,SEVIER,21,Passenger - Standard,DIESEL,Diesel,Non-electrified,58
2017,SEVIER,21,Passenger - Standard,FLEXIBLE,Flex Fuel,Non-electrified,587
2017,SEVIER,21,Passenger - Standard,GASOLINE,Gasoline,Non-electrified,8672
2017,SEVIER,21,Passenger - Standard,HYBRID,Hybrid,Hybrid,86
2017,SEVIER,21,Passenger - Standard,NATURAL GAS,Natural Gas,Non-electrified,10
2017,SUMMIT,22,Heavy Truck,DIESEL,Diesel,Non-electrified,985
2017,SUMMIT,22,Heavy Truck,FLEXIBLE,Flex Fuel,Non-electrified,13
2017,SUMMIT,22,Heavy Truck,GASOLINE,Gasoline,Non-electrified,200
2017,SUMMIT,22,Heavy Truck,NATURAL GAS,Natural Gas,Non-electrified,15
2017,SUMMIT,22,Light Truck,ELECTRIC,BEV,BEV,27
2017,SUMMIT,22,Light Truck,CONVERTED,Converted,Non-electrified,32
2017,SUMMIT,22,Light Truck,DIESEL,Diesel,Non-electrified,2919
2017,SUMMIT,22,Light Truck,FLEXIBLE,Flex Fuel,Non-electrified,2675
2017,SUMMIT,22,Light Truck,GASOLINE,Gasoline,Non-electrified,16221
2017,SUMMIT,22,Light Truck,HYBRID,Hybrid,Hybrid,151
2017,SUMMIT,22,Light Truck,NATURAL GAS,Natural Gas,Non-electrified,16
2017,SUMMIT,22,Motorcycle - Standard,ELECTRIC,BEV,BEV,1
2017,SUMMIT,22,Motorcycle - Standard,GASOLINE,Gasoline,Non-electrified,1619
2017,SUMMIT,22,Passenger - Low Speed,GASOLINE,Gasoline,Non-electrified,3
2017,SUMMIT,22,Passenger - Standard,ELECTRIC,BEV,BEV,96
2017,SUMMIT,22,Passenger - Standard,CONVERTED,Converted,Non-electrified,20
2017,SUMMIT,22,Passenger - Standard,DIESEL,Diesel,Non-electrified,521
2017,SUMMIT,22,Passenger - Standard,FLEXIBLE,Flex Fuel,Non-electrified,1132
2017,SUMMIT,22,Passenger - Standard,GASOLINE,Gasoline,Non-electrified,21168
2017,SUMMIT,22,Passenger - Standard,HYBRID,Hybrid,Hybrid,572
2017,SUMMIT,22,Passenger - Standard,NATURAL GAS,Natural Gas,Non-electrified,39
2017,TOOELE,23,Heavy Truck,DIESEL,Diesel,Non-electrified,845
2017,TOOELE,23,Heavy Truck,FLEXIBLE,Flex Fuel,Non-electrified,6
2017,TOOELE,23,Heavy Truck,GASOLINE,Gasoline,Non-electrified,294
2017,TOOELE,23,Light Truck,ELECTRIC,BEV,BEV,2
2017,TOOELE,23,Light Truck,CONVERTED,Converted,Non-electrified,34
2017,TOOELE,23,Light Truck,DIESEL,Diesel,Non-electrified,4049
2017,TOOELE,23,Light Truck,FLEXIBLE,Flex Fuel,Non-electrified,2045
2017,TOOELE,23,Light Truck,GASOLINE,Gasoline,Non-electrified,15181
2017,TOOELE,23,Light Truck,HYBRID,Hybrid,Hybrid,13
2017,TOOELE,23,Light Truck,NATURAL GAS,Natural Gas,Non-electrified,14
2017,TOOELE,23,Light Truck,PROPANE,Propane/LPG,Non-electrified,2
2017,TOOELE,23,Motorcycle - Standard,ELECTRIC,BEV,BEV,1
2017,TOOELE,23,Motorcycle - Standard,FLEXIBLE,Flex Fuel,Non-electrified,1
2017,TOOELE,23,Motorcycle - Standard,GASOLINE,Gasoline,Non-electrified,1751
2017,TOOELE,23,Passenger - Low Speed,GASOLINE,Gasoline,Non-electrified,5
2017,TOOELE,23,Passenger - Standard,ELECTRIC,BEV,BEV,19
2017,TOOELE,23,Passenger - Standard,CONVERTED,Converted,Non-electrified,49
2017,TOOELE,23,Passenger - Standard,DIESEL,Diesel,Non-electrified,287
2017,TOOELE,23,Passenger - Standard,FLEXIBLE,Flex Fuel,Non-electrified,1661
2017,TOOELE,23,Passenger - Standard,GASOLINE,Gasoline,Non-electrified,29880
2017,TOOELE,23,Passenger - Standard,HYBRID,Hybrid,Hybrid,494
2017,TOOELE,23,Passenger - Standard,NATURAL GAS,Natural Gas,Non-electrified,34
2017,UINTAH,24,Heavy Truck,CONVERTED,Converted,Non-electrified,6
2017,UINTAH,24,Heavy Truck,DIESEL,Diesel,Non-electrified,2435
2017,UINTAH,24,Heavy Truck,FLEXIBLE,Flex Fuel,Non-electrified,34
2017,UINTAH,24,Heavy Truck,GASOLINE,Gasoline,Non-electrified,315
2017,UINTAH,24,Heavy Truck,NATURAL GAS,Natural Gas,Non-electrified,4
2017,UINTAH,24,Heavy Truck,PROPANE,Propane/LPG,Non-electrified,5
2017,UINTAH,24,Light Truck,CONVERTED,Converted,Non-electrified,21
2017,UINTAH,24,Light Truck,DIESEL,Diesel,Non-electrified,3688
2017,UINTAH,24,Light Truck,FLEXIBLE,Flex Fuel,Non-electrified,2457
2017,UINTAH,24,Light Truck,GASOLINE,Gasoline,Non-electrified,10978
2017,UINTAH,24,Light Truck,HYBRID,Hybrid,Hybrid,7
2017,UINTAH,24,Light Truck,PROPANE,Propane/LPG,Non-electrified,4
2017,UINTAH,24,Motorcycle - Standard,GASOLINE,Gasoline,Non-electrified,947
2017,UINTAH,24,Passenger - Low Speed,GASOLINE,Gasoline,Non-electrified,3
2017,UINTAH,24,Passenger - Standard,ELECTRIC,BEV,BEV,1
2017,UINTAH,24,Passenger - Standard,CONVERTED,Converted,Non-electrified,15
2017,UINTAH,24,Passenger - Standard,DIESEL,Diesel,Non-electrified,116
2017,UINTAH,24,Passenger - Standard,FLEXIBLE,Flex Fuel,Non-electrified,1000
2017,UINTAH,24,Passenger - Standard,GASOLINE,Gasoline,Non-electrified,10347
2017,UINTAH,24,Passenger - Standard,HYBRID,Hybrid,Hybrid,99
2017,UINTAH,24,Passenger - Standard,NATURAL GAS,Natural Gas,Non-electrified,4
2017,UTAH,25,Heavy Truck,CONVERTED,Converted,Non-electrified,19
2017,UTAH,25,Heavy Truck,DIESEL,Diesel,Non-electrified,7349
2017,UTAH,25,Heavy Truck,FLEXIBLE,Flex Fuel,Non-electrified,101
2017,UTAH,25,Heavy Truck,GASOLINE,Gasoline,Non-electrified,1546
2017,UTAH,25,Heavy Truck,HYBRID,Hybrid,Hybrid,1
2017,UTAH,25,Heavy Truck,NATURAL GAS,Natural Gas,Non-electrified,44
2017,UTAH,25,Heavy Truck,OTHER,Other,Non-electrified,1
2017,UTAH,25,Heavy Truck,PROPANE,Propane/LPG,Non-electrified,11
2017,UTAH,25,Light Truck,ELECTRIC,BEV,BEV,33
2017,UTAH,25,Light Truck,CONVERTED,Converted,Non-electrified,270
2017,UTAH,25,Light Truck,DIESEL,Diesel,Non-electrified,17751
2017,UTAH,25,Light Truck,FLEXIBLE,Flex Fuel,Non-electrified,16281
2017,UTAH,25,Light Truck,GASOLINE,Gasoline,Non-electrified,100159
2017,UTAH,25,Light Truck,HYBRID,Hybrid,Hybrid,411
2017,UTAH,25,Light Truck,NATURAL GAS,Natural Gas,Non-electrified,140
2017,UTAH,25,Light Truck,OTHER,Other,Non-electrified,3
2017,UTAH,25,Light Truck,PROPANE,Propane/LPG,Non-electrified,2
2017,UTAH,25,Motorcycle - Standard,ELECTRIC,BEV,BEV,14
2017,UTAH,25,Motorcycle - Standard,FLEXIBLE,Flex Fuel,Non-electrified,9
2017,UTAH,25,Motorcycle - Standard,GASOLINE,Gasoline,Non-electrified,11617
2017,UTAH,25,Motorcycle - Standard,OTHER,Other,Non-electrified,4
2017,UTAH,25,Passenger - Low Speed,ELECTRIC,BEV,BEV,20
2017,UTAH,25,Passenger - Low Speed,FLEXIBLE,Flex Fuel,Non-electrified,1
2017,UTAH,25,Passenger - Low Speed,GASOLINE,Gasoline,Non-electrified,25
2017,UTAH,25,Passenger - Standard,ELECTRIC,BEV,BEV,343
2017,UTAH,25,Passenger - Standard,CONVERTED,Converted,Non-electrified,360
2017,UTAH,25,Passenger - Standard,DIESEL,Diesel,Non-electrified,1953
2017,UTAH,25,Passenger - Standard,FLEXIBLE,Flex Fuel,Non-electrified,9617
2017,UTAH,25,Passenger - Standard,GASOLINE,Gasoline,Non-electrified,213739
2017,UTAH,25,Passenger - Standard,HYBRID,Hybrid,Hybrid,5758
2017,UTAH,25,Passenger - Standard,NATURAL GAS,Natural Gas,Non-electrified,437
2017,UTAH,25,Passenger - Standard,UNKNOWN,Other,Non-electrified,2
2017,UTAH,25,Passenger - Standard,PROPANE,Propane/LPG,Non-electrified,1
2017,WASATCH,26,Heavy Truck,CONVERTED,Converted,Non-electrified,2
2017,WASATCH,26,Heavy Truck,DIESEL,Diesel,Non-electrified,601
2017,WASATCH,26,Heavy Truck,FLEXIBLE,Flex Fuel,Non-electrified,3
2017,WASATCH,26,Heavy Truck,GASOLINE,Gasoline,Non-electrified,144
2017,WASATCH,26,Light Truck,ELECTRIC,BEV,BEV,1
2017,WASATCH,26,Light Truck,CONVERTED,Converted,Non-electrified,22
2017,WASATCH,26,Light Truck,DIESEL,Diesel,Non-electrified,2150
2017,WASATCH,26,Light Truck,FLEXIBLE,Flex Fuel,Non-electrified,1497
2017,WASATCH,26,Light Truck,GASOLINE,Gasoline,Non-electrified,9313
2017,WASATCH,26,Light Truck,HYBRID,Hybrid,Hybrid,44
2017,WASATCH,26,Light Truck,NATURAL GAS,Natural Gas,Non-electrified,6
2017,WASATCH,26,Light Truck,PROPANE,Propane/LPG,Non-electrified,1
2017,WASATCH,26,Motorcycle - Standard,ELECTRIC,BEV,BEV,1
2017,WASATCH,26,Motorcycle - Standard,GASOLINE,Gasoline,Non-electrified,947
2017,WASATCH,26,Motorcycle - Standard,OTHER,Other,Non-electrified,1
2017,WASATCH,26,Passenger - Standard,ELECTRIC,BEV,BEV,9
2017,WASATCH,26,Passenger - Standard,CONVERTED,Converted,Non-electrified,20
2017,WASATCH,26,Passenger - Standard,DIESEL,Diesel,Non-electrified,269
2017,WASATCH,26,Passenger - Standard,FLEXIBLE,Flex Fuel,Non-electrified,734
2017,WASATCH,26,Passenger - Standard,GASOLINE,Gasoline,Non-electrified,12920
2017,WASATCH,26,Passenger - Standard,HYBRID,Hybrid,Hybrid,311
2017,WASATCH,26,Passenger - Standard,NATURAL GAS,Natural Gas,Non-electrified,41
2017,WASATCH,26,Passenger - Standard,PROPANE,Propane/LPG,Non-electrified,1
2017,WASHINGTON,27,Heavy Truck,CONVERTED,Converted,Non-electrified,7
2017,WASHINGTON,27,Heavy Truck,DIESEL,Diesel,Non-electrified,3940
2017,WASHINGTON,27,Heavy Truck,FLEXIBLE,Flex Fuel,Non-electrified,33
2017,WASHINGTON,27,Heavy Truck,GASOLINE,Gasoline,Non-electrified,837
2017,WASHINGTON,27,Heavy Truck,NATURAL GAS,Natural Gas,Non-electrified,10
2017,WASHINGTON,27,Heavy Truck,PROPANE,Propane/LPG,Non-electrified,2
2017,WASHINGTON,27,Light Truck,ELECTRIC,BEV,BEV,8
2017,WASHINGTON,27,Light Truck,CONVERTED,Converted,Non-electrified,111
2017,WASHINGTON,27,Light Truck,DIESEL,Diesel,Non-electrified,8438
2017,WASHINGTON,27,Light Truck,FLEXIBLE,Flex Fuel,Non-electrified,5984
2017,WASHINGTON,27,Light Truck,GASOLINE,Gasoline,Non-electrified,41423
2017,WASHINGTON,27,Light Truck,HYBRID,Hybrid,Hybrid,153
2017,WASHINGTON,27,Light Truck,NATURAL GAS,Natural Gas,Non-electrified,140
2017,WASHINGTON,27,Light Truck,PROPANE,Propane/LPG,Non-electrified,4
2017,WASHINGTON,27,Motorcycle - Standard,ELECTRIC,BEV,BEV,1
2017,WASHINGTON,27,Motorcycle - Standard,GASOLINE,Gasoline,Non-electrified,4837
2017,WASHINGTON,27,Motorcycle - Standard,OTHER,Other,Non-electrified,1
2017,WASHINGTON,27,Passenger - Low Speed,ELECTRIC,BEV,BEV,13
2017,WASHINGTON,27,Passenger - Low Speed,GASOLINE,Gasoline,Non-electrified,3
2017,WASHINGTON,27,Passenger - Low Speed,HYBRID,Hybrid,Hybrid,2
2017,WASHINGTON,27,Passenger - Standard,ELECTRIC,BEV,BEV,68
2017,WASHINGTON,27,Passenger - Standard,CONVERTED,Converted,Non-electrified,106
2017,WASHINGTON,27,Passenger - Standard,DIESEL,Diesel,Non-electrified,840
2017,WASHINGTON,27,Passenger - Standard,FLEXIBLE,Flex Fuel,Non-electrified,2702
2017,WASHINGTON,27,Passenger - Standard,GASOLINE,Gasoline,Non-electrified,67488
2017,WASHINGTON,27,Passenger - Standard,HYBRID,Hybrid,Hybrid,2289
2017,WASHINGTON,27,Passenger - Standard,NATURAL GAS,Natural Gas,Non-electrified,167
2017,WASHINGTON,27,Passenger - Standard,UNKNOWN,Other,Non-electrified,1
2017,WAYNE,28,Heavy Truck,DIESEL,Diesel,Non-electrified,174
2017,WAYNE,28,Heavy Truck,FLEXIBLE,Flex Fuel,Non-electrified,8
2017,WAYNE,28,Heavy Truck,GASOLINE,Gasoline,Non-electrified,27
2017,WAYNE,28,Heavy Truck,PROPANE,Propane/LPG,Non-electrified,1
2017,WAYNE,28,Light Truck,CONVERTED,Converted,Non-electrified,4
2017,WAYNE,28,Light Truck,DIESEL,Diesel,Non-electrified,485
2017,WAYNE,28,Light Truck,FLEXIBLE,Flex Fuel,Non-electrified,114
2017,WAYNE,28,Light Truck,GASOLINE,Gasoline,Non-electrified,1215
2017,WAYNE,28,Light Truck,HYBRID,Hybrid,Hybrid,2
2017,WAYNE,28,Motorcycle - Standard,GASOLINE,Gasoline,Non-electrified,82
2017,WAYNE,28,Passenger - Low Speed,GASOLINE,Gasoline,Non-electrified,1
2017,WAYNE,28,Passenger - Standard,CONVERTED,Converted,Non-electrified,5
2017,WAYNE,28,Passenger - Standard,DIESEL,Diesel,Non-electrified,20
2017,WAYNE,28,Passenger - Standard,FLEXIBLE,Flex Fuel,Non-electrified,89
2017,WAYNE,28,Passenger - Standard,GASOLINE,Gasoline,Non-electrified,1108
2017,WAYNE,28,Passenger - Standard,HYBRID,Hybrid,Hybrid,18
2017,WEBER,29,Heavy Truck,ELECTRIC,BEV,BEV,1
2017,WEBER,29,Heavy Truck,CONVERTED,Converted,Non-electrified,10
2017,WEBER,29,Heavy Truck,DIESEL,Diesel,Non-electrified,4382
2017,WEBER,29,Heavy Truck,FLEXIBLE,Flex Fuel,Non-electrified,35
2017,WEBER,29,Heavy Truck,GASOLINE,Gasoline,Non-electrified,960
2017,WEBER,29,Heavy Truck,NATURAL GAS,Natural Gas,Non-electrified,23
2017,WEBER,29,Heavy Truck,PROPANE,Propane/LPG,Non-electrified,3
2017,WEBER,29,Light Truck,ELECTRIC,BEV,BEV,8
2017,WEBER,29,Light Truck,CONVERTED,Converted,Non-electrified,112
2017,WEBER,29,Light Truck,DIESEL,Diesel,Non-electrified,12032
2017,WEBER,29,Light Truck,FLEXIBLE,Flex Fuel,Non-electrified,7809
2017,WEBER,29,Light Truck,GASOLINE,Gasoline,Non-electrified,51112
2017,WEBER,29,Light Truck,HYBRID,Hybrid,Hybrid,129
2017,WEBER,29,Light Truck,NATURAL GAS,Natural Gas,Non-electrified,55
2017,WEBER,29,Light Truck,PROPANE,Propane/LPG,Non-electrified,4
2017,WEBER,29,Motorcycle - Standard,ELECTRIC,BEV,BEV,3
2017,WEBER,29,Motorcycle - Standard,FLEXIBLE,Flex Fuel,Non-electrified,3
2017,WEBER,29,Motorcycle - Standard,GASOLINE,Gasoline,Non-electrified,6340
2017,WEBER,29,Motorcycle - Standard,OTHER,Other,Non-electrified,2
2017,WEBER,29,Passenger - Low Speed,ELECTRIC,BEV,BEV,2
2017,WEBER,29,Passenger - Low Speed,DIESEL,Diesel,Non-electrified,1
2017,WEBER,29,Passenger - Low Speed,FLEXIBLE,Flex Fuel,Non-electrified,1
2017,WEBER,29,Passenger - Low Speed,GASOLINE,Gasoline,Non-electrified,9
2017,WEBER,29,Passenger - Standard,ELECTRIC,BEV,BEV,97
2017,WEBER,29,Passenger - Standard,CONVERTED,Converted,Non-electrified,148
2017,WEBER,29,Passenger - Standard,DIESEL,Diesel,Non-electrified,766
2017,WEBER,29,Passenger - Standard,FLEXIBLE,Flex Fuel,Non-electrified,4786
2017,WEBER,29,Passenger - Standard,GASOLINE,Gasoline,Non-electrified,100728
2017,WEBER,29,Passenger - Standard,HYBRID,Hybrid,Hybrid,1864
2017,WEBER,29,Passenger - Standard,NATURAL GAS,Natural Gas,Non-electrified,156
2017,WEBER,29,Passenger - Standard,UNKNOWN,Other,Non-electrified,1
2018,BEAVER,1,Heavy Truck,Converted,Converted,Non-electrified,1
2018,BEAVER,1,Heavy Truck,Diesel,Diesel,Non-electrified,316
2018,BEAVER,1,Heavy Truck,Flexible,Flex Fuel,Non-electrified,2
2018,BEAVER,1,Heavy Truck,Gasoline,Gasoline,Non-electrified,46
2018,BEAVER,1,Light Truck,Converted,Converted,Non-electrified,7
2018,BEAVER,1,Light Truck,Diesel,Diesel,Non-electrified,846
2018,BEAVER,1,Light Truck,Flexible,Flex Fuel,Non-electrified,342
2018,BEAVER,1,Light Truck,Gasoline,Gasoline,Non-electrified,2746
2018,BEAVER,1,Light Truck,Hybrid,Hybrid,Hybrid,3
2018,BEAVER,1,Light Truck,Natural Gas,Natural Gas,Non-electrified,2
2018,BEAVER,1,Motorcycle - Standard,Gasoline,Gasoline,Non-electrified,125
2018,BEAVER,1,Passenger - Standard,Converted,Converted,Non-electrified,4
2018,BEAVER,1,Passenger - Standard,Diesel,Diesel,Non-electrified,17
2018,BEAVER,1,Passenger - Standard,Flexible,Flex Fuel,Non-electrified,154
2018,BEAVER,1,Passenger - Standard,Gasoline,Gasoline,Non-electrified,2605
2018,BEAVER,1,Passenger - Standard,Hybrid,Hybrid,Hybrid,48
2018,BEAVER,1,Passenger - Standard,Natural Gas,Natural Gas,Non-electrified,2
2018,BOX ELDER,2,Heavy Truck,Converted,Converted,Non-electrified,4
2018,BOX ELDER,2,Heavy Truck,Diesel,Diesel,Non-electrified,1984
2018,BOX ELDER,2,Heavy Truck,Flexible,Flex Fuel,Non-electrified,28
2018,BOX ELDER,2,Heavy Truck,Gasoline,Gasoline,Non-electrified,352
2018,BOX ELDER,2,Heavy Truck,Natural Gas,Natural Gas,Non-electrified,1
2018,BOX ELDER,2,Light Truck,Converted,Converted,Non-electrified,50
2018,BOX ELDER,2,Light Truck,Diesel,Diesel,Non-electrified,4883
2018,BOX ELDER,2,Light Truck,Flexible,Flex Fuel,Non-electrified,2333
2018,BOX ELDER,2,Light Truck,Gasoline,Gasoline,Non-electrified,15324
2018,BOX ELDER,2,Light Truck,Hybrid,Hybrid,Hybrid,34
2018,BOX ELDER,2,Light Truck,Natural Gas,Natural Gas,Non-electrified,13
2018,BOX ELDER,2,Light Truck,Propane,Propane/LPG,Non-electrified,1
2018,BOX ELDER,2,Motorcycle - Standard,Electric,BEV,BEV,1
2018,BOX ELDER,2,Motorcycle - Standard,Flexible,Flex Fuel,Non-electrified,2
2018,BOX ELDER,2,Motorcycle - Standard,Gasoline,Gasoline,Non-electrified,1474
2018,BOX ELDER,2,Passenger - Low Speed,Gasoline,Gasoline,Non-electrified,2
2018,BOX ELDER,2,Passenger - Standard,Electric,BEV,BEV,15
2018,BOX ELDER,2,Passenger - Standard,Converted,Converted,Non-electrified,94
2018,BOX ELDER,2,Passenger - Standard,Diesel,Diesel,Non-electrified,179
2018,BOX ELDER,2,Passenger - Standard,Flexible,Flex Fuel,Non-electrified,1371
2018,BOX ELDER,2,Passenger - Standard,Gasoline,Gasoline,Non-electrified,25030
2018,BOX ELDER,2,Passenger - Standard,Hybrid,Hybrid,Hybrid,442
2018,BOX ELDER,2,Passenger - Standard,Natural Gas,Natural Gas,Non-electrified,68
2018,CACHE,3,Heavy Truck,Converted,Converted,Non-electrified,5
2018,CACHE,3,Heavy Truck,Diesel,Diesel,Non-electrified,2327
2018,CACHE,3,Heavy Truck,Flexible,Flex Fuel,Non-electrified,29
2018,CACHE,3,Heavy Truck,Gasoline,Gasoline,Non-electrified,507
2018,CACHE,3,Heavy Truck,Natural Gas,Natural Gas,Non-electrified,10
2018,CACHE,3,Heavy Truck,Propane,Propane/LPG,Non-electrified,8
2018,CACHE,3,Light Truck,Electric,BEV,BEV,6
2018,CACHE,3,Light Truck,Converted,Converted,Non-electrified,72
2018,CACHE,3,Light Truck,Diesel,Diesel,Non-electrified,4592
2018,CACHE,3,Light Truck,Flexible,Flex Fuel,Non-electrified,4108
2018,CACHE,3,Light Truck,Gasoline,Gasoline,Non-electrified,29073
2018,CACHE,3,Light Truck,Hybrid,Hybrid,Hybrid,147
2018,CACHE,3,Light Truck,Natural Gas,Natural Gas,Non-electrified,14
2018,CACHE,3,Motorcycle - Standard,Electric,BEV,BEV,3
2018,CACHE,3,Motorcycle - Standard,Flexible,Flex Fuel,Non-electrified,1
2018,CACHE,3,Motorcycle - Standard,Gasoline,Gasoline,Non-electrified,2907
2018,CACHE,3,Motorcycle - Standard,Hybrid,Hybrid,Hybrid,1
2018,CACHE,3,Motorcycle - Standard,Other,Other,Non-electrified,1
2018,CACHE,3,Passenger - Low Speed,Electric,BEV,BEV,2
2018,CACHE,3,Passenger - Low Speed,Gasoline,Gasoline,Non-electrified,4
2018,CACHE,3,Passenger - Standard,Electric,BEV,BEV,65
2018,CACHE,3,Passenger - Standard,Converted,Converted,Non-electrified,75
2018,CACHE,3,Passenger - Standard,Diesel,Diesel,Non-electrified,234
2018,CACHE,3,Passenger - Standard,Flexible,Flex Fuel,Non-electrified,1879
2018,CACHE,3,Passenger - Standard,Gasoline,Gasoline,Non-electrified,44038
2018,CACHE,3,Passenger - Standard,Hybrid,Hybrid,Hybrid,1107
2018,CACHE,3,Passenger - Standard,Natural Gas,Natural Gas,Non-electrified,69
2018,CARBON,4,Heavy Truck,Diesel,Diesel,Non-electrified,522
2018,CARBON,4,Heavy Truck,Flexible,Flex Fuel,Non-electrified,6
2018,CARBON,4,Heavy Truck,Gasoline,Gasoline,Non-electrified,154
2018,CARBON,4,Heavy Truck,Propane,Propane/LPG,Non-electrified,1
2018,CARBON,4,Light Truck,Electric,BEV,BEV,1
2018,CARBON,4,Light Truck,Converted,Converted,Non-electrified,13
2018,CARBON,4,Light Truck,Diesel,Diesel,Non-electrified,1844
2018,CARBON,4,Light Truck,Flexible,Flex Fuel,Non-electrified,1115
2018,CARBON,4,Light Truck,Gasoline,Gasoline,Non-electrified,7004
2018,CARBON,4,Light Truck,Hybrid,Hybrid,Hybrid,7
2018,CARBON,4,Light Truck,Natural Gas,Natural Gas,Non-electrified,6
2018,CARBON,4,Motorcycle - Standard,Gasoline,Gasoline,Non-electrified,573
2018,CARBON,4,Passenger - Low Speed,Gasoline,Gasoline,Non-electrified,2
2018,CARBON,4,Passenger - Standard,Electric,BEV,BEV,2
2018,CARBON,4,Passenger - Standard,Converted,Converted,Non-electrified,23
2018,CARBON,4,Passenger - Standard,Diesel,Diesel,Non-electrified,46
2018,CARBON,4,Passenger - Standard,Flexible,Flex Fuel,Non-electrified,679
2018,CARBON,4,Passenger - Standard,Gasoline,Gasoline,Non-electrified,8534
2018,CARBON,4,Passenger - Standard,Hybrid,Hybrid,Hybrid,115
2018,CARBON,4,Passenger - Standard,Natural Gas,Natural Gas,Non-electrified,7
2018,DAGGETT,5,Heavy Truck,Diesel,Diesel,Non-electrified,43
2018,DAGGETT,5,Heavy Truck,Flexible,Flex Fuel,Non-electrified,1
2018,DAGGETT,5,Heavy Truck,Gasoline,Gasoline,Non-electrified,6
2018,DAGGETT,5,Light Truck,Converted,Converted,Non-electrified,1
2018,DAGGETT,5,Light Truck,Diesel,Diesel,Non-electrified,235
2018,DAGGETT,5,Light Truck,Flexible,Flex Fuel,Non-electrified,69
2018,DAGGETT,5,Light Truck,Gasoline,Gasoline,Non-electrified,458
2018,DAGGETT,5,Motorcycle - Standard,Gasoline,Gasoline,Non-electrified,18
2018,DAGGETT,5,Passenger - Low Speed,Gasoline,Gasoline,Non-electrified,1
2018,DAGGETT,5,Passenger - Standard,Diesel,Diesel,Non-electrified,3
2018,DAGGETT,5,Passenger - Standard,Flexible,Flex Fuel,Non-electrified,32
2018,DAGGETT,5,Passenger - Standard,Gasoline,Gasoline,Non-electrified,410
2018,DAGGETT,5,Passenger - Standard,Hybrid,Hybrid,Hybrid,7
2018,DAVIS,6,Heavy Truck,Converted,Converted,Non-electrified,5
2018,DAVIS,6,Heavy Truck,Diesel,Diesel,Non-electrified,3173
2018,DAVIS,6,Heavy Truck,Flexible,Flex Fuel,Non-electrified,64
2018,DAVIS,6,Heavy Truck,Gasoline,Gasoline,Non-electrified,1180
2018,DAVIS,6,Heavy Truck,Hybrid,Hybrid,Hybrid,1
2018,DAVIS,6,Heavy Truck,Natural Gas,Natural Gas,Non-electrified,1
2018,DAVIS,6,Heavy Truck,Propane,Propane/LPG,Non-electrified,1
2018,DAVIS,6,Light Truck,Electric,BEV,BEV,27
2018,DAVIS,6,Light Truck,Converted,Converted,Non-electrified,140
2018,DAVIS,6,Light Truck,Diesel,Diesel,Non-electrified,9656
2018,DAVIS,6,Light Truck,Flexible,Flex Fuel,Non-electrified,12649
2018,DAVIS,6,Light Truck,Gasoline,Gasoline,Non-electrified,75054
2018,DAVIS,6,Light Truck,Hybrid,Hybrid,Hybrid,425
2018,DAVIS,6,Light Truck,Natural Gas,Natural Gas,Non-electrified,65
2018,DAVIS,6,Motorcycle - Standard,Electric,BEV,BEV,10
2018,DAVIS,6,Motorcycle - Standard,Flexible,Flex Fuel,Non-electrified,4
2018,DAVIS,6,Motorcycle - Standard,Gasoline,Gasoline,Non-electrified,8422
2018,DAVIS,6,Motorcycle - Standard,Other,Other,Non-electrified,1
2018,DAVIS,6,Passenger - Low Speed,Gasoline,Gasoline,Non-electrified,22
2018,DAVIS,6,Passenger - Standard,Electric,BEV,BEV,319
2018,DAVIS,6,Passenger - Standard,Converted,Converted,Non-electrified,192
2018,DAVIS,6,Passenger - Standard,Diesel,Diesel,Non-electrified,587
2018,DAVIS,6,Passenger - Standard,Flexible,Flex Fuel,Non-electrified,6445
2018,DAVIS,6,Passenger - Standard,Gasoline,Gasoline,Non-electrified,138632
2018,DAVIS,6,Passenger - Standard,Hybrid,Hybrid,Hybrid,3604
2018,DAVIS,6,Passenger - Standard,Natural Gas,Natural Gas,Non-electrified,310
2018,DAVIS,6,Passenger - Standard,Other,Other,Non-electrified,2
2018,DAVIS,6,Passenger - Standard,Propane,Propane/LPG,Non-electrified,2
2018,DUCHESNE,7,Heavy Truck,Diesel,Diesel,Non-electrified,1809
2018,DUCHESNE,7,Heavy Truck,Flexible,Flex Fuel,Non-electrified,18
2018,DUCHESNE,7,Heavy Truck,Gasoline,Gasoline,Non-electrified,168
2018,DUCHESNE,7,Heavy Truck,Propane,Propane/LPG,Non-electrified,2
2018,DUCHESNE,7,Light Truck,Electric,BEV,BEV,1
2018,DUCHESNE,7,Light Truck,Converted,Converted,Non-electrified,16
2018,DUCHESNE,7,Light Truck,Diesel,Diesel,Non-electrified,3016
2018,DUCHESNE,7,Light Truck,Flexible,Flex Fuel,Non-electrified,1675
2018,DUCHESNE,7,Light Truck,Gasoline,Gasoline,Non-electrified,8066
2018,DUCHESNE,7,Light Truck,Hybrid,Hybrid,Hybrid,8
2018,DUCHESNE,7,Light Truck,Natural Gas,Natural Gas,Non-electrified,3
2018,DUCHESNE,7,Motorcycle - Standard,Gasoline,Gasoline,Non-electrified,528
2018,DUCHESNE,7,Passenger - Low Speed,Gasoline,Gasoline,Non-electrified,1
2018,DUCHESNE,7,Passenger - Standard,Electric,BEV,BEV,3
2018,DUCHESNE,7,Passenger - Standard,Converted,Converted,Non-electrified,4
2018,DUCHESNE,7,Passenger - Standard,Diesel,Diesel,Non-electrified,53
2018,DUCHESNE,7,Passenger - Standard,Flexible,Flex Fuel,Non-electrified,637
2018,DUCHESNE,7,Passenger - Standard,Gasoline,Gasoline,Non-electrified,6703
2018,DUCHESNE,7,Passenger - Standard,Hybrid,Hybrid,Hybrid,52
2018,DUCHESNE,7,Passenger - Standard,Natural Gas,Natural Gas,Non-electrified,3
2018,EMERY,8,Heavy Truck,Diesel,Diesel,Non-electrified,314
2018,EMERY,8,Heavy Truck,Flexible,Flex Fuel,Non-electrified,2
2018,EMERY,8,Heavy Truck,Gasoline,Gasoline,Non-electrified,44
2018,EMERY,8,Light Truck,Converted,Converted,Non-electrified,9
2018,EMERY,8,Light Truck,Diesel,Diesel,Non-electrified,1439
2018,EMERY,8,Light Truck,Flexible,Flex Fuel,Non-electrified,553
2018,EMERY,8,Light Truck,Gasoline,Gasoline,Non-electrified,3524
2018,EMERY,8,Light Truck,Hybrid,Hybrid,Hybrid,4
2018,EMERY,8,Motorcycle - Standard,Gasoline,Gasoline,Non-electrified,180
2018,EMERY,8,Passenger - Low Speed,Gasoline,Gasoline,Non-electrified,1
2018,EMERY,8,Passenger - Standard,Converted,Converted,Non-electrified,11
2018,EMERY,8,Passenger - Standard,Diesel,Diesel,Non-electrified,41
2018,EMERY,8,Passenger - Standard,Flexible,Flex Fuel,Non-electrified,349
2018,EMERY,8,Passenger - Standard,Gasoline,Gasoline,Non-electrified,4066
2018,EMERY,8,Passenger - Standard,Hybrid,Hybrid,Hybrid,57
2018,EMERY,8,Passenger - Standard,Natural Gas,Natural Gas,Non-electrified,3
2018,GARFIELD,9,Heavy Truck,Diesel,Diesel,Non-electrified,236
2018,GARFIELD,9,Heavy Truck,Gasoline,Gasoline,Non-electrified,37
2018,GARFIELD,9,Light Truck,Converted,Converted,Non-electrified,6
2018,GARFIELD,9,Light Truck,Diesel,Diesel,Non-electrified,776
2018,GARFIELD,9,Light Truck,Flexible,Flex Fuel,Non-electrified,270
2018,GARFIELD,9,Light Truck,Gasoline,Gasoline,Non-electrified,2121
2018,GARFIELD,9,Light Truck,Hybrid,Hybrid,Hybrid,2
2018,GARFIELD,9,Motorcycle - Standard,Gasoline,Gasoline,Non-electrified,105
2018,GARFIELD,9,Passenger - Low Speed,Gasoline,Gasoline,Non-electrified,1
2018,GARFIELD,9,Passenger - Standard,Converted,Converted,Non-electrified,2
2018,GARFIELD,9,Passenger - Standard,Diesel,Diesel,Non-electrified,20
2018,GARFIELD,9,Passenger - Standard,Flexible,Flex Fuel,Non-electrified,137
2018,GARFIELD,9,Passenger - Standard,Gasoline,Gasoline,Non-electrified,1907
2018,GARFIELD,9,Passenger - Standard,Hybrid,Hybrid,Hybrid,32
2018,GRAND,10,Heavy Truck,Diesel,Diesel,Non-electrified,307
2018,GRAND,10,Heavy Truck,Gasoline,Gasoline,Non-electrified,79
2018,GRAND,10,Light Truck,Electric,BEV,BEV,2
2018,GRAND,10,Light Truck,Converted,Converted,Non-electrified,7
2018,GRAND,10,Light Truck,Diesel,Diesel,Non-electrified,836
2018,GRAND,10,Light Truck,Flexible,Flex Fuel,Non-electrified,654
2018,GRAND,10,Light Truck,Gasoline,Gasoline,Non-electrified,4494
2018,GRAND,10,Light Truck,Hybrid,Hybrid,Hybrid,14
2018,GRAND,10,Light Truck,Natural Gas,Natural Gas,Non-electrified,2
2018,GRAND,10,Motorcycle - Standard,Electric,BEV,BEV,1
2018,GRAND,10,Motorcycle - Standard,Gasoline,Gasoline,Non-electrified,542
2018,GRAND,10,Passenger - Low Speed,Gasoline,Gasoline,Non-electrified,1
2018,GRAND,10,Passenger - Standard,Electric,BEV,BEV,5
2018,GRAND,10,Passenger - Standard,Converted,Converted,Non-electrified,6
2018,GRAND,10,Passenger - Standard,Diesel,Diesel,Non-electrified,48
2018,GRAND,10,Passenger - Standard,Flexible,Flex Fuel,Non-electrified,183
2018,GRAND,10,Passenger - Standard,Gasoline,Gasoline,Non-electrified,4163
2018,GRAND,10,Passenger - Standard,Hybrid,Hybrid,Hybrid,137
2018,GRAND,10,Passenger - Standard,Natural Gas,Natural Gas,Non-electrified,2
2018,IRON,11,Heavy Truck,Converted,Converted,Non-electrified,1
2018,IRON,11,Heavy Truck,Diesel,Diesel,Non-electrified,1064
2018,IRON,11,Heavy Truck,Flexible,Flex Fuel,Non-electrified,8
2018,IRON,11,Heavy Truck,Gasoline,Gasoline,Non-electrified,245
2018,IRON,11,Heavy Truck,Natural Gas,Natural Gas,Non-electrified,1
2018,IRON,11,Heavy Truck,Propane,Propane/LPG,Non-electrified,13
2018,IRON,11,Light Truck,Electric,BEV,BEV,1
2018,IRON,11,Light Truck,Converted,Converted,Non-electrified,44
2018,IRON,11,Light Truck,Diesel,Diesel,Non-electrified,3433
2018,IRON,11,Light Truck,Flexible,Flex Fuel,Non-electrified,2152
2018,IRON,11,Light Truck,Gasoline,Gasoline,Non-electrified,14758
2018,IRON,11,Light Truck,Hybrid,Hybrid,Hybrid,31
2018,IRON,11,Light Truck,Natural Gas,Natural Gas,Non-electrified,28
2018,IRON,11,Light Truck,Propane,Propane/LPG,Non-electrified,1
2018,IRON,11,Motorcycle - Standard,Electric,BEV,BEV,2
2018,IRON,11,Motorcycle - Standard,Flexible,Flex Fuel,Non-electrified,1
2018,IRON,11,Motorcycle - Standard,Gasoline,Gasoline,Non-electrified,1080
2018,IRON,11,Passenger - Low Speed,Electric,BEV,BEV,1
2018,IRON,11,Passenger - Low Speed,Gasoline,Gasoline,Non-electrified,3
2018,IRON,11,Passenger - Standard,Electric,BEV,BEV,8
2018,IRON,11,Passenger - Standard,Converted,Converted,Non-electrified,38
2018,IRON,11,Passenger - Standard,Diesel,Diesel,Non-electrified,183
2018,IRON,11,Passenger - Standard,Flexible,Flex Fuel,Non-electrified,872
2018,IRON,11,Passenger - Standard,Gasoline,Gasoline,Non-electrified,18039
2018,IRON,11,Passenger - Standard,Hybrid,Hybrid,Hybrid,386
2018,IRON,11,Passenger - Standard,Natural Gas,Natural Gas,Non-electrified,51
2018,JUAB,12,Heavy Truck,Converted,Converted,Non-electrified,3
2018,JUAB,12,Heavy Truck,Diesel,Diesel,Non-electrified,575
2018,JUAB,12,Heavy Truck,Flexible,Flex Fuel,Non-electrified,7
2018,JUAB,12,Heavy Truck,Gasoline,Gasoline,Non-electrified,74
2018,JUAB,12,Light Truck,Converted,Converted,Non-electrified,13
2018,JUAB,12,Light Truck,Diesel,Diesel,Non-electrified,1365
2018,JUAB,12,Light Truck,Flexible,Flex Fuel,Non-electrified,497
2018,JUAB,12,Light Truck,Gasoline,Gasoline,Non-electrified,3440
2018,JUAB,12,Light Truck,Hybrid,Hybrid,Hybrid,1
2018,JUAB,12,Light Truck,Natural Gas,Natural Gas,Non-electrified,4
2018,JUAB,12,Motorcycle - Standard,Electric,BEV,BEV,1
2018,JUAB,12,Motorcycle - Standard,Gasoline,Gasoline,Non-electrified,257
2018,JUAB,12,Passenger - Low Speed,Gasoline,Gasoline,Non-electrified,1
2018,JUAB,12,Passenger - Standard,Electric,BEV,BEV,1
2018,JUAB,12,Passenger - Standard,Converted,Converted,Non-electrified,20
2018,JUAB,12,Passenger - Standard,Diesel,Diesel,Non-electrified,44
2018,JUAB,12,Passenger - Standard,Flexible,Flex Fuel,Non-electrified,337
2018,JUAB,12,Passenger - Standard,Gasoline,Gasoline,Non-electrified,5038
2018,JUAB,12,Passenger - Standard,Hybrid,Hybrid,Hybrid,96
2018,JUAB,12,Passenger - Standard,Natural Gas,Natural Gas,Non-electrified,6
2018,KANE,13,Heavy Truck,Diesel,Diesel,Non-electrified,292
2018,KANE,13,Heavy Truck,Gasoline,Gasoline,Non-electrified,63
2018,KANE,13,Light Truck,Converted,Converted,Non-electrified,2
2018,KANE,13,Light Truck,Diesel,Diesel,Non-electrified,800
2018,KANE,13,Light Truck,Flexible,Flex Fuel,Non-electrified,431
2018,KANE,13,Light Truck,Gasoline,Gasoline,Non-electrified,3213
2018,KANE,13,Light Truck,Hybrid,Hybrid,Hybrid,4
2018,KANE,13,Light Truck,Natural Gas,Natural Gas,Non-electrified,1
2018,KANE,13,Light Truck,Other,Other,Non-electrified,1
2018,KANE,13,Light Truck,Propane,Propane/LPG,Non-electrified,1
2018,KANE,13,Motorcycle - Standard,Electric,BEV,BEV,1
2018,KANE,13,Motorcycle - Standard,Gasoline,Gasoline,Non-electrified,224
2018,KANE,13,Passenger - Low Speed,Electric,BEV,BEV,4
2018,KANE,13,Passenger - Standard,Electric,BEV,BEV,2
2018,KANE,13,Passenger - Standard,Diesel,Diesel,Non-electrified,49
2018,KANE,13,Passenger - Standard,Flexible,Flex Fuel,Non-electrified,164
2018,KANE,13,Passenger - Standard,Gasoline,Gasoline,Non-electrified,2659
2018,KANE,13,Passenger - Standard,Hybrid,Hybrid,Hybrid,49
2018,MILLARD,14,Heavy Truck,Diesel,Diesel,Non-electrified,606
2018,MILLARD,14,Heavy Truck,Flexible,Flex Fuel,Non-electrified,1
2018,MILLARD,14,Heavy Truck,Gasoline,Gasoline,Non-electrified,69
2018,MILLARD,14,Heavy Truck,Propane,Propane/LPG,Non-electrified,1
2018,MILLARD,14,Light Truck,Converted,Converted,Non-electrified,9
2018,MILLARD,14,Light Truck,Diesel,Diesel,Non-electrified,1527
2018,MILLARD,14,Light Truck,Flexible,Flex Fuel,Non-electrified,671
2018,MILLARD,14,Light Truck,Gasoline,Gasoline,Non-electrified,4307
2018,MILLARD,14,Light Truck,Hybrid,Hybrid,Hybrid,2
2018,MILLARD,14,Light Truck,Natural Gas,Natural Gas,Non-electrified,7
2018,MILLARD,14,Motorcycle - Standard,Gasoline,Gasoline,Non-electrified,234
2018,MILLARD,14,Passenger - Low Speed,Gasoline,Gasoline,Non-electrified,1
2018,MILLARD,14,Passenger - Standard,Electric,BEV,BEV,2
2018,MILLARD,14,Passenger - Standard,Converted,Converted,Non-electrified,19
2018,MILLARD,14,Passenger - Standard,Diesel,Diesel,Non-electrified,66
2018,MILLARD,14,Passenger - Standard,Flexible,Flex Fuel,Non-electrified,404
2018,MILLARD,14,Passenger - Standard,Gasoline,Gasoline,Non-electrified,5668
2018,MILLARD,14,Passenger - Standard,Hybrid,Hybrid,Hybrid,73
2018,MILLARD,14,Passenger - Standard,Natural Gas,Natural Gas,Non-electrified,6
2018,MORGAN,15,Heavy Truck,Converted,Converted,Non-electrified,4
2018,MORGAN,15,Heavy Truck,Diesel,Diesel,Non-electrified,325
2018,MORGAN,15,Heavy Truck,Flexible,Flex Fuel,Non-electrified,4
2018,MORGAN,15,Heavy Truck,Gasoline,Gasoline,Non-electrified,89
2018,MORGAN,15,Light Truck,Converted,Converted,Non-electrified,11
2018,MORGAN,15,Light Truck,Diesel,Diesel,Non-electrified,1356
2018,MORGAN,15,Light Truck,Flexible,Flex Fuel,Non-electrified,595
2018,MORGAN,15,Light Truck,Gasoline,Gasoline,Non-electrified,3657
2018,MORGAN,15,Light Truck,Hybrid,Hybrid,Hybrid,14
2018,MORGAN,15,Light Truck,Natural Gas,Natural Gas,Non-electrified,11
2018,MORGAN,15,Light Truck,Propane,Propane/LPG,Non-electrified,1
2018,MORGAN,15,Motorcycle - Standard,Gasoline,Gasoline,Non-electrified,309
2018,MORGAN,15,Passenger - Low Speed,Gasoline,Gasoline,Non-electrified,2
2018,MORGAN,15,Passenger - Standard,Electric,BEV,BEV,7
2018,MORGAN,15,Passenger - Standard,Converted,Converted,Non-electrified,9
2018,MORGAN,15,Passenger - Standard,Diesel,Diesel,Non-electrified,54
2018,MORGAN,15,Passenger - Standard,Flexible,Flex Fuel,Non-electrified,291
2018,MORGAN,15,Passenger - Standard,Gasoline,Gasoline,Non-electrified,5239
2018,MORGAN,15,Passenger - Standard,Hybrid,Hybrid,Hybrid,142
2018,MORGAN,15,Passenger - Standard,Natural Gas,Natural Gas,Non-electrified,11
2018,OUT OF STATE,99,Heavy Truck,Converted,Converted,Non-electrified,2
2018,OUT OF STATE,99,Heavy Truck,Diesel,Diesel,Non-electrified,1217
2018,OUT OF STATE,99,Heavy Truck,Flexible,Flex Fuel,Non-electrified,1
2018,OUT OF STATE,99,Heavy Truck,Gasoline,Gasoline,Non-electrified,186
2018,OUT OF STATE,99,Light Truck,Converted,Converted,Non-electrified,2
2018,OUT OF STATE,99,Light Truck,Diesel,Diesel,Non-electrified,144
2018,OUT OF STATE,99,Light Truck,Flexible,Flex Fuel,Non-electrified,153
2018,OUT OF STATE,99,Light Truck,Gasoline,Gasoline,Non-electrified,947
2018,OUT OF STATE,99,Light Truck,Hybrid,Hybrid,Hybrid,4
2018,OUT OF STATE,99,Light Truck,Natural Gas,Natural Gas,Non-electrified,2
2018,OUT OF STATE,99,Motorcycle - Standard,Gasoline,Gasoline,Non-electrified,58
2018,OUT OF STATE,99,Passenger - Standard,Electric,BEV,BEV,3
2018,OUT OF STATE,99,Passenger - Standard,Converted,Converted,Non-electrified,2
2018,OUT OF STATE,99,Passenger - Standard,Diesel,Diesel,Non-electrified,3
2018,OUT OF STATE,99,Passenger - Standard,Flexible,Flex Fuel,Non-electrified,57
2018,OUT OF STATE,99,Passenger - Standard,Gasoline,Gasoline,Non-electrified,1282
2018,OUT OF STATE,99,Passenger - Standard,Hybrid,Hybrid,Hybrid,35
2018,OUT OF STATE,99,Passenger - Standard,Natural Gas,Natural Gas,Non-electrified,1
2018,PIUTE,16,Heavy Truck,Diesel,Diesel,Non-electrified,84
2018,PIUTE,16,Heavy Truck,Gasoline,Gasoline,Non-electrified,7
2018,PIUTE,16,Light Truck,Converted,Converted,Non-electrified,1
2018,PIUTE,16,Light Truck,Diesel,Diesel,Non-electrified,266
2018,PIUTE,16,Light Truck,Flexible,Flex Fuel,Non-electrified,66
2018,PIUTE,16,Light Truck,Gasoline,Gasoline,Non-electrified,618
2018,PIUTE,16,Light Truck,Natural Gas,Natural Gas,Non-electrified,2
2018,PIUTE,16,Motorcycle - Standard,Gasoline,Gasoline,Non-electrified,42
2018,PIUTE,16,Passenger - Standard,Converted,Converted,Non-electrified,3
2018,PIUTE,16,Passenger - Standard,Diesel,Diesel,Non-electrified,8
2018,PIUTE,16,Passenger - Standard,Flexible,Flex Fuel,Non-electrified,32
2018,PIUTE,16,Passenger - Standard,Gasoline,Gasoline,Non-electrified,672
2018,PIUTE,16,Passenger - Standard,Hybrid,Hybrid,Hybrid,5
2018,PIUTE,16,Passenger - Standard,Natural Gas,Natural Gas,Non-electrified,3
2018,RICH,17,Heavy Truck,Diesel,Diesel,Non-electrified,99
2018,RICH,17,Heavy Truck,Gasoline,Gasoline,Non-electrified,18
2018,RICH,17,Light Truck,Converted,Converted,Non-electrified,2
2018,RICH,17,Light Truck,Diesel,Diesel,Non-electrified,436
2018,RICH,17,Light Truck,Flexible,Flex Fuel,Non-electrified,151
2018,RICH,17,Light Truck,Gasoline,Gasoline,Non-electrified,985
2018,RICH,17,Light Truck,Hybrid,Hybrid,Hybrid,1
2018,RICH,17,Motorcycle - Standard,Gasoline,Gasoline,Non-electrified,59
2018,RICH,17,Passenger - Standard,Diesel,Diesel,Non-electrified,5
2018,RICH,17,Passenger - Standard,Flexible,Flex Fuel,Non-electrified,90
2018,RICH,17,Passenger - Standard,Gasoline,Gasoline,Non-electrified,975
2018,RICH,17,Passenger - Standard,Hybrid,Hybrid,Hybrid,16
2018,RICH,17,Passenger - Standard,Natural Gas,Natural Gas,Non-electrified,1
2018,SALT LAKE,18,Heavy Truck,Electric,BEV,BEV,2
2018,SALT LAKE,18,Heavy Truck,Converted,Converted,Non-electrified,111
2018,SALT LAKE,18,Heavy Truck,Diesel,Diesel,Non-electrified,23137
2018,SALT LAKE,18,Heavy Truck,Flexible,Flex Fuel,Non-electrified,505
2018,SALT LAKE,18,Heavy Truck,Gasoline,Gasoline,Non-electrified,4880
2018,SALT LAKE,18,Heavy Truck,Natural Gas,Natural Gas,Non-electrified,366
2018,SALT LAKE,18,Heavy Truck,Other,Other,Non-electrified,4
2018,SALT LAKE,18,Heavy Truck,Propane,Propane/LPG,Non-electrified,10
2018,SALT LAKE,18,Light Truck,Electric,BEV,BEV,127
2018,SALT LAKE,18,Light Truck,Converted,Converted,Non-electrified,451
2018,SALT LAKE,18,Light Truck,Diesel,Diesel,Non-electrified,37385
2018,SALT LAKE,18,Light Truck,Flexible,Flex Fuel,Non-electrified,42158
2018,SALT LAKE,18,Light Truck,Gasoline,Gasoline,Non-electrified,265001
2018,SALT LAKE,18,Light Truck,Hybrid,Hybrid,Hybrid,1844
2018,SALT LAKE,18,Light Truck,Natural Gas,Natural Gas,Non-electrified,360
2018,SALT LAKE,18,Light Truck,Other,Other,Non-electrified,1
2018,SALT LAKE,18,Light Truck,Propane,Propane/LPG,Non-electrified,5
2018,SALT LAKE,18,Motorcycle - Standard,Electric,BEV,BEV,28
2018,SALT LAKE,18,Motorcycle - Standard,Converted,Converted,Non-electrified,1
2018,SALT LAKE,18,Motorcycle - Standard,Flexible,Flex Fuel,Non-electrified,9
2018,SALT LAKE,18,Motorcycle - Standard,Gasoline,Gasoline,Non-electrified,24788
2018,SALT LAKE,18,Motorcycle - Standard,Hybrid,Hybrid,Hybrid,1
2018,SALT LAKE,18,Motorcycle - Standard,Natural Gas,Natural Gas,Non-electrified,1
2018,SALT LAKE,18,Motorcycle - Standard,Other,Other,Non-electrified,5
2018,SALT LAKE,18,Passenger - Low Speed,Electric,BEV,BEV,10
2018,SALT LAKE,18,Passenger - Low Speed,Flexible,Flex Fuel,Non-electrified,2
2018,SALT LAKE,18,Passenger - Low Speed,Gasoline,Gasoline,Non-electrified,69
2018,SALT LAKE,18,Passenger - Low Speed,Hybrid,Hybrid,Hybrid,2
2018,SALT LAKE,18,Passenger - Standard,Electric,BEV,BEV,1774
2018,SALT LAKE,18,Passenger - Standard,Converted,Converted,Non-electrified,389
2018,SALT LAKE,18,Passenger - Standard,Diesel,Diesel,Non-electrified,1954
2018,SALT LAKE,18,Passenger - Standard,Flexible,Flex Fuel,Non-electrified,19900
2018,SALT LAKE,18,Passenger - Standard,Gasoline,Gasoline,Non-electrified,469611
2018,SALT LAKE,18,Passenger - Standard,Hybrid,Hybrid,Hybrid,14947
2018,SALT LAKE,18,Passenger - Standard,Natural Gas,Natural Gas,Non-electrified,577
2018,SALT LAKE,18,Passenger - Standard,Other,Other,Non-electrified,2
2018,SAN JUAN,19,Heavy Truck,Diesel,Diesel,Non-electrified,332
2018,SAN JUAN,19,Heavy Truck,Flexible,Flex Fuel,Non-electrified,1
2018,SAN JUAN,19,Heavy Truck,Gasoline,Gasoline,Non-electrified,34
2018,SAN JUAN,19,Light Truck,Converted,Converted,Non-electrified,6
2018,SAN JUAN,19,Light Truck,Diesel,Diesel,Non-electrified,915
2018,SAN JUAN,19,Light Truck,Flexible,Flex Fuel,Non-electrified,679
2018,SAN JUAN,19,Light Truck,Gasoline,Gasoline,Non-electrified,3640
2018,SAN JUAN,19,Light Truck,Hybrid,Hybrid,Hybrid,5
2018,SAN JUAN,19,Motorcycle - Standard,Gasoline,Gasoline,Non-electrified,230
2018,SAN JUAN,19,Passenger - Low Speed,Gasoline,Gasoline,Non-electrified,1
2018,SAN JUAN,19,Passenger - Standard,Electric,BEV,BEV,1
2018,SAN JUAN,19,Passenger - Standard,Converted,Converted,Non-electrified,3
2018,SAN JUAN,19,Passenger - Standard,Diesel,Diesel,Non-electrified,23
2018,SAN JUAN,19,Passenger - Standard,Flexible,Flex Fuel,Non-electrified,270
2018,SAN JUAN,19,Passenger - Standard,Gasoline,Gasoline,Non-electrified,3292
2018,SAN JUAN,19,Passenger - Standard,Hybrid,Hybrid,Hybrid,69
2018,SAN JUAN,19,Passenger - Standard,Natural Gas,Natural Gas,Non-electrified,1
2018,SANPETE,20,Heavy Truck,Diesel,Diesel,Non-electrified,831
2018,SANPETE,20,Heavy Truck,Flexible,Flex Fuel,Non-electrified,4
2018,SANPETE,20,Heavy Truck,Gasoline,Gasoline,Non-electrified,179
2018,SANPETE,20,Light Truck,Electric,BEV,BEV,1
2018,SANPETE,20,Light Truck,Converted,Converted,Non-electrified,25
2018,SANPETE,20,Light Truck,Diesel,Diesel,Non-electrified,2419
2018,SANPETE,20,Light Truck,Flexible,Flex Fuel,Non-electrified,1082
2018,SANPETE,20,Light Truck,Gasoline,Gasoline,Non-electrified,8968
2018,SANPETE,20,Light Truck,Hybrid,Hybrid,Hybrid,10
2018,SANPETE,20,Light Truck,Natural Gas,Natural Gas,Non-electrified,7
2018,SANPETE,20,Motorcycle - Standard,Gasoline,Gasoline,Non-electrified,474
2018,SANPETE,20,Passenger - Low Speed,Gasoline,Gasoline,Non-electrified,4
2018,SANPETE,20,Passenger - Standard,Electric,BEV,BEV,5
2018,SANPETE,20,Passenger - Standard,Converted,Converted,Non-electrified,38
2018,SANPETE,20,Passenger - Standard,Diesel,Diesel,Non-electrified,88
2018,SANPETE,20,Passenger - Standard,Flexible,Flex Fuel,Non-electrified,681
2018,SANPETE,20,Passenger - Standard,Gasoline,Gasoline,Non-electrified,11415
2018,SANPETE,20,Passenger - Standard,Hybrid,Hybrid,Hybrid,159
2018,SANPETE,20,Passenger - Standard,Natural Gas,Natural Gas,Non-electrified,16
2018,SEVIER,21,Heavy Truck,Converted,Converted,Non-electrified,8
2018,SEVIER,21,Heavy Truck,Diesel,Diesel,Non-electrified,1432
2018,SEVIER,21,Heavy Truck,Flexible,Flex Fuel,Non-electrified,8
2018,SEVIER,21,Heavy Truck,Gasoline,Gasoline,Non-electrified,126
2018,SEVIER,21,Light Truck,Converted,Converted,Non-electrified,22
2018,SEVIER,21,Light Truck,Diesel,Diesel,Non-electrified,2360
2018,SEVIER,21,Light Truck,Flexible,Flex Fuel,Non-electrified,1069
2018,SEVIER,21,Light Truck,Gasoline,Gasoline,Non-electrified,7459
2018,SEVIER,21,Light Truck,Hybrid,Hybrid,Hybrid,10
2018,SEVIER,21,Light Truck,Natural Gas,Natural Gas,Non-electrified,7
2018,SEVIER,21,Motorcycle - Standard,Gasoline,Gasoline,Non-electrified,438
2018,SEVIER,21,Passenger - Low Speed,Gasoline,Gasoline,Non-electrified,3
2018,SEVIER,21,Passenger - Standard,Electric,BEV,BEV,2
2018,SEVIER,21,Passenger - Standard,Converted,Converted,Non-electrified,31
2018,SEVIER,21,Passenger - Standard,Diesel,Diesel,Non-electrified,45
2018,SEVIER,21,Passenger - Standard,Flexible,Flex Fuel,Non-electrified,573
2018,SEVIER,21,Passenger - Standard,Gasoline,Gasoline,Non-electrified,8516
2018,SEVIER,21,Passenger - Standard,Hybrid,Hybrid,Hybrid,88
2018,SEVIER,21,Passenger - Standard,Natural Gas,Natural Gas,Non-electrified,10
2018,SUMMIT,22,Heavy Truck,Electric,BEV,BEV,6
2018,SUMMIT,22,Heavy Truck,Converted,Converted,Non-electrified,1
2018,SUMMIT,22,Heavy Truck,Diesel,Diesel,Non-electrified,963
2018,SUMMIT,22,Heavy Truck,Flexible,Flex Fuel,Non-electrified,15
2018,SUMMIT,22,Heavy Truck,Gasoline,Gasoline,Non-electrified,216
2018,SUMMIT,22,Heavy Truck,Natural Gas,Natural Gas,Non-electrified,4
2018,SUMMIT,22,Light Truck,Electric,BEV,BEV,56
2018,SUMMIT,22,Light Truck,Converted,Converted,Non-electrified,26
2018,SUMMIT,22,Light Truck,Diesel,Diesel,Non-electrified,3195
2018,SUMMIT,22,Light Truck,Flexible,Flex Fuel,Non-electrified,2891
2018,SUMMIT,22,Light Truck,Gasoline,Gasoline,Non-electrified,18406
2018,SUMMIT,22,Light Truck,Hybrid,Hybrid,Hybrid,235
2018,SUMMIT,22,Light Truck,Natural Gas,Natural Gas,Non-electrified,16
2018,SUMMIT,22,Motorcycle - Standard,Electric,BEV,BEV,1
2018,SUMMIT,22,Motorcycle - Standard,Gasoline,Gasoline,Non-electrified,1646
2018,SUMMIT,22,Passenger - Low Speed,Electric,BEV,BEV,2
2018,SUMMIT,22,Passenger - Low Speed,Flexible,Flex Fuel,Non-electrified,1
2018,SUMMIT,22,Passenger - Low Speed,Gasoline,Gasoline,Non-electrified,3
2018,SUMMIT,22,Passenger - Standard,Electric,BEV,BEV,131
2018,SUMMIT,22,Passenger - Standard,Converted,Converted,Non-electrified,13
2018,SUMMIT,22,Passenger - Standard,Diesel,Diesel,Non-electrified,291
2018,SUMMIT,22,Passenger - Standard,Flexible,Flex Fuel,Non-electrified,1052
2018,SUMMIT,22,Passenger - Standard,Gasoline,Gasoline,Non-electrified,19857
2018,SUMMIT,22,Passenger - Standard,Hybrid,Hybrid,Hybrid,570
2018,SUMMIT,22,Passenger - Standard,Natural Gas,Natural Gas,Non-electrified,32
2018,TOOELE,23,Heavy Truck,Converted,Converted,Non-electrified,1
2018,TOOELE,23,Heavy Truck,Diesel,Diesel,Non-electrified,876
2018,TOOELE,23,Heavy Truck,Flexible,Flex Fuel,Non-electrified,9
2018,TOOELE,23,Heavy Truck,Gasoline,Gasoline,Non-electrified,279
2018,TOOELE,23,Light Truck,Electric,BEV,BEV,2
2018,TOOELE,23,Light Truck,Converted,Converted,Non-electrified,34
2018,TOOELE,23,Light Truck,Diesel,Diesel,Non-electrified,4426
2018,TOOELE,23,Light Truck,Flexible,Flex Fuel,Non-electrified,2343
2018,TOOELE,23,Light Truck,Gasoline,Gasoline,Non-electrified,16917
2018,TOOELE,23,Light Truck,Hybrid,Hybrid,Hybrid,29
2018,TOOELE,23,Light Truck,Natural Gas,Natural Gas,Non-electrified,18
2018,TOOELE,23,Motorcycle - Standard,Flexible,Flex Fuel,Non-electrified,1
2018,TOOELE,23,Motorcycle - Standard,Gasoline,Gasoline,Non-electrified,1754
2018,TOOELE,23,Passenger - Low Speed,Gasoline,Gasoline,Non-electrified,3
2018,TOOELE,23,Passenger - Standard,Electric,BEV,BEV,28
2018,TOOELE,23,Passenger - Standard,Converted,Converted,Non-electrified,42
2018,TOOELE,23,Passenger - Standard,Diesel,Diesel,Non-electrified,204
2018,TOOELE,23,Passenger - Standard,Flexible,Flex Fuel,Non-electrified,1631
2018,TOOELE,23,Passenger - Standard,Gasoline,Gasoline,Non-electrified,30302
2018,TOOELE,23,Passenger - Standard,Hybrid,Hybrid,Hybrid,552
2018,TOOELE,23,Passenger - Standard,Natural Gas,Natural Gas,Non-electrified,39
2018,UINTAH,24,Heavy Truck,Converted,Converted,Non-electrified,6
2018,UINTAH,24,Heavy Truck,Diesel,Diesel,Non-electrified,2435
2018,UINTAH,24,Heavy Truck,Flexible,Flex Fuel,Non-electrified,48
2018,UINTAH,24,Heavy Truck,Gasoline,Gasoline,Non-electrified,299
2018,UINTAH,24,Heavy Truck,Natural Gas,Natural Gas,Non-electrified,3
2018,UINTAH,24,Heavy Truck,Propane,Propane/LPG,Non-electrified,7
2018,UINTAH,24,Light Truck,Converted,Converted,Non-electrified,18
2018,UINTAH,24,Light Truck,Diesel,Diesel,Non-electrified,3808
2018,UINTAH,24,Light Truck,Flexible,Flex Fuel,Non-electrified,2548
2018,UINTAH,24,Light Truck,Gasoline,Gasoline,Non-electrified,11506
2018,UINTAH,24,Light Truck,Hybrid,Hybrid,Hybrid,9
2018,UINTAH,24,Light Truck,Natural Gas,Natural Gas,Non-electrified,2
2018,UINTAH,24,Light Truck,Propane,Propane/LPG,Non-electrified,4
2018,UINTAH,24,Motorcycle - Standard,Flexible,Flex Fuel,Non-electrified,1
2018,UINTAH,24,Motorcycle - Standard,Gasoline,Gasoline,Non-electrified,943
2018,UINTAH,24,Passenger - Low Speed,Gasoline,Gasoline,Non-electrified,2
2018,UINTAH,24,Passenger - Standard,Electric,BEV,BEV,3
2018,UINTAH,24,Passenger - Standard,Converted,Converted,Non-electrified,11
2018,UINTAH,24,Passenger - Standard,Diesel,Diesel,Non-electrified,67
2018,UINTAH,24,Passenger - Standard,Flexible,Flex Fuel,Non-electrified,966
2018,UINTAH,24,Passenger - Standard,Gasoline,Gasoline,Non-electrified,10152
2018,UINTAH,24,Passenger - Standard,Hybrid,Hybrid,Hybrid,96
2018,UINTAH,24,Passenger - Standard,Natural Gas,Natural Gas,Non-electrified,3
2018,UTAH,25,Heavy Truck,Converted,Converted,Non-electrified,31
2018,UTAH,25,Heavy Truck,Diesel,Diesel,Non-electrified,7724
2018,UTAH,25,Heavy Truck,Flexible,Flex Fuel,Non-electrified,152
2018,UTAH,25,Heavy Truck,Gasoline,Gasoline,Non-electrified,1690
2018,UTAH,25,Heavy Truck,Hybrid,Hybrid,Hybrid,1
2018,UTAH,25,Heavy Truck,Natural Gas,Natural Gas,Non-electrified,38
2018,UTAH,25,Heavy Truck,Other,Other,Non-electrified,1
2018,UTAH,25,Heavy Truck,Propane,Propane/LPG,Non-electrified,12
2018,UTAH,25,Light Truck,Electric,BEV,BEV,67
2018,UTAH,25,Light Truck,Converted,Converted,Non-electrified,250
2018,UTAH,25,Light Truck,Diesel,Diesel,Non-electrified,18972
2018,UTAH,25,Light Truck,Flexible,Flex Fuel,Non-electrified,18708
2018,UTAH,25,Light Truck,Gasoline,Gasoline,Non-electrified,115450
2018,UTAH,25,Light Truck,Hybrid,Hybrid,Hybrid,662
2018,UTAH,25,Light Truck,Natural Gas,Natural Gas,Non-electrified,116
2018,UTAH,25,Light Truck,Other,Other,Non-electrified,3
2018,UTAH,25,Light Truck,Propane,Propane/LPG,Non-electrified,2
2018,UTAH,25,Motorcycle - Standard,Electric,BEV,BEV,20
2018,UTAH,25,Motorcycle - Standard,Flexible,Flex Fuel,Non-electrified,2
2018,UTAH,25,Motorcycle - Standard,Gasoline,Gasoline,Non-electrified,11583
2018,UTAH,25,Motorcycle - Standard,Other,Other,Non-electrified,4
2018,UTAH,25,Passenger - Low Speed,Electric,BEV,BEV,16
2018,UTAH,25,Passenger - Low Speed,Flexible,Flex Fuel,Non-electrified,1
2018,UTAH,25,Passenger - Low Speed,Gasoline,Gasoline,Non-electrified,20
2018,UTAH,25,Passenger - Standard,Electric,BEV,BEV,503
2018,UTAH,25,Passenger - Standard,Converted,Converted,Non-electrified,307
2018,UTAH,25,Passenger - Standard,Diesel,Diesel,Non-electrified,1333
2018,UTAH,25,Passenger - Standard,Flexible,Flex Fuel,Non-electrified,9431
2018,UTAH,25,Passenger - Standard,Gasoline,Gasoline,Non-electrified,213786
2018,UTAH,25,Passenger - Standard,Hybrid,Hybrid,Hybrid,6494
2018,UTAH,25,Passenger - Standard,Natural Gas,Natural Gas,Non-electrified,410
2018,UTAH,25,Passenger - Standard,Other,Other,Non-electrified,1
2018,UTAH,25,Passenger - Standard,Propane,Propane/LPG,Non-electrified,1
2018,WASATCH,26,Heavy Truck,Converted,Converted,Non-electrified,2
2018,WASATCH,26,Heavy Truck,Diesel,Diesel,Non-electrified,648
2018,WASATCH,26,Heavy Truck,Flexible,Flex Fuel,Non-electrified,6
2018,WASATCH,26,Heavy Truck,Gasoline,Gasoline,Non-electrified,125
2018,WASATCH,26,Heavy Truck,Propane,Propane/LPG,Non-electrified,1
2018,WASATCH,26,Light Truck,Electric,BEV,BEV,3
2018,WASATCH,26,Light Truck,Converted,Converted,Non-electrified,21
2018,WASATCH,26,Light Truck,Diesel,Diesel,Non-electrified,2330
2018,WASATCH,26,Light Truck,Flexible,Flex Fuel,Non-electrified,1770
2018,WASATCH,26,Light Truck,Gasoline,Gasoline,Non-electrified,10759
2018,WASATCH,26,Light Truck,Hybrid,Hybrid,Hybrid,68
2018,WASATCH,26,Light Truck,Natural Gas,Natural Gas,Non-electrified,4
2018,WASATCH,26,Light Truck,Propane,Propane/LPG,Non-electrified,1
2018,WASATCH,26,Motorcycle - Standard,Electric,BEV,BEV,2
2018,WASATCH,26,Motorcycle - Standard,Gasoline,Gasoline,Non-electrified,934
2018,WASATCH,26,Motorcycle - Standard,Other,Other,Non-electrified,1
2018,WASATCH,26,Passenger - Standard,Electric,BEV,BEV,19
2018,WASATCH,26,Passenger - Standard,Converted,Converted,Non-electrified,15
2018,WASATCH,26,Passenger - Standard,Diesel,Diesel,Non-electrified,180
2018,WASATCH,26,Passenger - Standard,Flexible,Flex Fuel,Non-electrified,714
2018,WASATCH,26,Passenger - Standard,Gasoline,Gasoline,Non-electrified,12741
2018,WASATCH,26,Passenger - Standard,Hybrid,Hybrid,Hybrid,324
2018,WASATCH,26,Passenger - Standard,Natural Gas,Natural Gas,Non-electrified,37
2018,WASATCH,26,Passenger - Standard,Propane,Propane/LPG,Non-electrified,1
2018,WASHINGTON,27,Heavy Truck,Converted,Converted,Non-electrified,10
2018,WASHINGTON,27,Heavy Truck,Diesel,Diesel,Non-electrified,3825
2018,WASHINGTON,27,Heavy Truck,Flexible,Flex Fuel,Non-electrified,42
2018,WASHINGTON,27,Heavy Truck,Gasoline,Gasoline,Non-electrified,853
2018,WASHINGTON,27,Heavy Truck,Natural Gas,Natural Gas,Non-electrified,8
2018,WASHINGTON,27,Heavy Truck,Propane,Propane/LPG,Non-electrified,2
2018,WASHINGTON,27,Light Truck,Electric,BEV,BEV,13
2018,WASHINGTON,27,Light Truck,Converted,Converted,Non-electrified,98
2018,WASHINGTON,27,Light Truck,Diesel,Diesel,Non-electrified,9312
2018,WASHINGTON,27,Light Truck,Flexible,Flex Fuel,Non-electrified,6833
2018,WASHINGTON,27,Light Truck,Gasoline,Gasoline,Non-electrified,46723
2018,WASHINGTON,27,Light Truck,Hybrid,Hybrid,Hybrid,251
2018,WASHINGTON,27,Light Truck,Natural Gas,Natural Gas,Non-electrified,123
2018,WASHINGTON,27,Light Truck,Propane,Propane/LPG,Non-electrified,4
2018,WASHINGTON,27,Motorcycle - Standard,Electric,BEV,BEV,2
2018,WASHINGTON,27,Motorcycle - Standard,Gasoline,Gasoline,Non-electrified,4964
2018,WASHINGTON,27,Motorcycle - Standard,Other,Other,Non-electrified,2
2018,WASHINGTON,27,Passenger - Low Speed,Electric,BEV,BEV,13
2018,WASHINGTON,27,Passenger - Low Speed,Gasoline,Gasoline,Non-electrified,3
2018,WASHINGTON,27,Passenger - Low Speed,Hybrid,Hybrid,Hybrid,2
2018,WASHINGTON,27,Passenger - Standard,Electric,BEV,BEV,101
2018,WASHINGTON,27,Passenger - Standard,Converted,Converted,Non-electrified,97
2018,WASHINGTON,27,Passenger - Standard,Diesel,Diesel,Non-electrified,578
2018,WASHINGTON,27,Passenger - Standard,Flexible,Flex Fuel,Non-electrified,2656
2018,WASHINGTON,27,Passenger - Standard,Gasoline,Gasoline,Non-electrified,67198
2018,WASHINGTON,27,Passenger - Standard,Hybrid,Hybrid,Hybrid,2548
2018,WASHINGTON,27,Passenger - Standard,Natural Gas,Natural Gas,Non-electrified,158
2018,WAYNE,28,Heavy Truck,Diesel,Diesel,Non-electrified,191
2018,WAYNE,28,Heavy Truck,Flexible,Flex Fuel,Non-electrified,11
2018,WAYNE,28,Heavy Truck,Gasoline,Gasoline,Non-electrified,30
2018,WAYNE,28,Heavy Truck,Propane,Propane/LPG,Non-electrified,1
2018,WAYNE,28,Light Truck,Converted,Converted,Non-electrified,4
2018,WAYNE,28,Light Truck,Diesel,Diesel,Non-electrified,501
2018,WAYNE,28,Light Truck,Flexible,Flex Fuel,Non-electrified,130
2018,WAYNE,28,Light Truck,Gasoline,Gasoline,Non-electrified,1261
2018,WAYNE,28,Light Truck,Hybrid,Hybrid,Hybrid,6
2018,WAYNE,28,Motorcycle - Standard,Gasoline,Gasoline,Non-electrified,78
2018,WAYNE,28,Passenger - Low Speed,Gasoline,Gasoline,Non-electrified,1
2018,WAYNE,28,Passenger - Standard,Converted,Converted,Non-electrified,4
2018,WAYNE,28,Passenger - Standard,Diesel,Diesel,Non-electrified,15
2018,WAYNE,28,Passenger - Standard,Flexible,Flex Fuel,Non-electrified,87
2018,WAYNE,28,Passenger - Standard,Gasoline,Gasoline,Non-electrified,1072
2018,WAYNE,28,Passenger - Standard,Hybrid,Hybrid,Hybrid,15
2018,WEBER,29,Heavy Truck,Converted,Converted,Non-electrified,9
2018,WEBER,29,Heavy Truck,Diesel,Diesel,Non-electrified,4274
2018,WEBER,29,Heavy Truck,Flexible,Flex Fuel,Non-electrified,30
2018,WEBER,29,Heavy Truck,Gasoline,Gasoline,Non-electrified,957
2018,WEBER,29,Heavy Truck,Natural Gas,Natural Gas,Non-electrified,24
2018,WEBER,29,Heavy Truck,Propane,Propane/LPG,Non-electrified,3
2018,WEBER,29,Light Truck,Electric,BEV,BEV,13
2018,WEBER,29,Light Truck,Converted,Converted,Non-electrified,116
2018,WEBER,29,Light Truck,Diesel,Diesel,Non-electrified,11679
2018,WEBER,29,Light Truck,Flexible,Flex Fuel,Non-electrified,9016
2018,WEBER,29,Light Truck,Gasoline,Gasoline,Non-electrified,56942
2018,WEBER,29,Light Truck,Hybrid,Hybrid,Hybrid,255
2018,WEBER,29,Light Truck,Natural Gas,Natural Gas,Non-electrified,53
2018,WEBER,29,Light Truck,Other,Other,Non-electrified,1
2018,WEBER,29,Light Truck,Propane,Propane/LPG,Non-electrified,3
2018,WEBER,29,Motorcycle - Standard,Electric,BEV,BEV,4
2018,WEBER,29,Motorcycle - Standard,Flexible,Flex Fuel,Non-electrified,3
2018,WEBER,29,Motorcycle - Standard,Gasoline,Gasoline,Non-electrified,6434
2018,WEBER,29,Motorcycle - Standard,Other,Other,Non-electrified,2
2018,WEBER,29,Passenger - Low Speed,Electric,BEV,BEV,2
2018,WEBER,29,Passenger - Low Speed,Diesel,Diesel,Non-electrified,1
2018,WEBER,29,Passenger - Low Speed,Gasoline,Gasoline,Non-electrified,12
2018,WEBER,29,Passenger - Standard,Electric,BEV,BEV,135
2018,WEBER,29,Passenger - Standard,Converted,Converted,Non-electrified,126
2018,WEBER,29,Passenger - Standard,Diesel,Diesel,Non-electrified,545
2018,WEBER,29,Passenger - Standard,Flexible,Flex Fuel,Non-electrified,4669
2018,WEBER,29,Passenger - Standard,Gasoline,Gasoline,Non-electrified,99222
2018,WEBER,29,Passenger - Standard,Hybrid,Hybrid,Hybrid,1999
2018,WEBER,29,Passenger - Standard,Natural Gas,Natural Gas,Non-electrified,147
2018,WEBER,29,Passenger - Standard,Other,Other,Non-electrified,1
2019,BEAVER,1,Heavy Truck,Diesel,Diesel,Non-electrified,335
2019,BEAVER,1,Heavy Truck,Flexible,Flex Fuel,Non-electrified,1
2019,BEAVER,1,Heavy Truck,Gasoline,Gasoline,Non-electrified,55
2019,BEAVER,1,Heavy Truck,Natural Gas,Natural Gas,Non-electrified,1
2019,BEAVER,1,Light Truck,Converted,Converted,Non-electrified,7
2019,BEAVER,1,Light Truck,Diesel,Diesel,Non-electrified,930
2019,BEAVER,1,Light Truck,Flexible,Flex Fuel,Non-electrified,379
2019,BEAVER,1,Light Truck,Gasoline,Gasoline,Non-electrified,3097
2019,BEAVER,1,Light Truck,Hybrid,Hybrid,Hybrid,7
2019,BEAVER,1,Light Truck,Natural Gas,Natural Gas,Non-electrified,2
2019,BEAVER,1,Motorcycle - Standard,Gasoline,Gasoline,Non-electrified,137
2019,BEAVER,1,Passenger - Standard,Converted,Converted,Non-electrified,3
2019,BEAVER,1,Passenger - Standard,Diesel,Diesel,Non-electrified,25
2019,BEAVER,1,Passenger - Standard,Flexible,Flex Fuel,Non-electrified,148
2019,BEAVER,1,Passenger - Standard,Gasoline,Gasoline,Non-electrified,2695
2019,BEAVER,1,Passenger - Standard,Hybrid,Hybrid,Hybrid,43
2019,BEAVER,1,Passenger - Standard,Natural Gas,Natural Gas,Non-electrified,1
2019,BOX ELDER,2,Heavy Truck,Diesel,Diesel,Non-electrified,2200
2019,BOX ELDER,2,Heavy Truck,Flexible,Flex Fuel,Non-electrified,27
2019,BOX ELDER,2,Heavy Truck,Gasoline,Gasoline,Non-electrified,422
2019,BOX ELDER,2,Heavy Truck,Natural Gas,Natural Gas,Non-electrified,2
2019,BOX ELDER,2,Light Truck,Converted,Converted,Non-electrified,46
2019,BOX ELDER,2,Light Truck,Diesel,Diesel,Non-electrified,5555
2019,BOX ELDER,2,Light Truck,Flexible,Flex Fuel,Non-electrified,2682
2019,BOX ELDER,2,Light Truck,Gasoline,Gasoline,Non-electrified,17472
2019,BOX ELDER,2,Light Truck,Hybrid,Hybrid,Hybrid,77
2019,BOX ELDER,2,Light Truck,Natural Gas,Natural Gas,Non-electrified,14
2019,BOX ELDER,2,Light Truck,Plug In Hybrid,PHEV,PHEV,4
2019,BOX ELDER,2,Motorcycle - Standard,Electric,BEV,BEV,1
2019,BOX ELDER,2,Motorcycle - Standard,Flexible,Flex Fuel,Non-electrified,1
2019,BOX ELDER,2,Motorcycle - Standard,Gasoline,Gasoline,Non-electrified,1699
2019,BOX ELDER,2,Motorcycle - Standard,Other,Other,Non-electrified,1
2019,BOX ELDER,2,Passenger - Low Speed,Electric,BEV,BEV,1
2019,BOX ELDER,2,Passenger - Low Speed,Gasoline,Gasoline,Non-electrified,1
2019,BOX ELDER,2,Passenger - Standard,Electric,BEV,BEV,27
2019,BOX ELDER,2,Passenger - Standard,Converted,Converted,Non-electrified,79
2019,BOX ELDER,2,Passenger - Standard,Diesel,Diesel,Non-electrified,229
2019,BOX ELDER,2,Passenger - Standard,Flexible,Flex Fuel,Non-electrified,1394
2019,BOX ELDER,2,Passenger - Standard,Gasoline,Gasoline,Non-electrified,25571
2019,BOX ELDER,2,Passenger - Standard,Hybrid,Hybrid,Hybrid,437
2019,BOX ELDER,2,Passenger - Standard,Natural Gas,Natural Gas,Non-electrified,68
2019,BOX ELDER,2,Passenger - Standard,Plug In Hybrid,PHEV,PHEV,63
2019,CACHE,3,Heavy Truck,Electric,BEV,BEV,1
2019,CACHE,3,Heavy Truck,Converted,Converted,Non-electrified,1
2019,CACHE,3,Heavy Truck,Diesel,Diesel,Non-electrified,2463
2019,CACHE,3,Heavy Truck,Flexible,Flex Fuel,Non-electrified,42
2019,CACHE,3,Heavy Truck,Gasoline,Gasoline,Non-electrified,570
2019,CACHE,3,Heavy Truck,Natural Gas,Natural Gas,Non-electrified,14
2019,CACHE,3,Heavy Truck,Propane,Propane/LPG,Non-electrified,12
2019,CACHE,3,Light Truck,Electric,BEV,BEV,6
2019,CACHE,3,Light Truck,Converted,Converted,Non-electrified,56
2019,CACHE,3,Light Truck,Diesel,Diesel,Non-electrified,4889
2019,CACHE,3,Light Truck,Flexible,Flex Fuel,Non-electrified,4630
2019,CACHE,3,Light Truck,Gasoline,Gasoline,Non-electrified,32728
2019,CACHE,3,Light Truck,Hybrid,Hybrid,Hybrid,254
2019,CACHE,3,Light Truck,Natural Gas,Natural Gas,Non-electrified,18
2019,CACHE,3,Light Truck,Plug In Hybrid,PHEV,PHEV,10
2019,CACHE,3,Motorcycle - Standard,Electric,BEV,BEV,4
2019,CACHE,3,Motorcycle - Standard,Flexible,Flex Fuel,Non-electrified,1
2019,CACHE,3,Motorcycle - Standard,Gasoline,Gasoline,Non-electrified,3288
2019,CACHE,3,Motorcycle - Standard,Hybrid,Hybrid,Hybrid,1
2019,CACHE,3,Motorcycle - Standard,Other,Other,Non-electrified,1
2019,CACHE,3,Passenger - Low Speed,Electric,BEV,BEV,2
2019,CACHE,3,Passenger - Low Speed,Gasoline,Gasoline,Non-electrified,1
2019,CACHE,3,Passenger - Standard,Electric,BEV,BEV,112
2019,CACHE,3,Passenger - Standard,Converted,Converted,Non-electrified,64
2019,CACHE,3,Passenger - Standard,Diesel,Diesel,Non-electrified,293
2019,CACHE,3,Passenger - Standard,Flexible,Flex Fuel,Non-electrified,1835
2019,CACHE,3,Passenger - Standard,Gasoline,Gasoline,Non-electrified,43883
2019,CACHE,3,Passenger - Standard,Hybrid,Hybrid,Hybrid,1066
2019,CACHE,3,Passenger - Standard,Natural Gas,Natural Gas,Non-electrified,72
2019,CACHE,3,Passenger - Standard,Plug In Hybrid,PHEV,PHEV,101
2019,CARBON,4,Heavy Truck,Diesel,Diesel,Non-electrified,620
2019,CARBON,4,Heavy Truck,Flexible,Flex Fuel,Non-electrified,5
2019,CARBON,4,Heavy Truck,Gasoline,Gasoline,Non-electrified,186
2019,CARBON,4,Heavy Truck,Propane,Propane/LPG,Non-electrified,1
2019,CARBON,4,Light Truck,Electric,BEV,BEV,1
2019,CARBON,4,Light Truck,Converted,Converted,Non-electrified,12
2019,CARBON,4,Light Truck,Diesel,Diesel,Non-electrified,2048
2019,CARBON,4,Light Truck,Flexible,Flex Fuel,Non-electrified,1182
2019,CARBON,4,Light Truck,Gasoline,Gasoline,Non-electrified,7721
2019,CARBON,4,Light Truck,Hybrid,Hybrid,Hybrid,19
2019,CARBON,4,Light Truck,Natural Gas,Natural Gas,Non-electrified,10
2019,CARBON,4,Motorcycle - Standard,Gasoline,Gasoline,Non-electrified,627
2019,CARBON,4,Passenger - Standard,Electric,BEV,BEV,4
2019,CARBON,4,Passenger - Standard,Converted,Converted,Non-electrified,20
2019,CARBON,4,Passenger - Standard,Diesel,Diesel,Non-electrified,59
2019,CARBON,4,Passenger - Standard,Flexible,Flex Fuel,Non-electrified,657
2019,CARBON,4,Passenger - Standard,Gasoline,Gasoline,Non-electrified,8730
2019,CARBON,4,Passenger - Standard,Hybrid,Hybrid,Hybrid,110
2019,CARBON,4,Passenger - Standard,Natural Gas,Natural Gas,Non-electrified,5
2019,CARBON,4,Passenger - Standard,Plug In Hybrid,PHEV,PHEV,6
2019,DAGGETT,5,Heavy Truck,Diesel,Diesel,Non-electrified,63
2019,DAGGETT,5,Heavy Truck,Flexible,Flex Fuel,Non-electrified,2
2019,DAGGETT,5,Heavy Truck,Gasoline,Gasoline,Non-electrified,21
2019,DAGGETT,5,Light Truck,Converted,Converted,Non-electrified,1
2019,DAGGETT,5,Light Truck,Diesel,Diesel,Non-electrified,323
2019,DAGGETT,5,Light Truck,Flexible,Flex Fuel,Non-electrified,88
2019,DAGGETT,5,Light Truck,Gasoline,Gasoline,Non-electrified,690
2019,DAGGETT,5,Motorcycle - Standard,Gasoline,Gasoline,Non-electrified,33
2019,DAGGETT,5,Passenger - Low Speed,Gasoline,Gasoline,Non-electrified,1
2019,DAGGETT,5,Passenger - Standard,Electric,BEV,BEV,1
2019,DAGGETT,5,Passenger - Standard,Diesel,Diesel,Non-electrified,3
2019,DAGGETT,5,Passenger - Standard,Flexible,Flex Fuel,Non-electrified,32
2019,DAGGETT,5,Passenger - Standard,Gasoline,Gasoline,Non-electrified,521
2019,DAGGETT,5,Passenger - Standard,Hybrid,Hybrid,Hybrid,6
2019,DAVIS,6,Heavy Truck,Converted,Converted,Non-electrified,5
2019,DAVIS,6,Heavy Truck,Diesel,Diesel,Non-electrified,3357
2019,DAVIS,6,Heavy Truck,Flexible,Flex Fuel,Non-electrified,70
2019,DAVIS,6,Heavy Truck,Gasoline,Gasoline,Non-electrified,1300
2019,DAVIS,6,Heavy Truck,Natural Gas,Natural Gas,Non-electrified,2
2019,DAVIS,6,Heavy Truck,Propane,Propane/LPG,Non-electrified,1
2019,DAVIS,6,Light Truck,Electric,BEV,BEV,35
2019,DAVIS,6,Light Truck,Converted,Converted,Non-electrified,121
2019,DAVIS,6,Light Truck,Diesel,Diesel,Non-electrified,10090
2019,DAVIS,6,Light Truck,Flexible,Flex Fuel,Non-electrified,13634
2019,DAVIS,6,Light Truck,Gasoline,Gasoline,Non-electrified,84391
2019,DAVIS,6,Light Truck,Hybrid,Hybrid,Hybrid,816
2019,DAVIS,6,Light Truck,Natural Gas,Natural Gas,Non-electrified,65
2019,DAVIS,6,Light Truck,Other,Other,Non-electrified,1
2019,DAVIS,6,Light Truck,Plug In Hybrid,PHEV,PHEV,36
2019,DAVIS,6,Motorcycle - Standard,Electric,BEV,BEV,7
2019,DAVIS,6,Motorcycle - Standard,Flexible,Flex Fuel,Non-electrified,3
2019,DAVIS,6,Motorcycle - Standard,Gasoline,Gasoline,Non-electrified,9009
2019,DAVIS,6,Motorcycle - Standard,Other,Other,Non-electrified,1
2019,DAVIS,6,Passenger - Standard,Electric,BEV,BEV,508
2019,DAVIS,6,Passenger - Standard,Converted,Converted,Non-electrified,145
2019,DAVIS,6,Passenger - Standard,Diesel,Diesel,Non-electrified,770
2019,DAVIS,6,Passenger - Standard,Flexible,Flex Fuel,Non-electrified,6096
2019,DAVIS,6,Passenger - Standard,Gasoline,Gasoline,Non-electrified,134365
2019,DAVIS,6,Passenger - Standard,Hybrid,Hybrid,Hybrid,3358
2019,DAVIS,6,Passenger - Standard,Natural Gas,Natural Gas,Non-electrified,293
2019,DAVIS,6,Passenger - Standard,Other,Other,Non-electrified,4
2019,DAVIS,6,Passenger - Standard,Plug In Hybrid,PHEV,PHEV,382
2019,DAVIS,6,Passenger - Standard,Propane,Propane/LPG,Non-electrified,2
2019,DUCHESNE,7,Heavy Truck,Diesel,Diesel,Non-electrified,1984
2019,DUCHESNE,7,Heavy Truck,Flexible,Flex Fuel,Non-electrified,20
2019,DUCHESNE,7,Heavy Truck,Gasoline,Gasoline,Non-electrified,196
2019,DUCHESNE,7,Heavy Truck,Propane,Propane/LPG,Non-electrified,4
2019,DUCHESNE,7,Light Truck,Electric,BEV,BEV,2
2019,DUCHESNE,7,Light Truck,Converted,Converted,Non-electrified,16
2019,DUCHESNE,7,Light Truck,Diesel,Diesel,Non-electrified,3266
2019,DUCHESNE,7,Light Truck,Flexible,Flex Fuel,Non-electrified,1801
2019,DUCHESNE,7,Light Truck,Gasoline,Gasoline,Non-electrified,8917
2019,DUCHESNE,7,Light Truck,Hybrid,Hybrid,Hybrid,15
2019,DUCHESNE,7,Light Truck,Natural Gas,Natural Gas,Non-electrified,5
2019,DUCHESNE,7,Light Truck,Propane,Propane/LPG,Non-electrified,1
2019,DUCHESNE,7,Motorcycle - Standard,Gasoline,Gasoline,Non-electrified,594
2019,DUCHESNE,7,Passenger - Standard,Electric,BEV,BEV,5
2019,DUCHESNE,7,Passenger - Standard,Converted,Converted,Non-electrified,5
2019,DUCHESNE,7,Passenger - Standard,Diesel,Diesel,Non-electrified,63
2019,DUCHESNE,7,Passenger - Standard,Flexible,Flex Fuel,Non-electrified,622
2019,DUCHESNE,7,Passenger - Standard,Gasoline,Gasoline,Non-electrified,6859
2019,DUCHESNE,7,Passenger - Standard,Hybrid,Hybrid,Hybrid,54
2019,DUCHESNE,7,Passenger - Standard,Natural Gas,Natural Gas,Non-electrified,2
2019,DUCHESNE,7,Passenger - Standard,Plug In Hybrid,PHEV,PHEV,4
2019,EMERY,8,Heavy Truck,Diesel,Diesel,Non-electrified,414
2019,EMERY,8,Heavy Truck,Flexible,Flex Fuel,Non-electrified,1
2019,EMERY,8,Heavy Truck,Gasoline,Gasoline,Non-electrified,65
2019,EMERY,8,Light Truck,Converted,Converted,Non-electrified,9
2019,EMERY,8,Light Truck,Diesel,Diesel,Non-electrified,1595
2019,EMERY,8,Light Truck,Flexible,Flex Fuel,Non-electrified,593
2019,EMERY,8,Light Truck,Gasoline,Gasoline,Non-electrified,4006
2019,EMERY,8,Light Truck,Hybrid,Hybrid,Hybrid,8
2019,EMERY,8,Motorcycle - Standard,Gasoline,Gasoline,Non-electrified,208
2019,EMERY,8,Passenger - Low Speed,Gasoline,Gasoline,Non-electrified,1
2019,EMERY,8,Passenger - Standard,Converted,Converted,Non-electrified,12
2019,EMERY,8,Passenger - Standard,Diesel,Diesel,Non-electrified,55
2019,EMERY,8,Passenger - Standard,Flexible,Flex Fuel,Non-electrified,347
2019,EMERY,8,Passenger - Standard,Gasoline,Gasoline,Non-electrified,4159
2019,EMERY,8,Passenger - Standard,Hybrid,Hybrid,Hybrid,53
2019,EMERY,8,Passenger - Standard,Natural Gas,Natural Gas,Non-electrified,3
2019,EMERY,8,Passenger - Standard,Plug In Hybrid,PHEV,PHEV,5
2019,GARFIELD,9,Heavy Truck,Diesel,Diesel,Non-electrified,278
2019,GARFIELD,9,Heavy Truck,Gasoline,Gasoline,Non-electrified,41
2019,GARFIELD,9,Light Truck,Converted,Converted,Non-electrified,6
2019,GARFIELD,9,Light Truck,Diesel,Diesel,Non-electrified,847
2019,GARFIELD,9,Light Truck,Flexible,Flex Fuel,Non-electrified,330
2019,GARFIELD,9,Light Truck,Gasoline,Gasoline,Non-electrified,2560
2019,GARFIELD,9,Light Truck,Hybrid,Hybrid,Hybrid,2
2019,GARFIELD,9,Motorcycle - Standard,Gasoline,Gasoline,Non-electrified,126
2019,GARFIELD,9,Passenger - Low Speed,Electric,BEV,BEV,1
2019,GARFIELD,9,Passenger - Low Speed,Gasoline,Gasoline,Non-electrified,1
2019,GARFIELD,9,Passenger - Standard,Electric,BEV,BEV,2
2019,GARFIELD,9,Passenger - Standard,Converted,Converted,Non-electrified,3
2019,GARFIELD,9,Passenger - Standard,Diesel,Diesel,Non-electrified,21
2019,GARFIELD,9,Passenger - Standard,Flexible,Flex Fuel,Non-electrified,123
2019,GARFIELD,9,Passenger - Standard,Gasoline,Gasoline,Non-electrified,1916
2019,GARFIELD,9,Passenger - Standard,Hybrid,Hybrid,Hybrid,35
2019,GARFIELD,9,Passenger - Standard,Natural Gas,Natural Gas,Non-electrified,1
2019,GRAND,10,Heavy Truck,Converted,Converted,Non-electrified,1
2019,GRAND,10,Heavy Truck,Diesel,Diesel,Non-electrified,321
2019,GRAND,10,Heavy Truck,Flexible,Flex Fuel,Non-electrified,2
2019,GRAND,10,Heavy Truck,Gasoline,Gasoline,Non-electrified,89
2019,GRAND,10,Light Truck,Electric,BEV,BEV,2
2019,GRAND,10,Light Truck,Converted,Converted,Non-electrified,6
2019,GRAND,10,Light Truck,Diesel,Diesel,Non-electrified,949
2019,GRAND,10,Light Truck,Flexible,Flex Fuel,Non-electrified,734
2019,GRAND,10,Light Truck,Gasoline,Gasoline,Non-electrified,5132
2019,GRAND,10,Light Truck,Hybrid,Hybrid,Hybrid,25
2019,GRAND,10,Light Truck,Natural Gas,Natural Gas,Non-electrified,1
2019,GRAND,10,Light Truck,Plug In Hybrid,PHEV,PHEV,2
2019,GRAND,10,Motorcycle - Standard,Electric,BEV,BEV,1
2019,GRAND,10,Motorcycle - Standard,Gasoline,Gasoline,Non-electrified,628
2019,GRAND,10,Passenger - Low Speed,Electric,BEV,BEV,1
2019,GRAND,10,Passenger - Standard,Electric,BEV,BEV,6
2019,GRAND,10,Passenger - Standard,Converted,Converted,Non-electrified,7
2019,GRAND,10,Passenger - Standard,Diesel,Diesel,Non-electrified,57
2019,GRAND,10,Passenger - Standard,Flexible,Flex Fuel,Non-electrified,167
2019,GRAND,10,Passenger - Standard,Gasoline,Gasoline,Non-electrified,4067
2019,GRAND,10,Passenger - Standard,Hybrid,Hybrid,Hybrid,138
2019,GRAND,10,Passenger - Standard,Plug In Hybrid,PHEV,PHEV,6
2019,IRON,11,Heavy Truck,Converted,Converted,Non-electrified,1
2019,IRON,11,Heavy Truck,Diesel,Diesel,Non-electrified,1185
2019,IRON,11,Heavy Truck,Flexible,Flex Fuel,Non-electrified,13
2019,IRON,11,Heavy Truck,Gasoline,Gasoline,Non-electrified,319
2019,IRON,11,Heavy Truck,Natural Gas,Natural Gas,Non-electrified,1
2019,IRON,11,Heavy Truck,Propane,Propane/LPG,Non-electrified,13
2019,IRON,11,Light Truck,Electric,BEV,BEV,1
2019,IRON,11,Light Truck,Converted,Converted,Non-electrified,47
2019,IRON,11,Light Truck,Diesel,Diesel,Non-electrified,3931
2019,IRON,11,Light Truck,Flexible,Flex Fuel,Non-electrified,2482
2019,IRON,11,Light Truck,Gasoline,Gasoline,Non-electrified,17054
2019,IRON,11,Light Truck,Hybrid,Hybrid,Hybrid,62
2019,IRON,11,Light Truck,Natural Gas,Natural Gas,Non-electrified,29
2019,IRON,11,Light Truck,Plug In Hybrid,PHEV,PHEV,2
2019,IRON,11,Light Truck,Propane,Propane/LPG,Non-electrified,1
2019,IRON,11,Motorcycle - Standard,Electric,BEV,BEV,1
2019,IRON,11,Motorcycle - Standard,Gasoline,Gasoline,Non-electrified,1312
2019,IRON,11,Passenger - Low Speed,Electric,BEV,BEV,1
2019,IRON,11,Passenger - Standard,Electric,BEV,BEV,17
2019,IRON,11,Passenger - Standard,Converted,Converted,Non-electrified,38
2019,IRON,11,Passenger - Standard,Diesel,Diesel,Non-electrified,204
2019,IRON,11,Passenger - Standard,Flexible,Flex Fuel,Non-electrified,881
2019,IRON,11,Passenger - Standard,Gasoline,Gasoline,Non-electrified,18893
2019,IRON,11,Passenger - Standard,Hybrid,Hybrid,Hybrid,427
2019,IRON,11,Passenger - Standard,Natural Gas,Natural Gas,Non-electrified,44
2019,IRON,11,Passenger - Standard,Plug In Hybrid,PHEV,PHEV,22
2019,JUAB,12,Heavy Truck,Converted,Converted,Non-electrified,2
2019,JUAB,12,Heavy Truck,Diesel,Diesel,Non-electrified,815
2019,JUAB,12,Heavy Truck,Flexible,Flex Fuel,Non-electrified,12
2019,JUAB,12,Heavy Truck,Gasoline,Gasoline,Non-electrified,106
2019,JUAB,12,Heavy Truck,Propane,Propane/LPG,Non-electrified,1
2019,JUAB,12,Light Truck,Converted,Converted,Non-electrified,14
2019,JUAB,12,Light Truck,Diesel,Diesel,Non-electrified,1625
2019,JUAB,12,Light Truck,Flexible,Flex Fuel,Non-electrified,582
2019,JUAB,12,Light Truck,Gasoline,Gasoline,Non-electrified,4009
2019,JUAB,12,Light Truck,Hybrid,Hybrid,Hybrid,11
2019,JUAB,12,Light Truck,Natural Gas,Natural Gas,Non-electrified,5
2019,JUAB,12,Motorcycle - Standard,Electric,BEV,BEV,1
2019,JUAB,12,Motorcycle - Standard,Gasoline,Gasoline,Non-electrified,300
2019,JUAB,12,Passenger - Standard,Electric,BEV,BEV,2
2019,JUAB,12,Passenger - Standard,Converted,Converted,Non-electrified,23
2019,JUAB,12,Passenger - Standard,Diesel,Diesel,Non-electrified,52
2019,JUAB,12,Passenger - Standard,Flexible,Flex Fuel,Non-electrified,347
2019,JUAB,12,Passenger - Standard,Gasoline,Gasoline,Non-electrified,5295
2019,JUAB,12,Passenger - Standard,Hybrid,Hybrid,Hybrid,94
2019,JUAB,12,Passenger - Standard,Natural Gas,Natural Gas,Non-electrified,12
2019,JUAB,12,Passenger - Standard,Plug In Hybrid,PHEV,PHEV,6
2019,KANE,13,Heavy Truck,Diesel,Diesel,Non-electrified,310
2019,KANE,13,Heavy Truck,Flexible,Flex Fuel,Non-electrified,1
2019,KANE,13,Heavy Truck,Gasoline,Gasoline,Non-electrified,86
2019,KANE,13,Light Truck,Converted,Converted,Non-electrified,2
2019,KANE,13,Light Truck,Diesel,Diesel,Non-electrified,921
2019,KANE,13,Light Truck,Flexible,Flex Fuel,Non-electrified,494
2019,KANE,13,Light Truck,Gasoline,Gasoline,Non-electrified,3659
2019,KANE,13,Light Truck,Hybrid,Hybrid,Hybrid,10
2019,KANE,13,Light Truck,Other,Other,Non-electrified,1
2019,KANE,13,Light Truck,Plug In Hybrid,PHEV,PHEV,1
2019,KANE,13,Light Truck,Propane,Propane/LPG,Non-electrified,1
2019,KANE,13,Motorcycle - Standard,Gasoline,Gasoline,Non-electrified,260
2019,KANE,13,Motorcycle - Standard,Other,Other,Non-electrified,1
2019,KANE,13,Passenger - Low Speed,Electric,BEV,BEV,2
2019,KANE,13,Passenger - Standard,Electric,BEV,BEV,1
2019,KANE,13,Passenger - Standard,Converted,Converted,Non-electrified,1
2019,KANE,13,Passenger - Standard,Diesel,Diesel,Non-electrified,57
2019,KANE,13,Passenger - Standard,Flexible,Flex Fuel,Non-electrified,161
2019,KANE,13,Passenger - Standard,Gasoline,Gasoline,Non-electrified,2731
2019,KANE,13,Passenger - Standard,Hybrid,Hybrid,Hybrid,56
2019,KANE,13,Passenger - Standard,Natural Gas,Natural Gas,Non-electrified,1
2019,MILLARD,14,Heavy Truck,Diesel,Diesel,Non-electrified,642
2019,MILLARD,14,Heavy Truck,Flexible,Flex Fuel,Non-electrified,2
2019,MILLARD,14,Heavy Truck,Gasoline,Gasoline,Non-electrified,83
2019,MILLARD,14,Heavy Truck,Natural Gas,Natural Gas,Non-electrified,1
2019,MILLARD,14,Light Truck,Converted,Converted,Non-electrified,11
2019,MILLARD,14,Light Truck,Diesel,Diesel,Non-electrified,1731
2019,MILLARD,14,Light Truck,Flexible,Flex Fuel,Non-electrified,739
2019,MILLARD,14,Light Truck,Gasoline,Gasoline,Non-electrified,5079
2019,MILLARD,14,Light Truck,Hybrid,Hybrid,Hybrid,8
2019,MILLARD,14,Light Truck,Natural Gas,Natural Gas,Non-electrified,7
2019,MILLARD,14,Light Truck,Plug In Hybrid,PHEV,PHEV,2
2019,MILLARD,14,Motorcycle - Standard,Gasoline,Gasoline,Non-electrified,272
2019,MILLARD,14,Passenger - Standard,Electric,BEV,BEV,4
2019,MILLARD,14,Passenger - Standard,Converted,Converted,Non-electrified,21
2019,MILLARD,14,Passenger - Standard,Diesel,Diesel,Non-electrified,82
2019,MILLARD,14,Passenger - Standard,Flexible,Flex Fuel,Non-electrified,398
2019,MILLARD,14,Passenger - Standard,Gasoline,Gasoline,Non-electrified,5793
2019,MILLARD,14,Passenger - Standard,Hybrid,Hybrid,Hybrid,84
2019,MILLARD,14,Passenger - Standard,Natural Gas,Natural Gas,Non-electrified,4
2019,MILLARD,14,Passenger - Standard,Plug In Hybrid,PHEV,PHEV,4
2019,MORGAN,15,Heavy Truck,Converted,Converted,Non-electrified,3
2019,MORGAN,15,Heavy Truck,Diesel,Diesel,Non-electrified,382
2019,MORGAN,15,Heavy Truck,Flexible,Flex Fuel,Non-electrified,2
2019,MORGAN,15,Heavy Truck,Gasoline,Gasoline,Non-electrified,102
2019,MORGAN,15,Light Truck,Electric,BEV,BEV,1
2019,MORGAN,15,Light Truck,Converted,Converted,Non-electrified,9
2019,MORGAN,15,Light Truck,Diesel,Diesel,Non-electrified,1525
2019,MORGAN,15,Light Truck,Flexible,Flex Fuel,Non-electrified,648
2019,MORGAN,15,Light Truck,Gasoline,Gasoline,Non-electrified,4172
2019,MORGAN,15,Light Truck,Hybrid,Hybrid,Hybrid,33
2019,MORGAN,15,Light Truck,Natural Gas,Natural Gas,Non-electrified,8
2019,MORGAN,15,Light Truck,Propane,Propane/LPG,Non-electrified,1
2019,MORGAN,15,Motorcycle - Standard,Electric,BEV,BEV,1
2019,MORGAN,15,Motorcycle - Standard,Gasoline,Gasoline,Non-electrified,357
2019,MORGAN,15,Passenger - Standard,Electric,BEV,BEV,14
2019,MORGAN,15,Passenger - Standard,Converted,Converted,Non-electrified,11
2019,MORGAN,15,Passenger - Standard,Diesel,Diesel,Non-electrified,66
2019,MORGAN,15,Passenger - Standard,Flexible,Flex Fuel,Non-electrified,288
2019,MORGAN,15,Passenger - Standard,Gasoline,Gasoline,Non-electrified,5196
2019,MORGAN,15,Passenger - Standard,Hybrid,Hybrid,Hybrid,119
2019,MORGAN,15,Passenger - Standard,Natural Gas,Natural Gas,Non-electrified,15
2019,MORGAN,15,Passenger - Standard,Plug In Hybrid,PHEV,PHEV,13
2019,OUT OF STATE,99,Heavy Truck,Diesel,Diesel,Non-electrified,668
2019,OUT OF STATE,99,Heavy Truck,Gasoline,Gasoline,Non-electrified,1
2019,OUT OF STATE,99,Light Truck,Flexible,Flex Fuel,Non-electrified,1
2019,OUT OF STATE,99,Light Truck,Gasoline,Gasoline,Non-electrified,1
2019,PIUTE,16,Heavy Truck,Diesel,Diesel,Non-electrified,109
2019,PIUTE,16,Heavy Truck,Flexible,Flex Fuel,Non-electrified,1
2019,PIUTE,16,Heavy Truck,Gasoline,Gasoline,Non-electrified,7
2019,PIUTE,16,Light Truck,Converted,Converted,Non-electrified,1
2019,PIUTE,16,Light Truck,Diesel,Diesel,Non-electrified,283
2019,PIUTE,16,Light Truck,Flexible,Flex Fuel,Non-electrified,70
2019,PIUTE,16,Light Truck,Gasoline,Gasoline,Non-electrified,707
2019,PIUTE,16,Light Truck,Hybrid,Hybrid,Hybrid,2
2019,PIUTE,16,Light Truck,Natural Gas,Natural Gas,Non-electrified,2
2019,PIUTE,16,Motorcycle - Standard,Gasoline,Gasoline,Non-electrified,43
2019,PIUTE,16,Passenger - Standard,Electric,BEV,BEV,1
2019,PIUTE,16,Passenger - Standard,Converted,Converted,Non-electrified,4
2019,PIUTE,16,Passenger - Standard,Diesel,Diesel,Non-electrified,8
2019,PIUTE,16,Passenger - Standard,Flexible,Flex Fuel,Non-electrified,30
2019,PIUTE,16,Passenger - Standard,Gasoline,Gasoline,Non-electrified,720
2019,PIUTE,16,Passenger - Standard,Hybrid,Hybrid,Hybrid,5
2019,PIUTE,16,Passenger - Standard,Natural Gas,Natural Gas,Non-electrified,4
2019,RICH,17,Heavy Truck,Diesel,Diesel,Non-electrified,119
2019,RICH,17,Heavy Truck,Gasoline,Gasoline,Non-electrified,28
2019,RICH,17,Light Truck,Converted,Converted,Non-electrified,2
2019,RICH,17,Light Truck,Diesel,Diesel,Non-electrified,521
2019,RICH,17,Light Truck,Flexible,Flex Fuel,Non-electrified,165
2019,RICH,17,Light Truck,Gasoline,Gasoline,Non-electrified,1162
2019,RICH,17,Light Truck,Hybrid,Hybrid,Hybrid,1
2019,RICH,17,Light Truck,Natural Gas,Natural Gas,Non-electrified,1
2019,RICH,17,Motorcycle - Standard,Gasoline,Gasoline,Non-electrified,72
2019,RICH,17,Passenger - Standard,Electric,BEV,BEV,1
2019,RICH,17,Passenger - Standard,Converted,Converted,Non-electrified,2
2019,RICH,17,Passenger - Standard,Diesel,Diesel,Non-electrified,15
2019,RICH,17,Passenger - Standard,Flexible,Flex Fuel,Non-electrified,103
2019,RICH,17,Passenger - Standard,Gasoline,Gasoline,Non-electrified,1086
2019,RICH,17,Passenger - Standard,Hybrid,Hybrid,Hybrid,20
2019,RICH,17,Passenger - Standard,Natural Gas,Natural Gas,Non-electrified,2
2019,RICH,17,Passenger - Standard,Plug In Hybrid,PHEV,PHEV,1
2019,SALT LAKE,18,Heavy Truck,Electric,BEV,BEV,4
2019,SALT LAKE,18,Heavy Truck,Converted,Converted,Non-electrified,83
2019,SALT LAKE,18,Heavy Truck,Diesel,Diesel,Non-electrified,23112
2019,SALT LAKE,18,Heavy Truck,Flexible,Flex Fuel,Non-electrified,498
2019,SALT LAKE,18,Heavy Truck,Gasoline,Gasoline,Non-electrified,4962
2019,SALT LAKE,18,Heavy Truck,Natural Gas,Natural Gas,Non-electrified,450
2019,SALT LAKE,18,Heavy Truck,Other,Other,Non-electrified,3
2019,SALT LAKE,18,Heavy Truck,Propane,Propane/LPG,Non-electrified,10
2019,SALT LAKE,18,Light Truck,Electric,BEV,BEV,217
2019,SALT LAKE,18,Light Truck,Converted,Converted,Non-electrified,366
2019,SALT LAKE,18,Light Truck,Diesel,Diesel,Non-electrified,41506
2019,SALT LAKE,18,Light Truck,Flexible,Flex Fuel,Non-electrified,45998
2019,SALT LAKE,18,Light Truck,Gasoline,Gasoline,Non-electrified,297260
2019,SALT LAKE,18,Light Truck,Hybrid,Hybrid,Hybrid,3546
2019,SALT LAKE,18,Light Truck,Natural Gas,Natural Gas,Non-electrified,308
2019,SALT LAKE,18,Light Truck,Plug In Hybrid,PHEV,PHEV,244
2019,SALT LAKE,18,Light Truck,Propane,Propane/LPG,Non-electrified,5
2019,SALT LAKE,18,Motorcycle - Standard,Electric,BEV,BEV,25
2019,SALT LAKE,18,Motorcycle - Standard,Flexible,Flex Fuel,Non-electrified,9
2019,SALT LAKE,18,Motorcycle - Standard,Gasoline,Gasoline,Non-electrified,26296
2019,SALT LAKE,18,Motorcycle - Standard,Hybrid,Hybrid,Hybrid,1
2019,SALT LAKE,18,Motorcycle - Standard,Natural Gas,Natural Gas,Non-electrified,1
2019,SALT LAKE,18,Motorcycle - Standard,Other,Other,Non-electrified,7
2019,SALT LAKE,18,Passenger - Low Speed,Electric,BEV,BEV,10
2019,SALT LAKE,18,Passenger - Low Speed,Gasoline,Gasoline,Non-electrified,8
2019,SALT LAKE,18,Passenger - Standard,Electric,BEV,BEV,2646
2019,SALT LAKE,18,Passenger - Standard,Converted,Converted,Non-electrified,320
2019,SALT LAKE,18,Passenger - Standard,Diesel,Diesel,Non-electrified,2325
2019,SALT LAKE,18,Passenger - Standard,Flexible,Flex Fuel,Non-electrified,18833
2019,SALT LAKE,18,Passenger - Standard,Gasoline,Gasoline,Non-electrified,452544
2019,SALT LAKE,18,Passenger - Standard,Hybrid,Hybrid,Hybrid,13214
2019,SALT LAKE,18,Passenger - Standard,Natural Gas,Natural Gas,Non-electrified,509
2019,SALT LAKE,18,Passenger - Standard,Other,Other,Non-electrified,9
2019,SALT LAKE,18,Passenger - Standard,Plug In Hybrid,PHEV,PHEV,1330
2019,SALT LAKE,18,Passenger - Standard,Propane,Propane/LPG,Non-electrified,1
2019,SAN JUAN,19,Heavy Truck,Diesel,Diesel,Non-electrified,350
2019,SAN JUAN,19,Heavy Truck,Flexible,Flex Fuel,Non-electrified,1
2019,SAN JUAN,19,Heavy Truck,Gasoline,Gasoline,Non-electrified,36
2019,SAN JUAN,19,Light Truck,Converted,Converted,Non-electrified,6
2019,SAN JUAN,19,Light Truck,Diesel,Diesel,Non-electrified,978
2019,SAN JUAN,19,Light Truck,Flexible,Flex Fuel,Non-electrified,711
2019,SAN JUAN,19,Light Truck,Gasoline,Gasoline,Non-electrified,4209
2019,SAN JUAN,19,Light Truck,Hybrid,Hybrid,Hybrid,14
2019,SAN JUAN,19,Motorcycle - Standard,Gasoline,Gasoline,Non-electrified,247
2019,SAN JUAN,19,Passenger - Standard,Electric,BEV,BEV,2
2019,SAN JUAN,19,Passenger - Standard,Converted,Converted,Non-electrified,5
2019,SAN JUAN,19,Passenger - Standard,Diesel,Diesel,Non-electrified,28
2019,SAN JUAN,19,Passenger - Standard,Flexible,Flex Fuel,Non-electrified,268
2019,SAN JUAN,19,Passenger - Standard,Gasoline,Gasoline,Non-electrified,3333
2019,SAN JUAN,19,Passenger - Standard,Hybrid,Hybrid,Hybrid,68
2019,SAN JUAN,19,Passenger - Standard,Natural Gas,Natural Gas,Non-electrified,3
2019,SAN JUAN,19,Passenger - Standard,Plug In Hybrid,PHEV,PHEV,1
2019,SANPETE,20,Heavy Truck,Converted,Converted,Non-electrified,1
2019,SANPETE,20,Heavy Truck,Diesel,Diesel,Non-electrified,941
2019,SANPETE,20,Heavy Truck,Flexible,Flex Fuel,Non-electrified,4
2019,SANPETE,20,Heavy Truck,Gasoline,Gasoline,Non-electrified,209
2019,SANPETE,20,Light Truck,Electric,BEV,BEV,2
2019,SANPETE,20,Light Truck,Converted,Converted,Non-electrified,25
2019,SANPETE,20,Light Truck,Diesel,Diesel,Non-electrified,2819
2019,SANPETE,20,Light Truck,Flexible,Flex Fuel,Non-electrified,1249
2019,SANPETE,20,Light Truck,Gasoline,Gasoline,Non-electrified,10102
2019,SANPETE,20,Light Truck,Hybrid,Hybrid,Hybrid,23
2019,SANPETE,20,Light Truck,Natural Gas,Natural Gas,Non-electrified,9
2019,SANPETE,20,Motorcycle - Standard,Gasoline,Gasoline,Non-electrified,559
2019,SANPETE,20,Passenger - Low Speed,Gasoline,Gasoline,Non-electrified,1
2019,SANPETE,20,Passenger - Standard,Electric,BEV,BEV,9
2019,SANPETE,20,Passenger - Standard,Converted,Converted,Non-electrified,33
2019,SANPETE,20,Passenger - Standard,Diesel,Diesel,Non-electrified,113
2019,SANPETE,20,Passenger - Standard,Flexible,Flex Fuel,Non-electrified,671
2019,SANPETE,20,Passenger - Standard,Gasoline,Gasoline,Non-electrified,11932
2019,SANPETE,20,Passenger - Standard,Hybrid,Hybrid,Hybrid,183
2019,SANPETE,20,Passenger - Standard,Natural Gas,Natural Gas,Non-electrified,17
2019,SANPETE,20,Passenger - Standard,Plug In Hybrid,PHEV,PHEV,14
2019,SEVIER,21,Heavy Truck,Converted,Converted,Non-electrified,4
2019,SEVIER,21,Heavy Truck,Diesel,Diesel,Non-electrified,1525
2019,SEVIER,21,Heavy Truck,Flexible,Flex Fuel,Non-electrified,10
2019,SEVIER,21,Heavy Truck,Gasoline,Gasoline,Non-electrified,161
2019,SEVIER,21,Heavy Truck,Natural Gas,Natural Gas,Non-electrified,2
2019,SEVIER,21,Light Truck,Converted,Converted,Non-electrified,25
2019,SEVIER,21,Light Truck,Diesel,Diesel,Non-electrified,2630
2019,SEVIER,21,Light Truck,Flexible,Flex Fuel,Non-electrified,1137
2019,SEVIER,21,Light Truck,Gasoline,Gasoline,Non-electrified,8418
2019,SEVIER,21,Light Truck,Hybrid,Hybrid,Hybrid,18
2019,SEVIER,21,Light Truck,Natural Gas,Natural Gas,Non-electrified,9
2019,SEVIER,21,Motorcycle - Standard,Gasoline,Gasoline,Non-electrified,523
2019,SEVIER,21,Passenger - Low Speed,Gasoline,Gasoline,Non-electrified,2
2019,SEVIER,21,Passenger - Standard,Electric,BEV,BEV,3
2019,SEVIER,21,Passenger - Standard,Converted,Converted,Non-electrified,34
2019,SEVIER,21,Passenger - Standard,Diesel,Diesel,Non-electrified,57
2019,SEVIER,21,Passenger - Standard,Flexible,Flex Fuel,Non-electrified,571
2019,SEVIER,21,Passenger - Standard,Gasoline,Gasoline,Non-electrified,8819
2019,SEVIER,21,Passenger - Standard,Hybrid,Hybrid,Hybrid,90
2019,SEVIER,21,Passenger - Standard,Natural Gas,Natural Gas,Non-electrified,12
2019,SEVIER,21,Passenger - Standard,Plug In Hybrid,PHEV,PHEV,4
2019,SUMMIT,22,Heavy Truck,Electric,BEV,BEV,3
2019,SUMMIT,22,Heavy Truck,Diesel,Diesel,Non-electrified,1080
2019,SUMMIT,22,Heavy Truck,Flexible,Flex Fuel,Non-electrified,16
2019,SUMMIT,22,Heavy Truck,Gasoline,Gasoline,Non-electrified,215
2019,SUMMIT,22,Heavy Truck,Natural Gas,Natural Gas,Non-electrified,10
2019,SUMMIT,22,Heavy Truck,Propane,Propane/LPG,Non-electrified,2
2019,SUMMIT,22,Light Truck,Electric,BEV,BEV,80
2019,SUMMIT,22,Light Truck,Converted,Converted,Non-electrified,25
2019,SUMMIT,22,Light Truck,Diesel,Diesel,Non-electrified,3553
2019,SUMMIT,22,Light Truck,Flexible,Flex Fuel,Non-electrified,3100
2019,SUMMIT,22,Light Truck,Gasoline,Gasoline,Non-electrified,21090
2019,SUMMIT,22,Light Truck,Hybrid,Hybrid,Hybrid,368
2019,SUMMIT,22,Light Truck,Natural Gas,Natural Gas,Non-electrified,15
2019,SUMMIT,22,Light Truck,Plug In Hybrid,PHEV,PHEV,50
2019,SUMMIT,22,Motorcycle - Standard,Electric,BEV,BEV,2
2019,SUMMIT,22,Motorcycle - Standard,Flexible,Flex Fuel,Non-electrified,1
2019,SUMMIT,22,Motorcycle - Standard,Gasoline,Gasoline,Non-electrified,1855
2019,SUMMIT,22,Passenger - Low Speed,Electric,BEV,BEV,2
2019,SUMMIT,22,Passenger - Standard,Electric,BEV,BEV,235
2019,SUMMIT,22,Passenger - Standard,Converted,Converted,Non-electrified,12
2019,SUMMIT,22,Passenger - Standard,Diesel,Diesel,Non-electrified,272
2019,SUMMIT,22,Passenger - Standard,Flexible,Flex Fuel,Non-electrified,987
2019,SUMMIT,22,Passenger - Standard,Gasoline,Gasoline,Non-electrified,19161
2019,SUMMIT,22,Passenger - Standard,Hybrid,Hybrid,Hybrid,387
2019,SUMMIT,22,Passenger - Standard,Natural Gas,Natural Gas,Non-electrified,30
2019,SUMMIT,22,Passenger - Standard,Plug In Hybrid,PHEV,PHEV,80
2019,TOOELE,23,Heavy Truck,Diesel,Diesel,Non-electrified,1018
2019,TOOELE,23,Heavy Truck,Flexible,Flex Fuel,Non-electrified,14
2019,TOOELE,23,Heavy Truck,Gasoline,Gasoline,Non-electrified,335
2019,TOOELE,23,Heavy Truck,Natural Gas,Natural Gas,Non-electrified,1
2019,TOOELE,23,Heavy Truck,Propane,Propane/LPG,Non-electrified,1
2019,TOOELE,23,Light Truck,Electric,BEV,BEV,4
2019,TOOELE,23,Light Truck,Converted,Converted,Non-electrified,33
2019,TOOELE,23,Light Truck,Diesel,Diesel,Non-electrified,5044
2019,TOOELE,23,Light Truck,Flexible,Flex Fuel,Non-electrified,2792
2019,TOOELE,23,Light Truck,Gasoline,Gasoline,Non-electrified,19540
2019,TOOELE,23,Light Truck,Hybrid,Hybrid,Hybrid,70
2019,TOOELE,23,Light Truck,Natural Gas,Natural Gas,Non-electrified,22
2019,TOOELE,23,Light Truck,Plug In Hybrid,PHEV,PHEV,4
2019,TOOELE,23,Light Truck,Propane,Propane/LPG,Non-electrified,1
2019,TOOELE,23,Motorcycle - Standard,Flexible,Flex Fuel,Non-electrified,1
2019,TOOELE,23,Motorcycle - Standard,Gasoline,Gasoline,Non-electrified,2078
2019,TOOELE,23,Passenger - Low Speed,Electric,BEV,BEV,1
2019,TOOELE,23,Passenger - Standard,Electric,BEV,BEV,44
2019,TOOELE,23,Passenger - Standard,Converted,Converted,Non-electrified,39
2019,TOOELE,23,Passenger - Standard,Diesel,Diesel,Non-electrified,260
2019,TOOELE,23,Passenger - Standard,Flexible,Flex Fuel,Non-electrified,1666
2019,TOOELE,23,Passenger - Standard,Gasoline,Gasoline,Non-electrified,31567
2019,TOOELE,23,Passenger - Standard,Hybrid,Hybrid,Hybrid,587
2019,TOOELE,23,Passenger - Standard,Natural Gas,Natural Gas,Non-electrified,36
2019,TOOELE,23,Passenger - Standard,Plug In Hybrid,PHEV,PHEV,45
2019,TOOELE,23,Passenger - Standard,Propane,Propane/LPG,Non-electrified,1
2019,UINTAH,24,Heavy Truck,Converted,Converted,Non-electrified,1
2019,UINTAH,24,Heavy Truck,Diesel,Diesel,Non-electrified,2497
2019,UINTAH,24,Heavy Truck,Flexible,Flex Fuel,Non-electrified,46
2019,UINTAH,24,Heavy Truck,Gasoline,Gasoline,Non-electrified,353
2019,UINTAH,24,Heavy Truck,Natural Gas,Natural Gas,Non-electrified,4
2019,UINTAH,24,Heavy Truck,Propane,Propane/LPG,Non-electrified,13
2019,UINTAH,24,Light Truck,Converted,Converted,Non-electrified,19
2019,UINTAH,24,Light Truck,Diesel,Diesel,Non-electrified,4119
2019,UINTAH,24,Light Truck,Flexible,Flex Fuel,Non-electrified,2640
2019,UINTAH,24,Light Truck,Gasoline,Gasoline,Non-electrified,12923
2019,UINTAH,24,Light Truck,Hybrid,Hybrid,Hybrid,24
2019,UINTAH,24,Light Truck,Natural Gas,Natural Gas,Non-electrified,1
2019,UINTAH,24,Light Truck,Propane,Propane/LPG,Non-electrified,4
2019,UINTAH,24,Motorcycle - Standard,Gasoline,Gasoline,Non-electrified,1064
2019,UINTAH,24,Passenger - Standard,Electric,BEV,BEV,3
2019,UINTAH,24,Passenger - Standard,Converted,Converted,Non-electrified,10
2019,UINTAH,24,Passenger - Standard,Diesel,Diesel,Non-electrified,87
2019,UINTAH,24,Passenger - Standard,Flexible,Flex Fuel,Non-electrified,953
2019,UINTAH,24,Passenger - Standard,Gasoline,Gasoline,Non-electrified,10336
2019,UINTAH,24,Passenger - Standard,Hybrid,Hybrid,Hybrid,82
2019,UINTAH,24,Passenger - Standard,Natural Gas,Natural Gas,Non-electrified,3
2019,UINTAH,24,Passenger - Standard,Plug In Hybrid,PHEV,PHEV,3
2019,UTAH,25,Heavy Truck,Converted,Converted,Non-electrified,19
2019,UTAH,25,Heavy Truck,Diesel,Diesel,Non-electrified,8561
2019,UTAH,25,Heavy Truck,Flexible,Flex Fuel,Non-electrified,169
2019,UTAH,25,Heavy Truck,Gasoline,Gasoline,Non-electrified,1890
2019,UTAH,25,Heavy Truck,Natural Gas,Natural Gas,Non-electrified,48
2019,UTAH,25,Heavy Truck,Propane,Propane/LPG,Non-electrified,19
2019,UTAH,25,Light Truck,Electric,BEV,BEV,105
2019,UTAH,25,Light Truck,Converted,Converted,Non-electrified,230
2019,UTAH,25,Light Truck,Diesel,Diesel,Non-electrified,20255
2019,UTAH,25,Light Truck,Flexible,Flex Fuel,Non-electrified,20832
2019,UTAH,25,Light Truck,Gasoline,Gasoline,Non-electrified,130773
2019,UTAH,25,Light Truck,Hybrid,Hybrid,Hybrid,1184
2019,UTAH,25,Light Truck,Natural Gas,Natural Gas,Non-electrified,117
2019,UTAH,25,Light Truck,Other,Other,Non-electrified,3
2019,UTAH,25,Light Truck,Plug In Hybrid,PHEV,PHEV,84
2019,UTAH,25,Light Truck,Propane,Propane/LPG,Non-electrified,4
2019,UTAH,25,Motorcycle - Standard,Electric,BEV,BEV,15
2019,UTAH,25,Motorcycle - Standard,Flexible,Flex Fuel,Non-electrified,2
2019,UTAH,25,Motorcycle - Standard,Gasoline,Gasoline,Non-electrified,12655
2019,UTAH,25,Motorcycle - Standard,Other,Other,Non-electrified,5
2019,UTAH,25,Passenger - Low Speed,Electric,BEV,BEV,16
2019,UTAH,25,Passenger - Low Speed,Gasoline,Gasoline,Non-electrified,1
2019,UTAH,25,Passenger - Standard,Electric,BEV,BEV,809
2019,UTAH,25,Passenger - Standard,Converted,Converted,Non-electrified,260
2019,UTAH,25,Passenger - Standard,Diesel,Diesel,Non-electrified,1595
2019,UTAH,25,Passenger - Standard,Flexible,Flex Fuel,Non-electrified,9106
2019,UTAH,25,Passenger - Standard,Gasoline,Gasoline,Non-electrified,211667
2019,UTAH,25,Passenger - Standard,Hybrid,Hybrid,Hybrid,6139
2019,UTAH,25,Passenger - Standard,Natural Gas,Natural Gas,Non-electrified,397
2019,UTAH,25,Passenger - Standard,Plug In Hybrid,PHEV,PHEV,637
2019,UTAH,25,Passenger - Standard,Propane,Propane/LPG,Non-electrified,1
2019,WASATCH,26,Heavy Truck,Converted,Converted,Non-electrified,2
2019,WASATCH,26,Heavy Truck,Diesel,Diesel,Non-electrified,715
2019,WASATCH,26,Heavy Truck,Flexible,Flex Fuel,Non-electrified,9
2019,WASATCH,26,Heavy Truck,Gasoline,Gasoline,Non-electrified,157
2019,WASATCH,26,Light Truck,Electric,BEV,BEV,9
2019,WASATCH,26,Light Truck,Converted,Converted,Non-electrified,26
2019,WASATCH,26,Light Truck,Diesel,Diesel,Non-electrified,2590
2019,WASATCH,26,Light Truck,Flexible,Flex Fuel,Non-electrified,1954
2019,WASATCH,26,Light Truck,Gasoline,Gasoline,Non-electrified,12479
2019,WASATCH,26,Light Truck,Hybrid,Hybrid,Hybrid,106
2019,WASATCH,26,Light Truck,Natural Gas,Natural Gas,Non-electrified,9
2019,WASATCH,26,Light Truck,Plug In Hybrid,PHEV,PHEV,8
2019,WASATCH,26,Light Truck,Propane,Propane/LPG,Non-electrified,1
2019,WASATCH,26,Motorcycle - Standard,Electric,BEV,BEV,1
2019,WASATCH,26,Motorcycle - Standard,Gasoline,Gasoline,Non-electrified,1144
2019,WASATCH,26,Motorcycle - Standard,Other,Other,Non-electrified,2
2019,WASATCH,26,Passenger - Standard,Electric,BEV,BEV,35
2019,WASATCH,26,Passenger - Standard,Converted,Converted,Non-electrified,19
2019,WASATCH,26,Passenger - Standard,Diesel,Diesel,Non-electrified,163
2019,WASATCH,26,Passenger - Standard,Flexible,Flex Fuel,Non-electrified,683
2019,WASATCH,26,Passenger - Standard,Gasoline,Gasoline,Non-electrified,12799
2019,WASATCH,26,Passenger - Standard,Hybrid,Hybrid,Hybrid,290
2019,WASATCH,26,Passenger - Standard,Natural Gas,Natural Gas,Non-electrified,40
2019,WASATCH,26,Passenger - Standard,Plug In Hybrid,PHEV,PHEV,34
2019,WASATCH,26,Passenger - Standard,Propane,Propane/LPG,Non-electrified,2
2019,WASHINGTON,27,Heavy Truck,Converted,Converted,Non-electrified,3
2019,WASHINGTON,27,Heavy Truck,Diesel,Diesel,Non-electrified,4323
2019,WASHINGTON,27,Heavy Truck,Flexible,Flex Fuel,Non-electrified,54
2019,WASHINGTON,27,Heavy Truck,Gasoline,Gasoline,Non-electrified,1091
2019,WASHINGTON,27,Heavy Truck,Natural Gas,Natural Gas,Non-electrified,9
2019,WASHINGTON,27,Heavy Truck,Propane,Propane/LPG,Non-electrified,2
2019,WASHINGTON,27,Light Truck,Electric,BEV,BEV,27
2019,WASHINGTON,27,Light Truck,Converted,Converted,Non-electrified,94
2019,WASHINGTON,27,Light Truck,Diesel,Diesel,Non-electrified,10604
2019,WASHINGTON,27,Light Truck,Flexible,Flex Fuel,Non-electrified,7859
2019,WASHINGTON,27,Light Truck,Gasoline,Gasoline,Non-electrified,54631
2019,WASHINGTON,27,Light Truck,Hybrid,Hybrid,Hybrid,445
2019,WASHINGTON,27,Light Truck,Natural Gas,Natural Gas,Non-electrified,119
2019,WASHINGTON,27,Light Truck,Plug In Hybrid,PHEV,PHEV,16
2019,WASHINGTON,27,Light Truck,Propane,Propane/LPG,Non-electrified,3
2019,WASHINGTON,27,Motorcycle - Standard,Electric,BEV,BEV,2
2019,WASHINGTON,27,Motorcycle - Standard,Gasoline,Gasoline,Non-electrified,5619
2019,WASHINGTON,27,Motorcycle - Standard,Other,Other,Non-electrified,3
2019,WASHINGTON,27,Passenger - Low Speed,Electric,BEV,BEV,13
2019,WASHINGTON,27,Passenger - Low Speed,Gasoline,Gasoline,Non-electrified,2
2019,WASHINGTON,27,Passenger - Standard,Electric,BEV,BEV,193
2019,WASHINGTON,27,Passenger - Standard,Converted,Converted,Non-electrified,82
2019,WASHINGTON,27,Passenger - Standard,Diesel,Diesel,Non-electrified,711
2019,WASHINGTON,27,Passenger - Standard,Flexible,Flex Fuel,Non-electrified,2677
2019,WASHINGTON,27,Passenger - Standard,Gasoline,Gasoline,Non-electrified,69488
2019,WASHINGTON,27,Passenger - Standard,Hybrid,Hybrid,Hybrid,2581
2019,WASHINGTON,27,Passenger - Standard,Natural Gas,Natural Gas,Non-electrified,164
2019,WASHINGTON,27,Passenger - Standard,Plug In Hybrid,PHEV,PHEV,126
2019,WAYNE,28,Heavy Truck,Diesel,Diesel,Non-electrified,231
2019,WAYNE,28,Heavy Truck,Flexible,Flex Fuel,Non-electrified,10
2019,WAYNE,28,Heavy Truck,Gasoline,Gasoline,Non-electrified,37
2019,WAYNE,28,Heavy Truck,Propane,Propane/LPG,Non-electrified,1
2019,WAYNE,28,Light Truck,Converted,Converted,Non-electrified,4
2019,WAYNE,28,Light Truck,Diesel,Diesel,Non-electrified,571
2019,WAYNE,28,Light Truck,Flexible,Flex Fuel,Non-electrified,140
2019,WAYNE,28,Light Truck,Gasoline,Gasoline,Non-electrified,1450
2019,WAYNE,28,Light Truck,Hybrid,Hybrid,Hybrid,8
2019,WAYNE,28,Light Truck,Natural Gas,Natural Gas,Non-electrified,1
2019,WAYNE,28,Motorcycle - Standard,Gasoline,Gasoline,Non-electrified,86
2019,WAYNE,28,Passenger - Standard,Electric,BEV,BEV,2
2019,WAYNE,28,Passenger - Standard,Converted,Converted,Non-electrified,5
2019,WAYNE,28,Passenger - Standard,Diesel,Diesel,Non-electrified,20
2019,WAYNE,28,Passenger - Standard,Flexible,Flex Fuel,Non-electrified,87
2019,WAYNE,28,Passenger - Standard,Gasoline,Gasoline,Non-electrified,1112
2019,WAYNE,28,Passenger - Standard,Hybrid,Hybrid,Hybrid,17
2019,WAYNE,28,Passenger - Standard,Plug In Hybrid,PHEV,PHEV,1
2019,WEBER,29,Heavy Truck,Converted,Converted,Non-electrified,6
2019,WEBER,29,Heavy Truck,Diesel,Diesel,Non-electrified,4690
2019,WEBER,29,Heavy Truck,Flexible,Flex Fuel,Non-electrified,44
2019,WEBER,29,Heavy Truck,Gasoline,Gasoline,Non-electrified,1043
2019,WEBER,29,Heavy Truck,Natural Gas,Natural Gas,Non-electrified,27
2019,WEBER,29,Heavy Truck,Propane,Propane/LPG,Non-electrified,4
2019,WEBER,29,Light Truck,Electric,BEV,BEV,15
2019,WEBER,29,Light Truck,Converted,Converted,Non-electrified,107
2019,WEBER,29,Light Truck,Diesel,Diesel,Non-electrified,12100
2019,WEBER,29,Light Truck,Flexible,Flex Fuel,Non-electrified,9855
2019,WEBER,29,Light Truck,Gasoline,Gasoline,Non-electrified,62935
2019,WEBER,29,Light Truck,Hybrid,Hybrid,Hybrid,472
2019,WEBER,29,Light Truck,Natural Gas,Natural Gas,Non-electrified,59
2019,WEBER,29,Light Truck,Plug In Hybrid,PHEV,PHEV,15
2019,WEBER,29,Light Truck,Propane,Propane/LPG,Non-electrified,1
2019,WEBER,29,Motorcycle - Standard,Electric,BEV,BEV,4
2019,WEBER,29,Motorcycle - Standard,Flexible,Flex Fuel,Non-electrified,3
2019,WEBER,29,Motorcycle - Standard,Gasoline,Gasoline,Non-electrified,6952
2019,WEBER,29,Motorcycle - Standard,Other,Other,Non-electrified,2
2019,WEBER,29,Passenger - Low Speed,Electric,BEV,BEV,2
2019,WEBER,29,Passenger - Low Speed,Gasoline,Gasoline,Non-electrified,2
2019,WEBER,29,Passenger - Standard,Electric,BEV,BEV,208
2019,WEBER,29,Passenger - Standard,Converted,Converted,Non-electrified,104
2019,WEBER,29,Passenger - Standard,Diesel,Diesel,Non-electrified,618
2019,WEBER,29,Passenger - Standard,Flexible,Flex Fuel,Non-electrified,4557
2019,WEBER,29,Passenger - Standard,Gasoline,Gasoline,Non-electrified,97656
2019,WEBER,29,Passenger - Standard,Hybrid,Hybrid,Hybrid,1855
2019,WEBER,29,Passenger - Standard,Natural Gas,Natural Gas,Non-electrified,134
2019,WEBER,29,Passenger - Standard,Other,Other,Non-electrified,1
2019,WEBER,29,Passenger - Standard,Plug In Hybrid,PHEV,PHEV,176
2020,BEAVER,1,Heavy Truck,Diesel,Diesel,Non-electrified,426
2020,BEAVER,1,Heavy Truck,Gasoline,Gasoline,Non-electrified,65
2020,BEAVER,1,Heavy Truck,Compressed Natural Gas,Natural Gas,Non-electrified,1
2020,BEAVER,1,Light Truck,Diesel,Diesel,Non-electrified,1001
2020,BEAVER,1,Light Truck,Gasoline,Gasoline,Non-electrified,3767
2020,BEAVER,1,Light Truck,Hybrid,Hybrid,Hybrid,10
2020,BEAVER,1,Light Truck,Compressed Natural Gas,Natural Gas,Non-electrified,11
2020,BEAVER,1,Motorcycle - Standard,Gasoline,Gasoline,Non-electrified,149
2020,BEAVER,1,Passenger - Standard,Electric,BEV,BEV,1
2020,BEAVER,1,Passenger - Standard,Diesel,Diesel,Non-electrified,34
2020,BEAVER,1,Passenger - Standard,Gasoline,Gasoline,Non-electrified,2834
2020,BEAVER,1,Passenger - Standard,Hybrid,Hybrid,Hybrid,47
2020,BEAVER,1,Passenger - Standard,Compressed Natural Gas,Natural Gas,Non-electrified,4
2020,BEAVER,1,Passenger - Standard,Plug-in Hybrid,PHEV,PHEV,1
2020,BOX ELDER,2,Heavy Truck,Diesel,Diesel,Non-electrified,2424
2020,BOX ELDER,2,Heavy Truck,Gasoline,Gasoline,Non-electrified,499
2020,BOX ELDER,2,Heavy Truck,Compressed Natural Gas,Natural Gas,Non-electrified,3
2020,BOX ELDER,2,Light Truck,Electric,BEV,BEV,1
2020,BOX ELDER,2,Light Truck,Diesel,Diesel,Non-electrified,5926
2020,BOX ELDER,2,Light Truck,Gasoline,Gasoline,Non-electrified,21861
2020,BOX ELDER,2,Light Truck,Hybrid,Hybrid,Hybrid,104
2020,BOX ELDER,2,Light Truck,Compressed Natural Gas,Natural Gas,Non-electrified,69
2020,BOX ELDER,2,Light Truck,Plug-in Hybrid,PHEV,PHEV,4
2020,BOX ELDER,2,Light Truck,Propane,Propane/LPG,Non-electrified,1
2020,BOX ELDER,2,Motorcycle - Standard,Electric,BEV,BEV,1
2020,BOX ELDER,2,Motorcycle - Standard,Gasoline,Gasoline,Non-electrified,1736
2020,BOX ELDER,2,Motorcycle - Standard,Other,Other,Non-electrified,1
2020,BOX ELDER,2,Passenger - Low Speed,Electric,BEV,BEV,1
2020,BOX ELDER,2,Passenger - Standard,Electric,BEV,BEV,36
2020,BOX ELDER,2,Passenger - Standard,Diesel,Diesel,Non-electrified,295
2020,BOX ELDER,2,Passenger - Standard,Gasoline,Gasoline,Non-electrified,26683
2020,BOX ELDER,2,Passenger - Standard,Hybrid,Hybrid,Hybrid,471
2020,BOX ELDER,2,Passenger - Standard,Compressed Natural Gas,Natural Gas,Non-electrified,126
2020,BOX ELDER,2,Passenger - Standard,Plug-in Hybrid,PHEV,PHEV,71
2020,CACHE,3,Heavy Truck,Electric,BEV,BEV,1
2020,CACHE,3,Heavy Truck,Diesel,Diesel,Non-electrified,2769
2020,CACHE,3,Heavy Truck,Gasoline,Gasoline,Non-electrified,686
2020,CACHE,3,Heavy Truck,Compressed Natural Gas,Natural Gas,Non-electrified,17
2020,CACHE,3,Heavy Truck,Propane,Propane/LPG,Non-electrified,12
2020,CACHE,3,Light Truck,Electric,BEV,BEV,13
2020,CACHE,3,Light Truck,Diesel,Diesel,Non-electrified,5140
2020,CACHE,3,Light Truck,Gasoline,Gasoline,Non-electrified,41079
2020,CACHE,3,Light Truck,Hybrid,Hybrid,Hybrid,326
2020,CACHE,3,Light Truck,Compressed Natural Gas,Natural Gas,Non-electrified,77
2020,CACHE,3,Light Truck,Plug-in Hybrid,PHEV,PHEV,14
2020,CACHE,3,Motorcycle - Standard,Electric,BEV,BEV,3
2020,CACHE,3,Motorcycle - Standard,Gasoline,Gasoline,Non-electrified,3364
2020,CACHE,3,Motorcycle - Standard,Hybrid,Hybrid,Hybrid,1
2020,CACHE,3,Motorcycle - Standard,Other,Other,Non-electrified,2
2020,CACHE,3,Passenger - Low Speed,Electric,BEV,BEV,2
2020,CACHE,3,Passenger - Low Speed,Gasoline,Gasoline,Non-electrified,1
2020,CACHE,3,Passenger - Standard,Electric,BEV,BEV,150
2020,CACHE,3,Passenger - Standard,Diesel,Diesel,Non-electrified,418
2020,CACHE,3,Passenger - Standard,Gasoline,Gasoline,Non-electrified,44473
2020,CACHE,3,Passenger - Standard,Hybrid,Hybrid,Hybrid,1137
2020,CACHE,3,Passenger - Standard,Compressed Natural Gas,Natural Gas,Non-electrified,132
2020,CACHE,3,Passenger - Standard,Plug-in Hybrid,PHEV,PHEV,119
2020,CARBON,4,Heavy Truck,Diesel,Diesel,Non-electrified,712
2020,CARBON,4,Heavy Truck,Gasoline,Gasoline,Non-electrified,195
2020,CARBON,4,Heavy Truck,Propane,Propane/LPG,Non-electrified,1
2020,CARBON,4,Light Truck,Electric,BEV,BEV,1
2020,CARBON,4,Light Truck,Diesel,Diesel,Non-electrified,2152
2020,CARBON,4,Light Truck,Gasoline,Gasoline,Non-electrified,9584
2020,CARBON,4,Light Truck,Hybrid,Hybrid,Hybrid,22
2020,CARBON,4,Light Truck,Compressed Natural Gas,Natural Gas,Non-electrified,28
2020,CARBON,4,Motorcycle - Standard,Gasoline,Gasoline,Non-electrified,634
2020,CARBON,4,Passenger - Standard,Electric,BEV,BEV,3
2020,CARBON,4,Passenger - Standard,Diesel,Diesel,Non-electrified,79
2020,CARBON,4,Passenger - Standard,Gasoline,Gasoline,Non-electrified,9264
2020,CARBON,4,Passenger - Standard,Hybrid,Hybrid,Hybrid,127
2020,CARBON,4,Passenger - Standard,Compressed Natural Gas,Natural Gas,Non-electrified,24
2020,CARBON,4,Passenger - Standard,Plug-in Hybrid,PHEV,PHEV,10
2020,DAGGETT,5,Heavy Truck,Diesel,Diesel,Non-electrified,74
2020,DAGGETT,5,Heavy Truck,Gasoline,Gasoline,Non-electrified,22
2020,DAGGETT,5,Light Truck,Diesel,Diesel,Non-electrified,342
2020,DAGGETT,5,Light Truck,Gasoline,Gasoline,Non-electrified,831
2020,DAGGETT,5,Light Truck,Hybrid,Hybrid,Hybrid,1
2020,DAGGETT,5,Light Truck,Compressed Natural Gas,Natural Gas,Non-electrified,2
2020,DAGGETT,5,Motorcycle - Standard,Gasoline,Gasoline,Non-electrified,36
2020,DAGGETT,5,Passenger - Low Speed,Gasoline,Gasoline,Non-electrified,1
2020,DAGGETT,5,Passenger - Standard,Electric,BEV,BEV,1
2020,DAGGETT,5,Passenger - Standard,Diesel,Diesel,Non-electrified,4
2020,DAGGETT,5,Passenger - Standard,Gasoline,Gasoline,Non-electrified,567
2020,DAGGETT,5,Passenger - Standard,Hybrid,Hybrid,Hybrid,8
2020,DAVIS,6,Heavy Truck,Diesel,Diesel,Non-electrified,3574
2020,DAVIS,6,Heavy Truck,Gasoline,Gasoline,Non-electrified,1470
2020,DAVIS,6,Heavy Truck,Compressed Natural Gas,Natural Gas,Non-electrified,7
2020,DAVIS,6,Heavy Truck,Propane,Propane/LPG,Non-electrified,1
2020,DAVIS,6,Light Truck,Electric,BEV,BEV,62
2020,DAVIS,6,Light Truck,Diesel,Diesel,Non-electrified,10521
2020,DAVIS,6,Light Truck,Gasoline,Gasoline,Non-electrified,107567
2020,DAVIS,6,Light Truck,Hybrid,Hybrid,Hybrid,1023
2020,DAVIS,6,Light Truck,Compressed Natural Gas,Natural Gas,Non-electrified,169
2020,DAVIS,6,Light Truck,Plug-in Hybrid,PHEV,PHEV,57
2020,DAVIS,6,Light Truck,Propane,Propane/LPG,Non-electrified,2
2020,DAVIS,6,Motorcycle - Standard,Electric,BEV,BEV,9
2020,DAVIS,6,Motorcycle - Standard,Gasoline,Gasoline,Non-electrified,9140
2020,DAVIS,6,Motorcycle - Standard,Other,Other,Non-electrified,5
2020,DAVIS,6,Passenger - Standard,Electric,BEV,BEV,734
2020,DAVIS,6,Passenger - Standard,Diesel,Diesel,Non-electrified,1163
2020,DAVIS,6,Passenger - Standard,Gasoline,Gasoline,Non-electrified,135509
2020,DAVIS,6,Passenger - Standard,Hybrid,Hybrid,Hybrid,3579
2020,DAVIS,6,Passenger - Standard,Compressed Natural Gas,Natural Gas,Non-electrified,411
2020,DAVIS,6,Passenger - Standard,Other,Other,Non-electrified,5
2020,DAVIS,6,Passenger - Standard,Plug-in Hybrid,PHEV,PHEV,460
2020,DAVIS,6,Passenger - Standard,Butane,Propane/LPG,Non-electrified,1
2020,DAVIS,6,Passenger - Standard,Propane,Propane/LPG,Non-electrified,1
2020,DUCHESNE,7,Heavy Truck,Diesel,Diesel,Non-electrified,2117
2020,DUCHESNE,7,Heavy Truck,Gasoline,Gasoline,Non-electrified,232
2020,DUCHESNE,7,Heavy Truck,Compressed Natural Gas,Natural Gas,Non-electrified,1
2020,DUCHESNE,7,Heavy Truck,Propane,Propane/LPG,Non-electrified,7
2020,DUCHESNE,7,Light Truck,Electric,BEV,BEV,1
2020,DUCHESNE,7,Light Truck,Diesel,Diesel,Non-electrified,3381
2020,DUCHESNE,7,Light Truck,Gasoline,Gasoline,Non-electrified,11176
2020,DUCHESNE,7,Light Truck,Hybrid,Hybrid,Hybrid,24
2020,DUCHESNE,7,Light Truck,Compressed Natural Gas,Natural Gas,Non-electrified,22
2020,DUCHESNE,7,Light Truck,Plug-in Hybrid,PHEV,PHEV,1
2020,DUCHESNE,7,Motorcycle - Standard,Electric,BEV,BEV,1
2020,DUCHESNE,7,Motorcycle - Standard,Gasoline,Gasoline,Non-electrified,565
2020,DUCHESNE,7,Passenger - Standard,Electric,BEV,BEV,5
2020,DUCHESNE,7,Passenger - Standard,Diesel,Diesel,Non-electrified,66
2020,DUCHESNE,7,Passenger - Standard,Gasoline,Gasoline,Non-electrified,7279
2020,DUCHESNE,7,Passenger - Standard,Hybrid,Hybrid,Hybrid,61
2020,DUCHESNE,7,Passenger - Standard,Compressed Natural Gas,Natural Gas,Non-electrified,15
2020,DUCHESNE,7,Passenger - Standard,Plug-in Hybrid,PHEV,PHEV,9
2020,EMERY,8,Heavy Truck,Diesel,Diesel,Non-electrified,546
2020,EMERY,8,Heavy Truck,Gasoline,Gasoline,Non-electrified,73
2020,EMERY,8,Light Truck,Diesel,Diesel,Non-electrified,1673
2020,EMERY,8,Light Truck,Gasoline,Gasoline,Non-electrified,4870
2020,EMERY,8,Light Truck,Hybrid,Hybrid,Hybrid,9
2020,EMERY,8,Light Truck,Compressed Natural Gas,Natural Gas,Non-electrified,8
2020,EMERY,8,Motorcycle - Standard,Gasoline,Gasoline,Non-electrified,218
2020,EMERY,8,Passenger - Low Speed,Gasoline,Gasoline,Non-electrified,1
2020,EMERY,8,Passenger - Standard,Electric,BEV,BEV,1
2020,EMERY,8,Passenger - Standard,Diesel,Diesel,Non-electrified,70
2020,EMERY,8,Passenger - Standard,Gasoline,Gasoline,Non-electrified,4366
2020,EMERY,8,Passenger - Standard,Hybrid,Hybrid,Hybrid,52
2020,EMERY,8,Passenger - Standard,Compressed Natural Gas,Natural Gas,Non-electrified,13
2020,EMERY,8,Passenger - Standard,Plug-in Hybrid,PHEV,PHEV,7
2020,GARFIELD,9,Heavy Truck,Diesel,Diesel,Non-electrified,312
2020,GARFIELD,9,Heavy Truck,Gasoline,Gasoline,Non-electrified,43
2020,GARFIELD,9,Light Truck,Electric,BEV,BEV,1
2020,GARFIELD,9,Light Truck,Diesel,Diesel,Non-electrified,911
2020,GARFIELD,9,Light Truck,Gasoline,Gasoline,Non-electrified,3102
2020,GARFIELD,9,Light Truck,Hybrid,Hybrid,Hybrid,4
2020,GARFIELD,9,Light Truck,Compressed Natural Gas,Natural Gas,Non-electrified,9
2020,GARFIELD,9,Motorcycle - Standard,Gasoline,Gasoline,Non-electrified,139
2020,GARFIELD,9,Passenger - Low Speed,Electric,BEV,BEV,1
2020,GARFIELD,9,Passenger - Low Speed,Gasoline,Gasoline,Non-electrified,1
2020,GARFIELD,9,Passenger - Standard,Electric,BEV,BEV,2
2020,GARFIELD,9,Passenger - Standard,Diesel,Diesel,Non-electrified,30
2020,GARFIELD,9,Passenger - Standard,Gasoline,Gasoline,Non-electrified,2018
2020,GARFIELD,9,Passenger - Standard,Hybrid,Hybrid,Hybrid,40
2020,GARFIELD,9,Passenger - Standard,Compressed Natural Gas,Natural Gas,Non-electrified,4
2020,GRAND,10,Heavy Truck,Diesel,Diesel,Non-electrified,368
2020,GRAND,10,Heavy Truck,Gasoline,Gasoline,Non-electrified,106
2020,GRAND,10,Heavy Truck,Compressed Natural Gas,Natural Gas,Non-electrified,2
2020,GRAND,10,Light Truck,Electric,BEV,BEV,2
2020,GRAND,10,Light Truck,Diesel,Diesel,Non-electrified,1018
2020,GRAND,10,Light Truck,Gasoline,Gasoline,Non-electrified,6203
2020,GRAND,10,Light Truck,Hybrid,Hybrid,Hybrid,28
2020,GRAND,10,Light Truck,Compressed Natural Gas,Natural Gas,Non-electrified,9
2020,GRAND,10,Light Truck,Plug-in Hybrid,PHEV,PHEV,6
2020,GRAND,10,Motorcycle - Standard,Electric,BEV,BEV,1
2020,GRAND,10,Motorcycle - Standard,Gasoline,Gasoline,Non-electrified,637
2020,GRAND,10,Passenger - Low Speed,Electric,BEV,BEV,1
2020,GRAND,10,Passenger - Standard,Electric,BEV,BEV,9
2020,GRAND,10,Passenger - Standard,Diesel,Diesel,Non-electrified,63
2020,GRAND,10,Passenger - Standard,Gasoline,Gasoline,Non-electrified,4156
2020,GRAND,10,Passenger - Standard,Hybrid,Hybrid,Hybrid,145
2020,GRAND,10,Passenger - Standard,Compressed Natural Gas,Natural Gas,Non-electrified,7
2020,GRAND,10,Passenger - Standard,Plug-in Hybrid,PHEV,PHEV,9
2020,IRON,11,Heavy Truck,Diesel,Diesel,Non-electrified,1343
2020,IRON,11,Heavy Truck,Gasoline,Gasoline,Non-electrified,366
2020,IRON,11,Heavy Truck,Compressed Natural Gas,Natural Gas,Non-electrified,3
2020,IRON,11,Heavy Truck,Propane,Propane/LPG,Non-electrified,14
2020,IRON,11,Light Truck,Electric,BEV,BEV,5
2020,IRON,11,Light Truck,Diesel,Diesel,Non-electrified,4293
2020,IRON,11,Light Truck,Gasoline,Gasoline,Non-electrified,21641
2020,IRON,11,Light Truck,Hybrid,Hybrid,Hybrid,87
2020,IRON,11,Light Truck,Compressed Natural Gas,Natural Gas,Non-electrified,78
2020,IRON,11,Light Truck,Plug-in Hybrid,PHEV,PHEV,3
2020,IRON,11,Light Truck,Propane,Propane/LPG,Non-electrified,1
2020,IRON,11,Motorcycle - Standard,Electric,BEV,BEV,2
2020,IRON,11,Motorcycle - Standard,Gasoline,Gasoline,Non-electrified,1384
2020,IRON,11,Passenger - Low Speed,Electric,BEV,BEV,1
2020,IRON,11,Passenger - Standard,Electric,BEV,BEV,27
2020,IRON,11,Passenger - Standard,Diesel,Diesel,Non-electrified,291
2020,IRON,11,Passenger - Standard,Gasoline,Gasoline,Non-electrified,19658
2020,IRON,11,Passenger - Standard,Hybrid,Hybrid,Hybrid,467
2020,IRON,11,Passenger - Standard,Compressed Natural Gas,Natural Gas,Non-electrified,81
2020,IRON,11,Passenger - Standard,Plug-in Hybrid,PHEV,PHEV,31
2020,JUAB,12,Heavy Truck,Diesel,Diesel,Non-electrified,943
2020,JUAB,12,Heavy Truck,Gasoline,Gasoline,Non-electrified,133
2020,JUAB,12,Heavy Truck,Compressed Natural Gas,Natural Gas,Non-electrified,2
2020,JUAB,12,Heavy Truck,Propane,Propane/LPG,Non-electrified,1
2020,JUAB,12,Light Truck,Diesel,Diesel,Non-electrified,1915
2020,JUAB,12,Light Truck,Gasoline,Gasoline,Non-electrified,4976
2020,JUAB,12,Light Truck,Hybrid,Hybrid,Hybrid,9
2020,JUAB,12,Light Truck,Compressed Natural Gas,Natural Gas,Non-electrified,23
2020,JUAB,12,Light Truck,Plug-in Hybrid,PHEV,PHEV,1
2020,JUAB,12,Motorcycle - Standard,Electric,BEV,BEV,1
2020,JUAB,12,Motorcycle - Standard,Gasoline,Gasoline,Non-electrified,314
2020,JUAB,12,Passenger - Standard,Electric,BEV,BEV,4
2020,JUAB,12,Passenger - Standard,Diesel,Diesel,Non-electrified,88
2020,JUAB,12,Passenger - Standard,Gasoline,Gasoline,Non-electrified,5609
2020,JUAB,12,Passenger - Standard,Hybrid,Hybrid,Hybrid,113
2020,JUAB,12,Passenger - Standard,Compressed Natural Gas,Natural Gas,Non-electrified,32
2020,JUAB,12,Passenger - Standard,Plug-in Hybrid,PHEV,PHEV,9
2020,KANE,13,Heavy Truck,Diesel,Diesel,Non-electrified,338
2020,KANE,13,Heavy Truck,Gasoline,Gasoline,Non-electrified,86
2020,KANE,13,Light Truck,Diesel,Diesel,Non-electrified,987
2020,KANE,13,Light Truck,Gasoline,Gasoline,Non-electrified,4552
2020,KANE,13,Light Truck,Hybrid,Hybrid,Hybrid,17
2020,KANE,13,Light Truck,Compressed Natural Gas,Natural Gas,Non-electrified,3
2020,KANE,13,Light Truck,Plug-in Hybrid,PHEV,PHEV,1
2020,KANE,13,Light Truck,Propane,Propane/LPG,Non-electrified,1
2020,KANE,13,Motorcycle - Standard,Gasoline,Gasoline,Non-electrified,266
2020,KANE,13,Motorcycle - Standard,Other,Other,Non-electrified,1
2020,KANE,13,Passenger - Standard,Electric,BEV,BEV,1
2020,KANE,13,Passenger - Standard,Diesel,Diesel,Non-electrified,57
2020,KANE,13,Passenger - Standard,Gasoline,Gasoline,Non-electrified,2800
2020,KANE,13,Passenger - Standard,Hybrid,Hybrid,Hybrid,66
2020,KANE,13,Passenger - Standard,Compressed Natural Gas,Natural Gas,Non-electrified,2
2020,KANE,13,Passenger - Standard,Plug-in Hybrid,PHEV,PHEV,2
2020,MILLARD,14,Heavy Truck,Diesel,Diesel,Non-electrified,699
2020,MILLARD,14,Heavy Truck,Gasoline,Gasoline,Non-electrified,97
2020,MILLARD,14,Heavy Truck,Propane,Propane/LPG,Non-electrified,1
2020,MILLARD,14,Light Truck,Diesel,Diesel,Non-electrified,1934
2020,MILLARD,14,Light Truck,Gasoline,Gasoline,Non-electrified,6219
2020,MILLARD,14,Light Truck,Hybrid,Hybrid,Hybrid,13
2020,MILLARD,14,Light Truck,Compressed Natural Gas,Natural Gas,Non-electrified,15
2020,MILLARD,14,Light Truck,Plug-in Hybrid,PHEV,PHEV,2
2020,MILLARD,14,Motorcycle - Standard,Gasoline,Gasoline,Non-electrified,292
2020,MILLARD,14,Passenger - Standard,Electric,BEV,BEV,2
2020,MILLARD,14,Passenger - Standard,Diesel,Diesel,Non-electrified,98
2020,MILLARD,14,Passenger - Standard,Gasoline,Gasoline,Non-electrified,6106
2020,MILLARD,14,Passenger - Standard,Hybrid,Hybrid,Hybrid,79
2020,MILLARD,14,Passenger - Standard,Compressed Natural Gas,Natural Gas,Non-electrified,23
2020,MILLARD,14,Passenger - Standard,Plug-in Hybrid,PHEV,PHEV,7
2020,MORGAN,15,Heavy Truck,Diesel,Diesel,Non-electrified,453
2020,MORGAN,15,Heavy Truck,Gasoline,Gasoline,Non-electrified,122
2020,MORGAN,15,Heavy Truck,Compressed Natural Gas,Natural Gas,Non-electrified,3
2020,MORGAN,15,Light Truck,Electric,BEV,BEV,3
2020,MORGAN,15,Light Truck,Diesel,Diesel,Non-electrified,1617
2020,MORGAN,15,Light Truck,Gasoline,Gasoline,Non-electrified,5309
2020,MORGAN,15,Light Truck,Hybrid,Hybrid,Hybrid,40
2020,MORGAN,15,Light Truck,Compressed Natural Gas,Natural Gas,Non-electrified,12
2020,MORGAN,15,Light Truck,Plug-in Hybrid,PHEV,PHEV,4
2020,MORGAN,15,Motorcycle - Standard,Gasoline,Gasoline,Non-electrified,366
2020,MORGAN,15,Passenger - Standard,Electric,BEV,BEV,22
2020,MORGAN,15,Passenger - Standard,Diesel,Diesel,Non-electrified,79
2020,MORGAN,15,Passenger - Standard,Gasoline,Gasoline,Non-electrified,5372
2020,MORGAN,15,Passenger - Standard,Hybrid,Hybrid,Hybrid,136
2020,MORGAN,15,Passenger - Standard,Compressed Natural Gas,Natural Gas,Non-electrified,24
2020,MORGAN,15,Passenger - Standard,Steam,Other,Non-electrified,1
2020,MORGAN,15,Passenger - Standard,Plug-in Hybrid,PHEV,PHEV,17
2020,PIUTE,16,Heavy Truck,Diesel,Diesel,Non-electrified,123
2020,PIUTE,16,Heavy Truck,Gasoline,Gasoline,Non-electrified,10
2020,PIUTE,16,Light Truck,Electric,BEV,BEV,1
2020,PIUTE,16,Light Truck,Diesel,Diesel,Non-electrified,309
2020,PIUTE,16,Light Truck,Gasoline,Gasoline,Non-electrified,838
2020,PIUTE,16,Light Truck,Hybrid,Hybrid,Hybrid,1
2020,PIUTE,16,Light Truck,Compressed Natural Gas,Natural Gas,Non-electrified,3
2020,PIUTE,16,Motorcycle - Standard,Gasoline,Gasoline,Non-electrified,44
2020,PIUTE,16,Passenger - Standard,Diesel,Diesel,Non-electrified,9
2020,PIUTE,16,Passenger - Standard,Gasoline,Gasoline,Non-electrified,761
2020,PIUTE,16,Passenger - Standard,Hybrid,Hybrid,Hybrid,6
2020,PIUTE,16,Passenger - Standard,Compressed Natural Gas,Natural Gas,Non-electrified,7
2020,RICH,17,Heavy Truck,Diesel,Diesel,Non-electrified,137
2020,RICH,17,Heavy Truck,Gasoline,Gasoline,Non-electrified,32
2020,RICH,17,Light Truck,Diesel,Diesel,Non-electrified,558
2020,RICH,17,Light Truck,Gasoline,Gasoline,Non-electrified,1463
2020,RICH,17,Light Truck,Hybrid,Hybrid,Hybrid,3
2020,RICH,17,Light Truck,Compressed Natural Gas,Natural Gas,Non-electrified,4
2020,RICH,17,Motorcycle - Standard,Gasoline,Gasoline,Non-electrified,79
2020,RICH,17,Passenger - Standard,Electric,BEV,BEV,1
2020,RICH,17,Passenger - Standard,Diesel,Diesel,Non-electrified,18
2020,RICH,17,Passenger - Standard,Gasoline,Gasoline,Non-electrified,1155
2020,RICH,17,Passenger - Standard,Hybrid,Hybrid,Hybrid,19
2020,RICH,17,Passenger - Standard,Compressed Natural Gas,Natural Gas,Non-electrified,4
2020,RICH,17,Passenger - Standard,Plug-in Hybrid,PHEV,PHEV,1
2020,SALT LAKE,18,Heavy Truck,Electric,BEV,BEV,8
2020,SALT LAKE,18,Heavy Truck,Diesel,Diesel,Non-electrified,23517
2020,SALT LAKE,18,Heavy Truck,Gasoline,Gasoline,Non-electrified,5864
2020,SALT LAKE,18,Heavy Truck,Compressed Natural Gas,Natural Gas,Non-electrified,611
2020,SALT LAKE,18,Heavy Truck,Other,Other,Non-electrified,2
2020,SALT LAKE,18,Heavy Truck,Propane,Propane/LPG,Non-electrified,8
2020,SALT LAKE,18,Light Truck,Electric,BEV,BEV,373
2020,SALT LAKE,18,Light Truck,Diesel,Diesel,Non-electrified,41177
2020,SALT LAKE,18,Light Truck,Gasoline,Gasoline,Non-electrified,378071
2020,SALT LAKE,18,Light Truck,Hybrid,Hybrid,Hybrid,4473
2020,SALT LAKE,18,Light Truck,Compressed Natural Gas,Natural Gas,Non-electrified,641
2020,SALT LAKE,18,Light Truck,Plug-in Hybrid,PHEV,PHEV,363
2020,SALT LAKE,18,Light Truck,Propane,Propane/LPG,Non-electrified,6
2020,SALT LAKE,18,Motorcycle - Standard,Electric,BEV,BEV,35
2020,SALT LAKE,18,Motorcycle - Standard,Gasoline,Gasoline,Non-electrified,26465
2020,SALT LAKE,18,Motorcycle - Standard,Hybrid,Hybrid,Hybrid,2
2020,SALT LAKE,18,Motorcycle - Standard,Compressed Natural Gas,Natural Gas,Non-electrified,1
2020,SALT LAKE,18,Motorcycle - Standard,Other,Other,Non-electrified,7
2020,SALT LAKE,18,Passenger - Low Speed,Electric,BEV,BEV,9
2020,SALT LAKE,18,Passenger - Low Speed,Diesel,Diesel,Non-electrified,1
2020,SALT LAKE,18,Passenger - Low Speed,Gasoline,Gasoline,Non-electrified,8
2020,SALT LAKE,18,Passenger - Standard,Electric,BEV,BEV,3699
2020,SALT LAKE,18,Passenger - Standard,Diesel,Diesel,Non-electrified,2910
2020,SALT LAKE,18,Passenger - Standard,Gasoline,Gasoline,Non-electrified,454475
2020,SALT LAKE,18,Passenger - Standard,Hybrid,Hybrid,Hybrid,13862
2020,SALT LAKE,18,Passenger - Standard,Compressed Natural Gas,Natural Gas,Non-electrified,808
2020,SALT LAKE,18,Passenger - Standard,Other,Other,Non-electrified,10
2020,SALT LAKE,18,Passenger - Standard,Plug-in Hybrid,PHEV,PHEV,1574
2020,SALT LAKE,18,Passenger - Standard,Propane,Propane/LPG,Non-electrified,2
2020,SAN JUAN,19,Heavy Truck,Diesel,Diesel,Non-electrified,405
2020,SAN JUAN,19,Heavy Truck,Gasoline,Gasoline,Non-electrified,45
2020,SAN JUAN,19,Light Truck,Diesel,Diesel,Non-electrified,1064
2020,SAN JUAN,19,Light Truck,Gasoline,Gasoline,Non-electrified,5310
2020,SAN JUAN,19,Light Truck,Hybrid,Hybrid,Hybrid,13
2020,SAN JUAN,19,Light Truck,Compressed Natural Gas,Natural Gas,Non-electrified,5
2020,SAN JUAN,19,Motorcycle - Standard,Gasoline,Gasoline,Non-electrified,245
2020,SAN JUAN,19,Passenger - Standard,Electric,BEV,BEV,3
2020,SAN JUAN,19,Passenger - Standard,Diesel,Diesel,Non-electrified,27
2020,SAN JUAN,19,Passenger - Standard,Gasoline,Gasoline,Non-electrified,3482
2020,SAN JUAN,19,Passenger - Standard,Hybrid,Hybrid,Hybrid,68
2020,SAN JUAN,19,Passenger - Standard,Compressed Natural Gas,Natural Gas,Non-electrified,5
2020,SAN JUAN,19,Passenger - Standard,Plug-in Hybrid,PHEV,PHEV,4
2020,SANPETE,20,Heavy Truck,Diesel,Diesel,Non-electrified,1035
2020,SANPETE,20,Heavy Truck,Gasoline,Gasoline,Non-electrified,248
2020,SANPETE,20,Heavy Truck,Compressed Natural Gas,Natural Gas,Non-electrified,2
2020,SANPETE,20,Light Truck,Electric,BEV,BEV,1
2020,SANPETE,20,Light Truck,Diesel,Diesel,Non-electrified,3237
2020,SANPETE,20,Light Truck,Gasoline,Gasoline,Non-electrified,12299
2020,SANPETE,20,Light Truck,Hybrid,Hybrid,Hybrid,34
2020,SANPETE,20,Light Truck,Compressed Natural Gas,Natural Gas,Non-electrified,38
2020,SANPETE,20,Motorcycle - Standard,Gasoline,Gasoline,Non-electrified,595
2020,SANPETE,20,Passenger - Low Speed,Gasoline,Gasoline,Non-electrified,1
2020,SANPETE,20,Passenger - Standard,Electric,BEV,BEV,12
2020,SANPETE,20,Passenger - Standard,Diesel,Diesel,Non-electrified,144
2020,SANPETE,20,Passenger - Standard,Gasoline,Gasoline,Non-electrified,12443
2020,SANPETE,20,Passenger - Standard,Hybrid,Hybrid,Hybrid,201
2020,SANPETE,20,Passenger - Standard,Compressed Natural Gas,Natural Gas,Non-electrified,47
2020,SANPETE,20,Passenger - Standard,Plug-in Hybrid,PHEV,PHEV,19
2020,SEVIER,21,Heavy Truck,Diesel,Diesel,Non-electrified,1705
2020,SEVIER,21,Heavy Truck,Gasoline,Gasoline,Non-electrified,218
2020,SEVIER,21,Heavy Truck,Compressed Natural Gas,Natural Gas,Non-electrified,5
2020,SEVIER,21,Light Truck,Electric,BEV,BEV,1
2020,SEVIER,21,Light Truck,Diesel,Diesel,Non-electrified,2795
2020,SEVIER,21,Light Truck,Gasoline,Gasoline,Non-electrified,10116
2020,SEVIER,21,Light Truck,Hybrid,Hybrid,Hybrid,25
2020,SEVIER,21,Light Truck,Compressed Natural Gas,Natural Gas,Non-electrified,38
2020,SEVIER,21,Light Truck,Plug-in Hybrid,PHEV,PHEV,1
2020,SEVIER,21,Motorcycle - Standard,Gasoline,Gasoline,Non-electrified,572
2020,SEVIER,21,Passenger - Standard,Electric,BEV,BEV,3
2020,SEVIER,21,Passenger - Standard,Diesel,Diesel,Non-electrified,63
2020,SEVIER,21,Passenger - Standard,Gasoline,Gasoline,Non-electrified,9168
2020,SEVIER,21,Passenger - Standard,Hybrid,Hybrid,Hybrid,108
2020,SEVIER,21,Passenger - Standard,Compressed Natural Gas,Natural Gas,Non-electrified,51
2020,SEVIER,21,Passenger - Standard,Plug-in Hybrid,PHEV,PHEV,5
2020,SUMMIT,22,Heavy Truck,Electric,BEV,BEV,7
2020,SUMMIT,22,Heavy Truck,Diesel,Diesel,Non-electrified,1208
2020,SUMMIT,22,Heavy Truck,Gasoline,Gasoline,Non-electrified,274
2020,SUMMIT,22,Heavy Truck,Compressed Natural Gas,Natural Gas,Non-electrified,9
2020,SUMMIT,22,Heavy Truck,Propane,Propane/LPG,Non-electrified,2
2020,SUMMIT,22,Light Truck,Electric,BEV,BEV,108
2020,SUMMIT,22,Light Truck,Diesel,Diesel,Non-electrified,3789
2020,SUMMIT,22,Light Truck,Gasoline,Gasoline,Non-electrified,26603
2020,SUMMIT,22,Light Truck,Hybrid,Hybrid,Hybrid,417
2020,SUMMIT,22,Light Truck,Compressed Natural Gas,Natural Gas,Non-electrified,43
2020,SUMMIT,22,Light Truck,Plug-in Hybrid,PHEV,PHEV,75
2020,SUMMIT,22,Motorcycle - Standard,Electric,BEV,BEV,2
2020,SUMMIT,22,Motorcycle - Standard,Gasoline,Gasoline,Non-electrified,1938
2020,SUMMIT,22,Passenger - Low Speed,Electric,BEV,BEV,3
2020,SUMMIT,22,Passenger - Standard,Electric,BEV,BEV,298
2020,SUMMIT,22,Passenger - Standard,Diesel,Diesel,Non-electrified,299
2020,SUMMIT,22,Passenger - Standard,Gasoline,Gasoline,Non-electrified,19040
2020,SUMMIT,22,Passenger - Standard,Hybrid,Hybrid,Hybrid,387
2020,SUMMIT,22,Passenger - Standard,Compressed Natural Gas,Natural Gas,Non-electrified,47
2020,SUMMIT,22,Passenger - Standard,Plug-in Hybrid,PHEV,PHEV,85
2020,TOOELE,23,Heavy Truck,Diesel,Diesel,Non-electrified,1181
2020,TOOELE,23,Heavy Truck,Gasoline,Gasoline,Non-electrified,437
2020,TOOELE,23,Heavy Truck,Compressed Natural Gas,Natural Gas,Non-electrified,2
2020,TOOELE,23,Heavy Truck,Propane,Propane/LPG,Non-electrified,1
2020,TOOELE,23,Light Truck,Electric,BEV,BEV,7
2020,TOOELE,23,Light Truck,Diesel,Diesel,Non-electrified,5626
2020,TOOELE,23,Light Truck,Gasoline,Gasoline,Non-electrified,24859
2020,TOOELE,23,Light Truck,Hybrid,Hybrid,Hybrid,103
2020,TOOELE,23,Light Truck,Compressed Natural Gas,Natural Gas,Non-electrified,54
2020,TOOELE,23,Light Truck,Plug-in Hybrid,PHEV,PHEV,6
2020,TOOELE,23,Light Truck,Propane,Propane/LPG,Non-electrified,1
2020,TOOELE,23,Motorcycle - Standard,Gasoline,Gasoline,Non-electrified,2094
2020,TOOELE,23,Passenger - Low Speed,Electric,BEV,BEV,1
2020,TOOELE,23,Passenger - Standard,Electric,BEV,BEV,63
2020,TOOELE,23,Passenger - Standard,Diesel,Diesel,Non-electrified,366
2020,TOOELE,23,Passenger - Standard,Gasoline,Gasoline,Non-electrified,33224
2020,TOOELE,23,Passenger - Standard,Hybrid,Hybrid,Hybrid,628
2020,TOOELE,23,Passenger - Standard,Compressed Natural Gas,Natural Gas,Non-electrified,70
2020,TOOELE,23,Passenger - Standard,Plug-in Hybrid,PHEV,PHEV,74
2020,UINTAH,24,Heavy Truck,Diesel,Diesel,Non-electrified,2751
2020,UINTAH,24,Heavy Truck,Gasoline,Gasoline,Non-electrified,417
2020,UINTAH,24,Heavy Truck,Compressed Natural Gas,Natural Gas,Non-electrified,4
2020,UINTAH,24,Heavy Truck,Propane,Propane/LPG,Non-electrified,17
2020,UINTAH,24,Light Truck,Electric,BEV,BEV,1
2020,UINTAH,24,Light Truck,Diesel,Diesel,Non-electrified,4263
2020,UINTAH,24,Light Truck,Gasoline,Gasoline,Non-electrified,16349
2020,UINTAH,24,Light Truck,Hybrid,Hybrid,Hybrid,27
2020,UINTAH,24,Light Truck,Compressed Natural Gas,Natural Gas,Non-electrified,25
2020,UINTAH,24,Light Truck,Plug-in Hybrid,PHEV,PHEV,2
2020,UINTAH,24,Light Truck,Propane,Propane/LPG,Non-electrified,4
2020,UINTAH,24,Motorcycle - Standard,Gasoline,Gasoline,Non-electrified,1042
2020,UINTAH,24,Passenger - Standard,Electric,BEV,BEV,6
2020,UINTAH,24,Passenger - Standard,Diesel,Diesel,Non-electrified,131
2020,UINTAH,24,Passenger - Standard,Gasoline,Gasoline,Non-electrified,11050
2020,UINTAH,24,Passenger - Standard,Hybrid,Hybrid,Hybrid,91
2020,UINTAH,24,Passenger - Standard,Compressed Natural Gas,Natural Gas,Non-electrified,12
2020,UINTAH,24,Passenger - Standard,Plug-in Hybrid,PHEV,PHEV,4
2020,UTAH,25,Heavy Truck,Diesel,Diesel,Non-electrified,9059
2020,UTAH,25,Heavy Truck,Gasoline,Gasoline,Non-electrified,2245
2020,UTAH,25,Heavy Truck,Compressed Natural Gas,Natural Gas,Non-electrified,71
2020,UTAH,25,Heavy Truck,Propane,Propane/LPG,Non-electrified,19
2020,UTAH,25,Light Truck,Electric,BEV,BEV,154
2020,UTAH,25,Light Truck,Diesel,Diesel,Non-electrified,18896
2020,UTAH,25,Light Truck,Gasoline,Gasoline,Non-electrified,170276
2020,UTAH,25,Light Truck,Hybrid,Hybrid,Hybrid,1518
2020,UTAH,25,Light Truck,Compressed Natural Gas,Natural Gas,Non-electrified,353
2020,UTAH,25,Light Truck,Other,Other,Non-electrified,1
2020,UTAH,25,Light Truck,Plug-in Hybrid,PHEV,PHEV,111
2020,UTAH,25,Light Truck,Propane,Propane/LPG,Non-electrified,3
2020,UTAH,25,Motorcycle - Standard,Electric,BEV,BEV,21
2020,UTAH,25,Motorcycle - Standard,Gasoline,Gasoline,Non-electrified,12933
2020,UTAH,25,Motorcycle - Standard,Other,Other,Non-electrified,7
2020,UTAH,25,Passenger - Low Speed,Electric,BEV,BEV,15
2020,UTAH,25,Passenger - Low Speed,Gasoline,Gasoline,Non-electrified,2
2020,UTAH,25,Passenger - Standard,Electric,BEV,BEV,1311
2020,UTAH,25,Passenger - Standard,Diesel,Diesel,Non-electrified,1888
2020,UTAH,25,Passenger - Standard,Gasoline,Gasoline,Non-electrified,216199
2020,UTAH,25,Passenger - Standard,Hybrid,Hybrid,Hybrid,6642
2020,UTAH,25,Passenger - Standard,Compressed Natural Gas,Natural Gas,Non-electrified,621
2020,UTAH,25,Passenger - Standard,Liquefied Natural Gas,Natural Gas,Non-electrified,1
2020,UTAH,25,Passenger - Standard,Plug-in Hybrid,PHEV,PHEV,811
2020,UTAH,25,Passenger - Standard,Propane,Propane/LPG,Non-electrified,1
2020,WASATCH,26,Heavy Truck,Diesel,Diesel,Non-electrified,816
2020,WASATCH,26,Heavy Truck,Gasoline,Gasoline,Non-electrified,206
2020,WASATCH,26,Heavy Truck,Compressed Natural Gas,Natural Gas,Non-electrified,2
2020,WASATCH,26,Light Truck,Electric,BEV,BEV,15
2020,WASATCH,26,Light Truck,Diesel,Diesel,Non-electrified,2870
2020,WASATCH,26,Light Truck,Gasoline,Gasoline,Non-electrified,16287
2020,WASATCH,26,Light Truck,Hybrid,Hybrid,Hybrid,135
2020,WASATCH,26,Light Truck,Compressed Natural Gas,Natural Gas,Non-electrified,33
2020,WASATCH,26,Light Truck,Plug-in Hybrid,PHEV,PHEV,16
2020,WASATCH,26,Motorcycle - Standard,Electric,BEV,BEV,7
2020,WASATCH,26,Motorcycle - Standard,Gasoline,Gasoline,Non-electrified,1187
2020,WASATCH,26,Motorcycle - Standard,Other,Other,Non-electrified,2
2020,WASATCH,26,Passenger - Low Speed,Electric,BEV,BEV,1
2020,WASATCH,26,Passenger - Standard,Electric,BEV,BEV,58
2020,WASATCH,26,Passenger - Standard,Diesel,Diesel,Non-electrified,230
2020,WASATCH,26,Passenger - Standard,Gasoline,Gasoline,Non-electrified,13078
2020,WASATCH,26,Passenger - Standard,Hybrid,Hybrid,Hybrid,291
2020,WASATCH,26,Passenger - Standard,Compressed Natural Gas,Natural Gas,Non-electrified,48
2020,WASATCH,26,Passenger - Standard,Plug-in Hybrid,PHEV,PHEV,42
2020,WASATCH,26,Passenger - Standard,Propane,Propane/LPG,Non-electrified,2
2020,WASHINGTON,27,Heavy Truck,Diesel,Diesel,Non-electrified,5532
2020,WASHINGTON,27,Heavy Truck,Gasoline,Gasoline,Non-electrified,1348
2020,WASHINGTON,27,Heavy Truck,Compressed Natural Gas,Natural Gas,Non-electrified,16
2020,WASHINGTON,27,Heavy Truck,Propane,Propane/LPG,Non-electrified,11
2020,WASHINGTON,27,Light Truck,Electric,BEV,BEV,42
2020,WASHINGTON,27,Light Truck,Diesel,Diesel,Non-electrified,11679
2020,WASHINGTON,27,Light Truck,Gasoline,Gasoline,Non-electrified,69483
2020,WASHINGTON,27,Light Truck,Hybrid,Hybrid,Hybrid,573
2020,WASHINGTON,27,Light Truck,Compressed Natural Gas,Natural Gas,Non-electrified,222
2020,WASHINGTON,27,Light Truck,Plug-in Hybrid,PHEV,PHEV,33
2020,WASHINGTON,27,Light Truck,Propane,Propane/LPG,Non-electrified,1
2020,WASHINGTON,27,Motorcycle - Standard,Electric,BEV,BEV,2
2020,WASHINGTON,27,Motorcycle - Standard,Gasoline,Gasoline,Non-electrified,6019
2020,WASHINGTON,27,Motorcycle - Standard,Other,Other,Non-electrified,2
2020,WASHINGTON,27,Passenger - Low Speed,Electric,BEV,BEV,13
2020,WASHINGTON,27,Passenger - Low Speed,Gasoline,Gasoline,Non-electrified,3
2020,WASHINGTON,27,Passenger - Standard,Electric,BEV,BEV,299
2020,WASHINGTON,27,Passenger - Standard,Diesel,Diesel,Non-electrified,1019
2020,WASHINGTON,27,Passenger - Standard,Gasoline,Gasoline,Non-electrified,71833
2020,WASHINGTON,27,Passenger - Standard,Hybrid,Hybrid,Hybrid,2807
2020,WASHINGTON,27,Passenger - Standard,Compressed Natural Gas,Natural Gas,Non-electrified,269
2020,WASHINGTON,27,Passenger - Standard,Plug-in Hybrid,PHEV,PHEV,164
2020,WAYNE,28,Heavy Truck,Diesel,Diesel,Non-electrified,256
2020,WAYNE,28,Heavy Truck,Gasoline,Gasoline,Non-electrified,38
2020,WAYNE,28,Heavy Truck,Propane,Propane/LPG,Non-electrified,1
2020,WAYNE,28,Light Truck,Diesel,Diesel,Non-electrified,609
2020,WAYNE,28,Light Truck,Gasoline,Gasoline,Non-electrified,1723
2020,WAYNE,28,Light Truck,Hybrid,Hybrid,Hybrid,9
2020,WAYNE,28,Light Truck,Compressed Natural Gas,Natural Gas,Non-electrified,3
2020,WAYNE,28,Motorcycle - Standard,Gasoline,Gasoline,Non-electrified,85
2020,WAYNE,28,Passenger - Standard,Electric,BEV,BEV,2
2020,WAYNE,28,Passenger - Standard,Diesel,Diesel,Non-electrified,19
2020,WAYNE,28,Passenger - Standard,Gasoline,Gasoline,Non-electrified,1216
2020,WAYNE,28,Passenger - Standard,Hybrid,Hybrid,Hybrid,19
2020,WAYNE,28,Passenger - Standard,Compressed Natural Gas,Natural Gas,Non-electrified,5
2020,WAYNE,28,Passenger - Standard,Plug-in Hybrid,PHEV,PHEV,1
2020,WEBER,29,Heavy Truck,Diesel,Diesel,Non-electrified,4912
2020,WEBER,29,Heavy Truck,Gasoline,Gasoline,Non-electrified,1202
2020,WEBER,29,Heavy Truck,Compressed Natural Gas,Natural Gas,Non-electrified,31
2020,WEBER,29,Heavy Truck,Other,Other,Non-electrified,1
2020,WEBER,29,Heavy Truck,Propane,Propane/LPG,Non-electrified,4
2020,WEBER,29,Light Truck,Electric,BEV,BEV,24
2020,WEBER,29,Light Truck,Diesel,Diesel,Non-electrified,12421
2020,WEBER,29,Light Truck,Gasoline,Gasoline,Non-electrified,80011
2020,WEBER,29,Light Truck,Hybrid,Hybrid,Hybrid,564
2020,WEBER,29,Light Truck,Compressed Natural Gas,Natural Gas,Non-electrified,160
2020,WEBER,29,Light Truck,Plug-in Hybrid,PHEV,PHEV,19
2020,WEBER,29,Light Truck,Propane,Propane/LPG,Non-electrified,1
2020,WEBER,29,Motorcycle - Standard,Electric,BEV,BEV,4
2020,WEBER,29,Motorcycle - Standard,Gasoline,Gasoline,Non-electrified,7013
2020,WEBER,29,Motorcycle - Standard,Other,Other,Non-electrified,5
2020,WEBER,29,Passenger - Low Speed,Electric,BEV,BEV,2
2020,WEBER,29,Passenger - Low Speed,Gasoline,Gasoline,Non-electrified,1
2020,WEBER,29,Passenger - Standard,Electric,BEV,BEV,317
2020,WEBER,29,Passenger - Standard,Diesel,Diesel,Non-electrified,828
2020,WEBER,29,Passenger - Standard,Gasoline,Gasoline,Non-electrified,98664
2020,WEBER,29,Passenger - Standard,Hybrid,Hybrid,Hybrid,1959
2020,WEBER,29,Passenger - Standard,Compressed Natural Gas,Natural Gas,Non-electrified,222
2020,WEBER,29,Passenger - Standard,Other,Other,Non-electrified,1
2020,WEBER,29,Passenger - Standard,Plug-in Hybrid,PHEV,PHEV,226
2020,WEBER,29,Passenger - Standard,Butane,Propane/LPG,Non-electrified,1
2021,BEAVER,1,Heavy Truck,Diesel,Diesel,Non-electrified,384
2021,BEAVER,1,Heavy Truck,Gasoline,Gasoline,Non-electrified,63
2021,BEAVER,1,Heavy Truck,Compressed Natural Gas,Natural Gas,Non-electrified,1
2021,BEAVER,1,Light Truck,Electric,BEV,BEV,1
2021,BEAVER,1,Light Truck,Diesel,Diesel,Non-electrified,1064
2021,BEAVER,1,Light Truck,Gasoline,Gasoline,Non-electrified,3973
2021,BEAVER,1,Light Truck,Hybrid,Hybrid,Hybrid,10
2021,BEAVER,1,Light Truck,Compressed Natural Gas,Natural Gas,Non-electrified,13
2021,BEAVER,1,Motorcycle - Standard,Electric,BEV,BEV,1
2021,BEAVER,1,Motorcycle - Standard,Gasoline,Gasoline,Non-electrified,145
2021,BEAVER,1,Passenger - Standard,Electric,BEV,BEV,1
2021,BEAVER,1,Passenger - Standard,Diesel,Diesel,Non-electrified,43
2021,BEAVER,1,Passenger - Standard,Gasoline,Gasoline,Non-electrified,2783
2021,BEAVER,1,Passenger - Standard,Hybrid,Hybrid,Hybrid,52
2021,BEAVER,1,Passenger - Standard,Compressed Natural Gas,Natural Gas,Non-electrified,4
2021,BEAVER,1,Passenger - Standard,Plug-in Hybrid,PHEV,PHEV,3
2021,BOX ELDER,2,Heavy Truck,Diesel,Diesel,Non-electrified,2574
2021,BOX ELDER,2,Heavy Truck,Gasoline,Gasoline,Non-electrified,547
2021,BOX ELDER,2,Heavy Truck,Compressed Natural Gas,Natural Gas,Non-electrified,4
2021,BOX ELDER,2,Light Truck,Electric,BEV,BEV,9
2021,BOX ELDER,2,Light Truck,Diesel,Diesel,Non-electrified,6365
2021,BOX ELDER,2,Light Truck,Gasoline,Gasoline,Non-electrified,23689
2021,BOX ELDER,2,Light Truck,Hybrid,Hybrid,Hybrid,133
2021,BOX ELDER,2,Light Truck,Compressed Natural Gas,Natural Gas,Non-electrified,74
2021,BOX ELDER,2,Light Truck,Plug-in Hybrid,PHEV,PHEV,4
2021,BOX ELDER,2,Motorcycle - Standard,Electric,BEV,BEV,2
2021,BOX ELDER,2,Motorcycle - Standard,Gasoline,Gasoline,Non-electrified,1837
2021,BOX ELDER,2,Motorcycle - Standard,Other,Other,Non-electrified,1
2021,BOX ELDER,2,Passenger - Standard,Electric,BEV,BEV,49
2021,BOX ELDER,2,Passenger - Standard,Diesel,Diesel,Non-electrified,356
2021,BOX ELDER,2,Passenger - Standard,Gasoline,Gasoline,Non-electrified,25902
2021,BOX ELDER,2,Passenger - Standard,Hybrid,Hybrid,Hybrid,505
2021,BOX ELDER,2,Passenger - Standard,Compressed Natural Gas,Natural Gas,Non-electrified,107
2021,BOX ELDER,2,Passenger - Standard,Plug-in Hybrid,PHEV,PHEV,86
2021,CACHE,3,Heavy Truck,Electric,BEV,BEV,1
2021,CACHE,3,Heavy Truck,Diesel,Diesel,Non-electrified,2955
2021,CACHE,3,Heavy Truck,Gasoline,Gasoline,Non-electrified,752
2021,CACHE,3,Heavy Truck,Compressed Natural Gas,Natural Gas,Non-electrified,22
2021,CACHE,3,Heavy Truck,Propane,Propane/LPG,Non-electrified,14
2021,CACHE,3,Light Truck,Electric,BEV,BEV,37
2021,CACHE,3,Light Truck,Diesel,Diesel,Non-electrified,5343
2021,CACHE,3,Light Truck,Gasoline,Gasoline,Non-electrified,44427
2021,CACHE,3,Light Truck,Hybrid,Hybrid,Hybrid,461
2021,CACHE,3,Light Truck,Compressed Natural Gas,Natural Gas,Non-electrified,74
2021,CACHE,3,Light Truck,Plug-in Hybrid,PHEV,PHEV,12
2021,CACHE,3,Motorcycle - Standard,Electric,BEV,BEV,10
2021,CACHE,3,Motorcycle - Standard,Gasoline,Gasoline,Non-electrified,3446
2021,CACHE,3,Motorcycle - Standard,Hybrid,Hybrid,Hybrid,1
2021,CACHE,3,Motorcycle - Standard,Other,Other,Non-electrified,2
2021,CACHE,3,Passenger - Low Speed,Electric,BEV,BEV,3
2021,CACHE,3,Passenger - Low Speed,Gasoline,Gasoline,Non-electrified,1
2021,CACHE,3,Passenger - Standard,Electric,BEV,BEV,185
2021,CACHE,3,Passenger - Standard,Diesel,Diesel,Non-electrified,443
2021,CACHE,3,Passenger - Standard,Gasoline,Gasoline,Non-electrified,42690
2021,CACHE,3,Passenger - Standard,Hybrid,Hybrid,Hybrid,1174
2021,CACHE,3,Passenger - Standard,Compressed Natural Gas,Natural Gas,Non-electrified,125
2021,CACHE,3,Passenger - Standard,Plug-in Hybrid,PHEV,PHEV,141
2021,CARBON,4,Heavy Truck,Diesel,Diesel,Non-electrified,692
2021,CARBON,4,Heavy Truck,Gasoline,Gasoline,Non-electrified,202
2021,CARBON,4,Heavy Truck,Propane,Propane/LPG,Non-electrified,1
2021,CARBON,4,Light Truck,Electric,BEV,BEV,1
2021,CARBON,4,Light Truck,Diesel,Diesel,Non-electrified,2214
2021,CARBON,4,Light Truck,Gasoline,Gasoline,Non-electrified,9958
2021,CARBON,4,Light Truck,Hybrid,Hybrid,Hybrid,30
2021,CARBON,4,Light Truck,Compressed Natural Gas,Natural Gas,Non-electrified,22
2021,CARBON,4,Motorcycle - Standard,Gasoline,Gasoline,Non-electrified,603
2021,CARBON,4,Passenger - Standard,Electric,BEV,BEV,5
2021,CARBON,4,Passenger - Standard,Diesel,Diesel,Non-electrified,85
2021,CARBON,4,Passenger - Standard,Gasoline,Gasoline,Non-electrified,9023
2021,CARBON,4,Passenger - Standard,Hybrid,Hybrid,Hybrid,135
2021,CARBON,4,Passenger - Standard,Compressed Natural Gas,Natural Gas,Non-electrified,26
2021,CARBON,4,Passenger - Standard,Plug-in Hybrid,PHEV,PHEV,14
2021,DAGGETT,5,Heavy Truck,Diesel,Diesel,Non-electrified,85
2021,DAGGETT,5,Heavy Truck,Gasoline,Gasoline,Non-electrified,20
2021,DAGGETT,5,Light Truck,Diesel,Diesel,Non-electrified,376
2021,DAGGETT,5,Light Truck,Gasoline,Gasoline,Non-electrified,878
2021,DAGGETT,5,Light Truck,Hybrid,Hybrid,Hybrid,2
2021,DAGGETT,5,Light Truck,Compressed Natural Gas,Natural Gas,Non-electrified,3
2021,DAGGETT,5,Motorcycle - Standard,Gasoline,Gasoline,Non-electrified,41
2021,DAGGETT,5,Passenger - Low Speed,Gasoline,Gasoline,Non-electrified,1
2021,DAGGETT,5,Passenger - Standard,Diesel,Diesel,Non-electrified,4
2021,DAGGETT,5,Passenger - Standard,Gasoline,Gasoline,Non-electrified,550
2021,DAGGETT,5,Passenger - Standard,Hybrid,Hybrid,Hybrid,10
2021,DAVIS,6,Heavy Truck,Diesel,Diesel,Non-electrified,3861
2021,DAVIS,6,Heavy Truck,Gasoline,Gasoline,Non-electrified,1537
2021,DAVIS,6,Heavy Truck,Compressed Natural Gas,Natural Gas,Non-electrified,9
2021,DAVIS,6,Heavy Truck,Propane,Propane/LPG,Non-electrified,1
2021,DAVIS,6,Light Truck,Electric,BEV,BEV,178
2021,DAVIS,6,Light Truck,Diesel,Diesel,Non-electrified,11141
2021,DAVIS,6,Light Truck,Gasoline,Gasoline,Non-electrified,115874
2021,DAVIS,6,Light Truck,Hybrid,Hybrid,Hybrid,1311
2021,DAVIS,6,Light Truck,Compressed Natural Gas,Natural Gas,Non-electrified,168
2021,DAVIS,6,Light Truck,Plug-in Hybrid,PHEV,PHEV,96
2021,DAVIS,6,Light Truck,Propane,Propane/LPG,Non-electrified,1
2021,DAVIS,6,Motorcycle - Standard,Electric,BEV,BEV,11
2021,DAVIS,6,Motorcycle - Standard,Gasoline,Gasoline,Non-electrified,9337
2021,DAVIS,6,Motorcycle - Standard,Other,Other,Non-electrified,4
2021,DAVIS,6,Passenger - Low Speed,Electric,BEV,BEV,1
2021,DAVIS,6,Passenger - Standard,Electric,BEV,BEV,877
2021,DAVIS,6,Passenger - Standard,Diesel,Diesel,Non-electrified,1161
2021,DAVIS,6,Passenger - Standard,Gasoline,Gasoline,Non-electrified,127754
2021,DAVIS,6,Passenger - Standard,Hybrid,Hybrid,Hybrid,3762
2021,DAVIS,6,Passenger - Standard,Compressed Natural Gas,Natural Gas,Non-electrified,360
2021,DAVIS,6,Passenger - Standard,Liquefied Natural Gas,Natural Gas,Non-electrified,1
2021,DAVIS,6,Passenger - Standard,Other,Other,Non-electrified,4
2021,DAVIS,6,Passenger - Standard,Plug-in Hybrid,PHEV,PHEV,503
2021,DAVIS,6,Passenger - Standard,Butane,Propane/LPG,Non-electrified,1
2021,DAVIS,6,Passenger - Standard,Propane,Propane/LPG,Non-electrified,1
2021,DUCHESNE,7,Heavy Truck,Diesel,Diesel,Non-electrified,2082
2021,DUCHESNE,7,Heavy Truck,Gasoline,Gasoline,Non-electrified,232
2021,DUCHESNE,7,Heavy Truck,Compressed Natural Gas,Natural Gas,Non-electrified,1
2021,DUCHESNE,7,Heavy Truck,Propane,Propane/LPG,Non-electrified,8
2021,DUCHESNE,7,Light Truck,Electric,BEV,BEV,1
2021,DUCHESNE,7,Light Truck,Diesel,Diesel,Non-electrified,3426
2021,DUCHESNE,7,Light Truck,Gasoline,Gasoline,Non-electrified,11354
2021,DUCHESNE,7,Light Truck,Hybrid,Hybrid,Hybrid,27
2021,DUCHESNE,7,Light Truck,Compressed Natural Gas,Natural Gas,Non-electrified,20
2021,DUCHESNE,7,Light Truck,Plug-in Hybrid,PHEV,PHEV,1
2021,DUCHESNE,7,Motorcycle - Standard,Electric,BEV,BEV,2
2021,DUCHESNE,7,Motorcycle - Standard,Gasoline,Gasoline,Non-electrified,550
2021,DUCHESNE,7,Passenger - Standard,Electric,BEV,BEV,8
2021,DUCHESNE,7,Passenger - Standard,Diesel,Diesel,Non-electrified,68
2021,DUCHESNE,7,Passenger - Standard,Gasoline,Gasoline,Non-electrified,7037
2021,DUCHESNE,7,Passenger - Standard,Hybrid,Hybrid,Hybrid,57
2021,DUCHESNE,7,Passenger - Standard,Compressed Natural Gas,Natural Gas,Non-electrified,8
2021,DUCHESNE,7,Passenger - Standard,Plug-in Hybrid,PHEV,PHEV,11
2021,EMERY,8,Heavy Truck,Diesel,Diesel,Non-electrified,586
2021,EMERY,8,Heavy Truck,Gasoline,Gasoline,Non-electrified,75
2021,EMERY,8,Light Truck,Diesel,Diesel,Non-electrified,1741
2021,EMERY,8,Light Truck,Gasoline,Gasoline,Non-electrified,5133
2021,EMERY,8,Light Truck,Hybrid,Hybrid,Hybrid,13
2021,EMERY,8,Light Truck,Compressed Natural Gas,Natural Gas,Non-electrified,9
2021,EMERY,8,Motorcycle - Standard,Gasoline,Gasoline,Non-electrified,215
2021,EMERY,8,Passenger - Low Speed,Gasoline,Gasoline,Non-electrified,1
2021,EMERY,8,Passenger - Standard,Diesel,Diesel,Non-electrified,73
2021,EMERY,8,Passenger - Standard,Gasoline,Gasoline,Non-electrified,4253
2021,EMERY,8,Passenger - Standard,Hybrid,Hybrid,Hybrid,51
2021,EMERY,8,Passenger - Standard,Compressed Natural Gas,Natural Gas,Non-electrified,14
2021,EMERY,8,Passenger - Standard,Plug-in Hybrid,PHEV,PHEV,7
2021,GARFIELD,9,Heavy Truck,Diesel,Diesel,Non-electrified,320
2021,GARFIELD,9,Heavy Truck,Gasoline,Gasoline,Non-electrified,40
2021,GARFIELD,9,Light Truck,Electric,BEV,BEV,3
2021,GARFIELD,9,Light Truck,Diesel,Diesel,Non-electrified,982
2021,GARFIELD,9,Light Truck,Gasoline,Gasoline,Non-electrified,3243
2021,GARFIELD,9,Light Truck,Hybrid,Hybrid,Hybrid,5
2021,GARFIELD,9,Light Truck,Compressed Natural Gas,Natural Gas,Non-electrified,7
2021,GARFIELD,9,Motorcycle - Standard,Gasoline,Gasoline,Non-electrified,145
2021,GARFIELD,9,Passenger - Low Speed,Gasoline,Gasoline,Non-electrified,1
2021,GARFIELD,9,Passenger - Standard,Electric,BEV,BEV,3
2021,GARFIELD,9,Passenger - Standard,Diesel,Diesel,Non-electrified,30
2021,GARFIELD,9,Passenger - Standard,Gasoline,Gasoline,Non-electrified,1916
2021,GARFIELD,9,Passenger - Standard,Hybrid,Hybrid,Hybrid,38
2021,GARFIELD,9,Passenger - Standard,Compressed Natural Gas,Natural Gas,Non-electrified,3
2021,GRAND,10,Heavy Truck,Diesel,Diesel,Non-electrified,367
2021,GRAND,10,Heavy Truck,Gasoline,Gasoline,Non-electrified,105
2021,GRAND,10,Heavy Truck,Compressed Natural Gas,Natural Gas,Non-electrified,1
2021,GRAND,10,Light Truck,Electric,BEV,BEV,4
2021,GRAND,10,Light Truck,Diesel,Diesel,Non-electrified,1049
2021,GRAND,10,Light Truck,Gasoline,Gasoline,Non-electrified,6415
2021,GRAND,10,Light Truck,Hybrid,Hybrid,Hybrid,35
2021,GRAND,10,Light Truck,Compressed Natural Gas,Natural Gas,Non-electrified,10
2021,GRAND,10,Light Truck,Plug-in Hybrid,PHEV,PHEV,6
2021,GRAND,10,Motorcycle - Standard,Electric,BEV,BEV,2
2021,GRAND,10,Motorcycle - Standard,Gasoline,Gasoline,Non-electrified,628
2021,GRAND,10,Passenger - Low Speed,Electric,BEV,BEV,1
2021,GRAND,10,Passenger - Standard,Electric,BEV,BEV,8
2021,GRAND,10,Passenger - Standard,Diesel,Diesel,Non-electrified,60
2021,GRAND,10,Passenger - Standard,Gasoline,Gasoline,Non-electrified,3767
2021,GRAND,10,Passenger - Standard,Hybrid,Hybrid,Hybrid,151
2021,GRAND,10,Passenger - Standard,Compressed Natural Gas,Natural Gas,Non-electrified,8
2021,GRAND,10,Passenger - Standard,Plug-in Hybrid,PHEV,PHEV,9
2021,IRON,11,Heavy Truck,Diesel,Diesel,Non-electrified,1526
2021,IRON,11,Heavy Truck,Gasoline,Gasoline,Non-electrified,365
2021,IRON,11,Heavy Truck,Compressed Natural Gas,Natural Gas,Non-electrified,2
2021,IRON,11,Heavy Truck,Propane,Propane/LPG,Non-electrified,14
2021,IRON,11,Light Truck,Electric,BEV,BEV,11
2021,IRON,11,Light Truck,Diesel,Diesel,Non-electrified,4661
2021,IRON,11,Light Truck,Gasoline,Gasoline,Non-electrified,23660
2021,IRON,11,Light Truck,Hybrid,Hybrid,Hybrid,131
2021,IRON,11,Light Truck,Compressed Natural Gas,Natural Gas,Non-electrified,70
2021,IRON,11,Light Truck,Plug-in Hybrid,PHEV,PHEV,8
2021,IRON,11,Light Truck,Propane,Propane/LPG,Non-electrified,1
2021,IRON,11,Motorcycle - Standard,Electric,BEV,BEV,2
2021,IRON,11,Motorcycle - Standard,Gasoline,Gasoline,Non-electrified,1489
2021,IRON,11,Motorcycle - Standard,Other,Other,Non-electrified,1
2021,IRON,11,Passenger - Low Speed,Electric,BEV,BEV,3
2021,IRON,11,Passenger - Standard,Electric,BEV,BEV,37
2021,IRON,11,Passenger - Standard,Diesel,Diesel,Non-electrified,336
2021,IRON,11,Passenger - Standard,Gasoline,Gasoline,Non-electrified,19438
2021,IRON,11,Passenger - Standard,Hybrid,Hybrid,Hybrid,488
2021,IRON,11,Passenger - Standard,Compressed Natural Gas,Natural Gas,Non-electrified,71
2021,IRON,11,Passenger - Standard,Plug-in Hybrid,PHEV,PHEV,40
2021,JUAB,12,Heavy Truck,Diesel,Diesel,Non-electrified,1091
2021,JUAB,12,Heavy Truck,Gasoline,Gasoline,Non-electrified,143
2021,JUAB,12,Heavy Truck,Compressed Natural Gas,Natural Gas,Non-electrified,2
2021,JUAB,12,Heavy Truck,Propane,Propane/LPG,Non-electrified,1
2021,JUAB,12,Light Truck,Diesel,Diesel,Non-electrified,1989
2021,JUAB,12,Light Truck,Gasoline,Gasoline,Non-electrified,5277
2021,JUAB,12,Light Truck,Hybrid,Hybrid,Hybrid,12
2021,JUAB,12,Light Truck,Compressed Natural Gas,Natural Gas,Non-electrified,17
2021,JUAB,12,Light Truck,Plug-in Hybrid,PHEV,PHEV,1
2021,JUAB,12,Motorcycle - Standard,Electric,BEV,BEV,2
2021,JUAB,12,Motorcycle - Standard,Gasoline,Gasoline,Non-electrified,350
2021,JUAB,12,Passenger - Standard,Electric,BEV,BEV,5
2021,JUAB,12,Passenger - Standard,Diesel,Diesel,Non-electrified,91
2021,JUAB,12,Passenger - Standard,Gasoline,Gasoline,Non-electrified,5534
2021,JUAB,12,Passenger - Standard,Hybrid,Hybrid,Hybrid,108
2021,JUAB,12,Passenger - Standard,Compressed Natural Gas,Natural Gas,Non-electrified,27
2021,JUAB,12,Passenger - Standard,Plug-in Hybrid,PHEV,PHEV,11
2021,KANE,13,Heavy Truck,Diesel,Diesel,Non-electrified,373
2021,KANE,13,Heavy Truck,Gasoline,Gasoline,Non-electrified,108
2021,KANE,13,Light Truck,Electric,BEV,BEV,1
2021,KANE,13,Light Truck,Diesel,Diesel,Non-electrified,1064
2021,KANE,13,Light Truck,Gasoline,Gasoline,Non-electrified,4976
2021,KANE,13,Light Truck,Hybrid,Hybrid,Hybrid,20
2021,KANE,13,Light Truck,Compressed Natural Gas,Natural Gas,Non-electrified,3
2021,KANE,13,Light Truck,Plug-in Hybrid,PHEV,PHEV,1
2021,KANE,13,Light Truck,Propane,Propane/LPG,Non-electrified,1
2021,KANE,13,Motorcycle - Standard,Gasoline,Gasoline,Non-electrified,281
2021,KANE,13,Passenger - Low Speed,Electric,BEV,BEV,1
2021,KANE,13,Passenger - Standard,Electric,BEV,BEV,6
2021,KANE,13,Passenger - Standard,Diesel,Diesel,Non-electrified,71
2021,KANE,13,Passenger - Standard,Gasoline,Gasoline,Non-electrified,2723
2021,KANE,13,Passenger - Standard,Hybrid,Hybrid,Hybrid,67
2021,KANE,13,Passenger - Standard,Compressed Natural Gas,Natural Gas,Non-electrified,2
2021,KANE,13,Passenger - Standard,Plug-in Hybrid,PHEV,PHEV,3
2021,MILLARD,14,Heavy Truck,Diesel,Diesel,Non-electrified,747
2021,MILLARD,14,Heavy Truck,Gasoline,Gasoline,Non-electrified,99
2021,MILLARD,14,Heavy Truck,Propane,Propane/LPG,Non-electrified,1
2021,MILLARD,14,Light Truck,Electric,BEV,BEV,1
2021,MILLARD,14,Light Truck,Diesel,Diesel,Non-electrified,1990
2021,MILLARD,14,Light Truck,Gasoline,Gasoline,Non-electrified,6518
2021,MILLARD,14,Light Truck,Hybrid,Hybrid,Hybrid,15
2021,MILLARD,14,Light Truck,Compressed Natural Gas,Natural Gas,Non-electrified,15
2021,MILLARD,14,Light Truck,Plug-in Hybrid,PHEV,PHEV,3
2021,MILLARD,14,Motorcycle - Standard,Gasoline,Gasoline,Non-electrified,300
2021,MILLARD,14,Passenger - Standard,Electric,BEV,BEV,4
2021,MILLARD,14,Passenger - Standard,Diesel,Diesel,Non-electrified,104
2021,MILLARD,14,Passenger - Standard,Gasoline,Gasoline,Non-electrified,5833
2021,MILLARD,14,Passenger - Standard,Hybrid,Hybrid,Hybrid,82
2021,MILLARD,14,Passenger - Standard,Compressed Natural Gas,Natural Gas,Non-electrified,14
2021,MILLARD,14,Passenger - Standard,Plug-in Hybrid,PHEV,PHEV,9
2021,MORGAN,15,Heavy Truck,Diesel,Diesel,Non-electrified,518
2021,MORGAN,15,Heavy Truck,Gasoline,Gasoline,Non-electrified,127
2021,MORGAN,15,Heavy Truck,Compressed Natural Gas,Natural Gas,Non-electrified,3
2021,MORGAN,15,Light Truck,Electric,BEV,BEV,9
2021,MORGAN,15,Light Truck,Diesel,Diesel,Non-electrified,1691
2021,MORGAN,15,Light Truck,Gasoline,Gasoline,Non-electrified,5738
2021,MORGAN,15,Light Truck,Hybrid,Hybrid,Hybrid,47
2021,MORGAN,15,Light Truck,Compressed Natural Gas,Natural Gas,Non-electrified,14
2021,MORGAN,15,Light Truck,Plug-in Hybrid,PHEV,PHEV,5
2021,MORGAN,15,Motorcycle - Standard,Electric,BEV,BEV,1
2021,MORGAN,15,Motorcycle - Standard,Gasoline,Gasoline,Non-electrified,396
2021,MORGAN,15,Motorcycle - Standard,Other,Other,Non-electrified,1
2021,MORGAN,15,Passenger - Standard,Electric,BEV,BEV,27
2021,MORGAN,15,Passenger - Standard,Diesel,Diesel,Non-electrified,84
2021,MORGAN,15,Passenger - Standard,Gasoline,Gasoline,Non-electrified,5075
2021,MORGAN,15,Passenger - Standard,Hybrid,Hybrid,Hybrid,137
2021,MORGAN,15,Passenger - Standard,Compressed Natural Gas,Natural Gas,Non-electrified,20
2021,MORGAN,15,Passenger - Standard,Steam,Other,Non-electrified,1
2021,MORGAN,15,Passenger - Standard,Plug-in Hybrid,PHEV,PHEV,13
2021,PIUTE,16,Heavy Truck,Diesel,Diesel,Non-electrified,147
2021,PIUTE,16,Heavy Truck,Gasoline,Gasoline,Non-electrified,12
2021,PIUTE,16,Light Truck,Electric,BEV,BEV,1
2021,PIUTE,16,Light Truck,Diesel,Diesel,Non-electrified,345
2021,PIUTE,16,Light Truck,Gasoline,Gasoline,Non-electrified,923
2021,PIUTE,16,Light Truck,Hybrid,Hybrid,Hybrid,2
2021,PIUTE,16,Light Truck,Compressed Natural Gas,Natural Gas,Non-electrified,2
2021,PIUTE,16,Motorcycle - Standard,Gasoline,Gasoline,Non-electrified,48
2021,PIUTE,16,Passenger - Standard,Diesel,Diesel,Non-electrified,11
2021,PIUTE,16,Passenger - Standard,Gasoline,Gasoline,Non-electrified,747
2021,PIUTE,16,Passenger - Standard,Hybrid,Hybrid,Hybrid,6
2021,PIUTE,16,Passenger - Standard,Compressed Natural Gas,Natural Gas,Non-electrified,10
2021,RICH,17,Heavy Truck,Diesel,Diesel,Non-electrified,161
2021,RICH,17,Heavy Truck,Gasoline,Gasoline,Non-electrified,39
2021,RICH,17,Light Truck,Diesel,Diesel,Non-electrified,578
2021,RICH,17,Light Truck,Gasoline,Gasoline,Non-electrified,1499
2021,RICH,17,Light Truck,Hybrid,Hybrid,Hybrid,6
2021,RICH,17,Light Truck,Compressed Natural Gas,Natural Gas,Non-electrified,4
2021,RICH,17,Light Truck,Plug-in Hybrid,PHEV,PHEV,1
2021,RICH,17,Motorcycle - Standard,Gasoline,Gasoline,Non-electrified,89
2021,RICH,17,Passenger - Standard,Electric,BEV,BEV,3
2021,RICH,17,Passenger - Standard,Diesel,Diesel,Non-electrified,17
2021,RICH,17,Passenger - Standard,Gasoline,Gasoline,Non-electrified,1066
2021,RICH,17,Passenger - Standard,Hybrid,Hybrid,Hybrid,22
2021,RICH,17,Passenger - Standard,Compressed Natural Gas,Natural Gas,Non-electrified,6
2021,RICH,17,Passenger - Standard,Other,Other,Non-electrified,1
2021,RICH,17,Passenger - Standard,Plug-in Hybrid,PHEV,PHEV,3
2021,SALT LAKE,18,Heavy Truck,Electric,BEV,BEV,8
2021,SALT LAKE,18,Heavy Truck,Diesel,Diesel,Non-electrified,23944
2021,SALT LAKE,18,Heavy Truck,Gasoline,Gasoline,Non-electrified,6249
2021,SALT LAKE,18,Heavy Truck,Compressed Natural Gas,Natural Gas,Non-electrified,654
2021,SALT LAKE,18,Heavy Truck,Other,Other,Non-electrified,2
2021,SALT LAKE,18,Heavy Truck,Propane,Propane/LPG,Non-electrified,8
2021,SALT LAKE,18,Light Truck,Electric,BEV,BEV,984
2021,SALT LAKE,18,Light Truck,Diesel,Diesel,Non-electrified,39297
2021,SALT LAKE,18,Light Truck,Gasoline,Gasoline,Non-electrified,397679
2021,SALT LAKE,18,Light Truck,Hybrid,Hybrid,Hybrid,5610
2021,SALT LAKE,18,Light Truck,Compressed Natural Gas,Natural Gas,Non-electrified,633
2021,SALT LAKE,18,Light Truck,Plug-in Hybrid,PHEV,PHEV,534
2021,SALT LAKE,18,Light Truck,Propane,Propane/LPG,Non-electrified,5
2021,SALT LAKE,18,Motorcycle - Standard,Electric,BEV,BEV,53
2021,SALT LAKE,18,Motorcycle - Standard,Gasoline,Gasoline,Non-electrified,26705
2021,SALT LAKE,18,Motorcycle - Standard,Hybrid,Hybrid,Hybrid,1
2021,SALT LAKE,18,Motorcycle - Standard,Compressed Natural Gas,Natural Gas,Non-electrified,1
2021,SALT LAKE,18,Motorcycle - Standard,Other,Other,Non-electrified,9
2021,SALT LAKE,18,Passenger - Low Speed,Electric,BEV,BEV,6
2021,SALT LAKE,18,Passenger - Low Speed,Gasoline,Gasoline,Non-electrified,7
2021,SALT LAKE,18,Passenger - Standard,Electric,BEV,BEV,4214
2021,SALT LAKE,18,Passenger - Standard,Diesel,Diesel,Non-electrified,2795
2021,SALT LAKE,18,Passenger - Standard,Gasoline,Gasoline,Non-electrified,424681
2021,SALT LAKE,18,Passenger - Standard,Hybrid,Hybrid,Hybrid,13646
2021,SALT LAKE,18,Passenger - Standard,Hydrogen,Hydrogen,Non-electrified,1
2021,SALT LAKE,18,Passenger - Standard,Compressed Natural Gas,Natural Gas,Non-electrified,722
2021,SALT LAKE,18,Passenger - Standard,Liquefied Natural Gas,Natural Gas,Non-electrified,1
2021,SALT LAKE,18,Passenger - Standard,Other,Other,Non-electrified,9
2021,SALT LAKE,18,Passenger - Standard,Plug-in Hybrid,PHEV,PHEV,1670
2021,SALT LAKE,18,Passenger - Standard,Propane,Propane/LPG,Non-electrified,1
2021,SAN JUAN,19,Heavy Truck,Diesel,Diesel,Non-electrified,429
2021,SAN JUAN,19,Heavy Truck,Gasoline,Gasoline,Non-electrified,55
2021,SAN JUAN,19,Light Truck,Diesel,Diesel,Non-electrified,1079
2021,SAN JUAN,19,Light Truck,Gasoline,Gasoline,Non-electrified,5581
2021,SAN JUAN,19,Light Truck,Hybrid,Hybrid,Hybrid,14
2021,SAN JUAN,19,Light Truck,Compressed Natural Gas,Natural Gas,Non-electrified,3
2021,SAN JUAN,19,Light Truck,Plug-in Hybrid,PHEV,PHEV,1
2021,SAN JUAN,19,Motorcycle - Standard,Gasoline,Gasoline,Non-electrified,247
2021,SAN JUAN,19,Passenger - Standard,Electric,BEV,BEV,4
2021,SAN JUAN,19,Passenger - Standard,Diesel,Diesel,Non-electrified,28
2021,SAN JUAN,19,Passenger - Standard,Gasoline,Gasoline,Non-electrified,3403
2021,SAN JUAN,19,Passenger - Standard,Hybrid,Hybrid,Hybrid,67
2021,SAN JUAN,19,Passenger - Standard,Compressed Natural Gas,Natural Gas,Non-electrified,1
2021,SAN JUAN,19,Passenger - Standard,Plug-in Hybrid,PHEV,PHEV,8
2021,SANPETE,20,Heavy Truck,Diesel,Diesel,Non-electrified,1059
2021,SANPETE,20,Heavy Truck,Gasoline,Gasoline,Non-electrified,239
2021,SANPETE,20,Heavy Truck,Compressed Natural Gas,Natural Gas,Non-electrified,1
2021,SANPETE,20,Light Truck,Electric,BEV,BEV,3
2021,SANPETE,20,Light Truck,Diesel,Diesel,Non-electrified,3488
2021,SANPETE,20,Light Truck,Gasoline,Gasoline,Non-electrified,13100
2021,SANPETE,20,Light Truck,Hybrid,Hybrid,Hybrid,45
2021,SANPETE,20,Light Truck,Compressed Natural Gas,Natural Gas,Non-electrified,39
2021,SANPETE,20,Light Truck,Plug-in Hybrid,PHEV,PHEV,2
2021,SANPETE,20,Motorcycle - Standard,Electric,BEV,BEV,1
2021,SANPETE,20,Motorcycle - Standard,Gasoline,Gasoline,Non-electrified,609
2021,SANPETE,20,Passenger - Standard,Electric,BEV,BEV,21
2021,SANPETE,20,Passenger - Standard,Diesel,Diesel,Non-electrified,154
2021,SANPETE,20,Passenger - Standard,Gasoline,Gasoline,Non-electrified,12212
2021,SANPETE,20,Passenger - Standard,Hybrid,Hybrid,Hybrid,221
2021,SANPETE,20,Passenger - Standard,Compressed Natural Gas,Natural Gas,Non-electrified,38
2021,SANPETE,20,Passenger - Standard,Plug-in Hybrid,PHEV,PHEV,20
2021,SEVIER,21,Heavy Truck,Diesel,Diesel,Non-electrified,1750
2021,SEVIER,21,Heavy Truck,Gasoline,Gasoline,Non-electrified,225
2021,SEVIER,21,Heavy Truck,Compressed Natural Gas,Natural Gas,Non-electrified,6
2021,SEVIER,21,Light Truck,Electric,BEV,BEV,2
2021,SEVIER,21,Light Truck,Diesel,Diesel,Non-electrified,2978
2021,SEVIER,21,Light Truck,Gasoline,Gasoline,Non-electrified,10604
2021,SEVIER,21,Light Truck,Hybrid,Hybrid,Hybrid,28
2021,SEVIER,21,Light Truck,Compressed Natural Gas,Natural Gas,Non-electrified,38
2021,SEVIER,21,Light Truck,Liquefied Natural Gas,Natural Gas,Non-electrified,1
2021,SEVIER,21,Light Truck,Plug-in Hybrid,PHEV,PHEV,1
2021,SEVIER,21,Motorcycle - Standard,Gasoline,Gasoline,Non-electrified,560
2021,SEVIER,21,Passenger - Standard,Electric,BEV,BEV,7
2021,SEVIER,21,Passenger - Standard,Diesel,Diesel,Non-electrified,64
2021,SEVIER,21,Passenger - Standard,Gasoline,Gasoline,Non-electrified,8756
2021,SEVIER,21,Passenger - Standard,Hybrid,Hybrid,Hybrid,112
2021,SEVIER,21,Passenger - Standard,Compressed Natural Gas,Natural Gas,Non-electrified,40
2021,SEVIER,21,Passenger - Standard,Plug-in Hybrid,PHEV,PHEV,6
2021,SUMMIT,22,Heavy Truck,Electric,BEV,BEV,7
2021,SUMMIT,22,Heavy Truck,Diesel,Diesel,Non-electrified,1310
2021,SUMMIT,22,Heavy Truck,Gasoline,Gasoline,Non-electrified,296
2021,SUMMIT,22,Heavy Truck,Compressed Natural Gas,Natural Gas,Non-electrified,9
2021,SUMMIT,22,Heavy Truck,Propane,Propane/LPG,Non-electrified,2
2021,SUMMIT,22,Light Truck,Electric,BEV,BEV,228
2021,SUMMIT,22,Light Truck,Diesel,Diesel,Non-electrified,4012
2021,SUMMIT,22,Light Truck,Gasoline,Gasoline,Non-electrified,28126
2021,SUMMIT,22,Light Truck,Hybrid,Hybrid,Hybrid,508
2021,SUMMIT,22,Light Truck,Compressed Natural Gas,Natural Gas,Non-electrified,41
2021,SUMMIT,22,Light Truck,Plug-in Hybrid,PHEV,PHEV,102
2021,SUMMIT,22,Motorcycle - Standard,Electric,BEV,BEV,5
2021,SUMMIT,22,Motorcycle - Standard,Gasoline,Gasoline,Non-electrified,1994
2021,SUMMIT,22,Passenger - Low Speed,Electric,BEV,BEV,3
2021,SUMMIT,22,Passenger - Standard,Electric,BEV,BEV,337
2021,SUMMIT,22,Passenger - Standard,Diesel,Diesel,Non-electrified,288
2021,SUMMIT,22,Passenger - Standard,Gasoline,Gasoline,Non-electrified,17167
2021,SUMMIT,22,Passenger - Standard,Hybrid,Hybrid,Hybrid,361
2021,SUMMIT,22,Passenger - Standard,Compressed Natural Gas,Natural Gas,Non-electrified,40
2021,SUMMIT,22,Passenger - Standard,Plug-in Hybrid,PHEV,PHEV,77
2021,TOOELE,23,Heavy Truck,Diesel,Diesel,Non-electrified,1342
2021,TOOELE,23,Heavy Truck,Gasoline,Gasoline,Non-electrified,438
2021,TOOELE,23,Heavy Truck,Compressed Natural Gas,Natural Gas,Non-electrified,1
2021,TOOELE,23,Heavy Truck,Propane,Propane/LPG,Non-electrified,1
2021,TOOELE,23,Light Truck,Electric,BEV,BEV,14
2021,TOOELE,23,Light Truck,Diesel,Diesel,Non-electrified,6231
2021,TOOELE,23,Light Truck,Gasoline,Gasoline,Non-electrified,27284
2021,TOOELE,23,Light Truck,Hybrid,Hybrid,Hybrid,134
2021,TOOELE,23,Light Truck,Compressed Natural Gas,Natural Gas,Non-electrified,59
2021,TOOELE,23,Light Truck,Plug-in Hybrid,PHEV,PHEV,11
2021,TOOELE,23,Light Truck,Propane,Propane/LPG,Non-electrified,1
2021,TOOELE,23,Motorcycle - Standard,Gasoline,Gasoline,Non-electrified,2246
2021,TOOELE,23,Passenger - Low Speed,Electric,BEV,BEV,1
2021,TOOELE,23,Passenger - Standard,Electric,BEV,BEV,80
2021,TOOELE,23,Passenger - Standard,Diesel,Diesel,Non-electrified,403
2021,TOOELE,23,Passenger - Standard,Gasoline,Gasoline,Non-electrified,32959
2021,TOOELE,23,Passenger - Standard,Hybrid,Hybrid,Hybrid,707
2021,TOOELE,23,Passenger - Standard,Compressed Natural Gas,Natural Gas,Non-electrified,59
2021,TOOELE,23,Passenger - Standard,Plug-in Hybrid,PHEV,PHEV,79
2021,UINTAH,24,Heavy Truck,Diesel,Diesel,Non-electrified,2324
2021,UINTAH,24,Heavy Truck,Gasoline,Gasoline,Non-electrified,368
2021,UINTAH,24,Heavy Truck,Compressed Natural Gas,Natural Gas,Non-electrified,3
2021,UINTAH,24,Heavy Truck,Propane,Propane/LPG,Non-electrified,21
2021,UINTAH,24,Light Truck,Electric,BEV,BEV,1
2021,UINTAH,24,Light Truck,Diesel,Diesel,Non-electrified,4204
2021,UINTAH,24,Light Truck,Gasoline,Gasoline,Non-electrified,16793
2021,UINTAH,24,Light Truck,Hybrid,Hybrid,Hybrid,28
2021,UINTAH,24,Light Truck,Compressed Natural Gas,Natural Gas,Non-electrified,25
2021,UINTAH,24,Light Truck,Plug-in Hybrid,PHEV,PHEV,3
2021,UINTAH,24,Light Truck,Propane,Propane/LPG,Non-electrified,4
2021,UINTAH,24,Motorcycle - Standard,Gasoline,Gasoline,Non-electrified,1099
2021,UINTAH,24,Passenger - Standard,Electric,BEV,BEV,11
2021,UINTAH,24,Passenger - Standard,Diesel,Diesel,Non-electrified,140
2021,UINTAH,24,Passenger - Standard,Gasoline,Gasoline,Non-electrified,10693
2021,UINTAH,24,Passenger - Standard,Hybrid,Hybrid,Hybrid,118
2021,UINTAH,24,Passenger - Standard,Compressed Natural Gas,Natural Gas,Non-electrified,20
2021,UINTAH,24,Passenger - Standard,Plug-in Hybrid,PHEV,PHEV,8
2021,UTAH,25,Heavy Truck,Diesel,Diesel,Non-electrified,9820
2021,UTAH,25,Heavy Truck,Gasoline,Gasoline,Non-electrified,2362
2021,UTAH,25,Heavy Truck,Compressed Natural Gas,Natural Gas,Non-electrified,75
2021,UTAH,25,Heavy Truck,Propane,Propane/LPG,Non-electrified,19
2021,UTAH,25,Light Truck,Electric,BEV,BEV,396
2021,UTAH,25,Light Truck,Diesel,Diesel,Non-electrified,20056
2021,UTAH,25,Light Truck,Gasoline,Gasoline,Non-electrified,187540
2021,UTAH,25,Light Truck,Hybrid,Hybrid,Hybrid,2035
2021,UTAH,25,Light Truck,Compressed Natural Gas,Natural Gas,Non-electrified,353
2021,UTAH,25,Light Truck,Other,Other,Non-electrified,1
2021,UTAH,25,Light Truck,Plug-in Hybrid,PHEV,PHEV,192
2021,UTAH,25,Light Truck,Propane,Propane/LPG,Non-electrified,5
2021,UTAH,25,Motorcycle - Standard,Electric,BEV,BEV,31
2021,UTAH,25,Motorcycle - Standard,Gasoline,Gasoline,Non-electrified,13002
2021,UTAH,25,Motorcycle - Standard,Other,Other,Non-electrified,5
2021,UTAH,25,Passenger - Low Speed,Electric,BEV,BEV,14
2021,UTAH,25,Passenger - Low Speed,Gasoline,Gasoline,Non-electrified,1
2021,UTAH,25,Passenger - Standard,Electric,BEV,BEV,1689
2021,UTAH,25,Passenger - Standard,Diesel,Diesel,Non-electrified,1886
2021,UTAH,25,Passenger - Standard,Gasoline,Gasoline,Non-electrified,206595
2021,UTAH,25,Passenger - Standard,Hybrid,Hybrid,Hybrid,6811
2021,UTAH,25,Passenger - Standard,Compressed Natural Gas,Natural Gas,Non-electrified,556
2021,UTAH,25,Passenger - Standard,Liquefied Natural Gas,Natural Gas,Non-electrified,5
2021,UTAH,25,Passenger - Standard,Plug-in Hybrid,PHEV,PHEV,893
2021,UTAH,25,Passenger - Standard,Propane,Propane/LPG,Non-electrified,1
2021,WASATCH,26,Heavy Truck,Diesel,Diesel,Non-electrified,910
2021,WASATCH,26,Heavy Truck,Gasoline,Gasoline,Non-electrified,219
2021,WASATCH,26,Heavy Truck,Compressed Natural Gas,Natural Gas,Non-electrified,2
2021,WASATCH,26,Light Truck,Electric,BEV,BEV,46
2021,WASATCH,26,Light Truck,Diesel,Diesel,Non-electrified,3116
2021,WASATCH,26,Light Truck,Gasoline,Gasoline,Non-electrified,18002
2021,WASATCH,26,Light Truck,Hybrid,Hybrid,Hybrid,187
2021,WASATCH,26,Light Truck,Compressed Natural Gas,Natural Gas,Non-electrified,29
2021,WASATCH,26,Light Truck,Plug-in Hybrid,PHEV,PHEV,24
2021,WASATCH,26,Motorcycle - Standard,Electric,BEV,BEV,19
2021,WASATCH,26,Motorcycle - Standard,Gasoline,Gasoline,Non-electrified,1332
2021,WASATCH,26,Motorcycle - Standard,Other,Other,Non-electrified,2
2021,WASATCH,26,Passenger - Low Speed,Electric,BEV,BEV,1
2021,WASATCH,26,Passenger - Standard,Electric,BEV,BEV,85
2021,WASATCH,26,Passenger - Standard,Diesel,Diesel,Non-electrified,260
2021,WASATCH,26,Passenger - Standard,Gasoline,Gasoline,Non-electrified,12502
2021,WASATCH,26,Passenger - Standard,Hybrid,Hybrid,Hybrid,292
2021,WASATCH,26,Passenger - Standard,Compressed Natural Gas,Natural Gas,Non-electrified,40
2021,WASATCH,26,Passenger - Standard,Liquefied Natural Gas,Natural Gas,Non-electrified,1
2021,WASATCH,26,Passenger - Standard,Plug-in Hybrid,PHEV,PHEV,47
2021,WASATCH,26,Passenger - Standard,Propane,Propane/LPG,Non-electrified,1
2021,WASHINGTON,27,Heavy Truck,Diesel,Diesel,Non-electrified,5930
2021,WASHINGTON,27,Heavy Truck,Gasoline,Gasoline,Non-electrified,1511
2021,WASHINGTON,27,Heavy Truck,Compressed Natural Gas,Natural Gas,Non-electrified,20
2021,WASHINGTON,27,Heavy Truck,Propane,Propane/LPG,Non-electrified,15
2021,WASHINGTON,27,Light Truck,Electric,BEV,BEV,109
2021,WASHINGTON,27,Light Truck,Diesel,Diesel,Non-electrified,12682
2021,WASHINGTON,27,Light Truck,Gasoline,Gasoline,Non-electrified,76765
2021,WASHINGTON,27,Light Truck,Hybrid,Hybrid,Hybrid,796
2021,WASHINGTON,27,Light Truck,Compressed Natural Gas,Natural Gas,Non-electrified,215
2021,WASHINGTON,27,Light Truck,Plug-in Hybrid,PHEV,PHEV,57
2021,WASHINGTON,27,Light Truck,Propane,Propane/LPG,Non-electrified,2
2021,WASHINGTON,27,Motorcycle - Standard,Electric,BEV,BEV,5
2021,WASHINGTON,27,Motorcycle - Standard,Gasoline,Gasoline,Non-electrified,6220
2021,WASHINGTON,27,Motorcycle - Standard,Other,Other,Non-electrified,2
2021,WASHINGTON,27,Passenger - Low Speed,Electric,BEV,BEV,10
2021,WASHINGTON,27,Passenger - Low Speed,Gasoline,Gasoline,Non-electrified,3
2021,WASHINGTON,27,Passenger - Standard,Electric,BEV,BEV,381
2021,WASHINGTON,27,Passenger - Standard,Diesel,Diesel,Non-electrified,1165
2021,WASHINGTON,27,Passenger - Standard,Gasoline,Gasoline,Non-electrified,70558
2021,WASHINGTON,27,Passenger - Standard,Hybrid,Hybrid,Hybrid,2972
2021,WASHINGTON,27,Passenger - Standard,Compressed Natural Gas,Natural Gas,Non-electrified,254
2021,WASHINGTON,27,Passenger - Standard,Plug-in Hybrid,PHEV,PHEV,216
2021,WAYNE,28,Heavy Truck,Diesel,Diesel,Non-electrified,275
2021,WAYNE,28,Heavy Truck,Gasoline,Gasoline,Non-electrified,38
2021,WAYNE,28,Heavy Truck,Propane,Propane/LPG,Non-electrified,1
2021,WAYNE,28,Light Truck,Diesel,Diesel,Non-electrified,624
2021,WAYNE,28,Light Truck,Gasoline,Gasoline,Non-electrified,1732
2021,WAYNE,28,Light Truck,Hybrid,Hybrid,Hybrid,9
2021,WAYNE,28,Light Truck,Compressed Natural Gas,Natural Gas,Non-electrified,3
2021,WAYNE,28,Motorcycle - Standard,Gasoline,Gasoline,Non-electrified,98
2021,WAYNE,28,Motorcycle - Standard,Other,Other,Non-electrified,1
2021,WAYNE,28,Passenger - Standard,Electric,BEV,BEV,2
2021,WAYNE,28,Passenger - Standard,Diesel,Diesel,Non-electrified,21
2021,WAYNE,28,Passenger - Standard,Gasoline,Gasoline,Non-electrified,1193
2021,WAYNE,28,Passenger - Standard,Hybrid,Hybrid,Hybrid,20
2021,WAYNE,28,Passenger - Standard,Compressed Natural Gas,Natural Gas,Non-electrified,3
2021,WAYNE,28,Passenger - Standard,Plug-in Hybrid,PHEV,PHEV,1
2021,WEBER,29,Heavy Truck,Diesel,Diesel,Non-electrified,5420
2021,WEBER,29,Heavy Truck,Gasoline,Gasoline,Non-electrified,1284
2021,WEBER,29,Heavy Truck,Compressed Natural Gas,Natural Gas,Non-electrified,33
2021,WEBER,29,Heavy Truck,Other,Other,Non-electrified,1
2021,WEBER,29,Heavy Truck,Propane,Propane/LPG,Non-electrified,2
2021,WEBER,29,Light Truck,Electric,BEV,BEV,83
2021,WEBER,29,Light Truck,Diesel,Diesel,Non-electrified,13089
2021,WEBER,29,Light Truck,Gasoline,Gasoline,Non-electrified,86538
2021,WEBER,29,Light Truck,Hybrid,Hybrid,Hybrid,772
2021,WEBER,29,Light Truck,Compressed Natural Gas,Natural Gas,Non-electrified,150
2021,WEBER,29,Light Truck,Plug-in Hybrid,PHEV,PHEV,43
2021,WEBER,29,Light Truck,Propane,Propane/LPG,Non-electrified,1
2021,WEBER,29,Motorcycle - Standard,Electric,BEV,BEV,11
2021,WEBER,29,Motorcycle - Standard,Gasoline,Gasoline,Non-electrified,7476
2021,WEBER,29,Motorcycle - Standard,Other,Other,Non-electrified,3
2021,WEBER,29,Passenger - Low Speed,Electric,BEV,BEV,2
2021,WEBER,29,Passenger - Standard,Electric,BEV,BEV,397
2021,WEBER,29,Passenger - Standard,Diesel,Diesel,Non-electrified,837
2021,WEBER,29,Passenger - Standard,Gasoline,Gasoline,Non-electrified,94308
2021,WEBER,29,Passenger - Standard,Hybrid,Hybrid,Hybrid,2050
2021,WEBER,29,Passenger - Standard,Compressed Natural Gas,Natural Gas,Non-electrified,192
2021,WEBER,29,Passenger - Standard,Other,Other,Non-electrified,1
2021,WEBER,29,Passenger - Standard,Plug-in Hybrid,PHEV,PHEV,239
2021,WEBER,29,Passenger - Standard,Butane,Propane/LPG,Non-electrified,1
2022,BEAVER,1,Heavy Truck,Diesel,Diesel,Non-electrified,398
2022,BEAVER,1,Heavy Truck,Gasoline,Gasoline,Non-electrified,62
2022,BEAVER,1,Heavy Truck,Compressed Natural Gas,Natural Gas,Non-electrified,1
2022,BEAVER,1,Heavy Truck,Propane,Propane/LPG,Non-electrified,1
2022,BEAVER,1,Light Truck,Electric,BEV,BEV,1
2022,BEAVER,1,Light Truck,Diesel,Diesel,Non-electrified,1157
2022,BEAVER,1,Light Truck,Gasoline,Gasoline,Non-electrified,4159
2022,BEAVER,1,Light Truck,Hybrid,Hybrid,Hybrid,20
2022,BEAVER,1,Light Truck,Compressed Natural Gas,Natural Gas,Non-electrified,11
2022,BEAVER,1,Motorcycle - Standard,Electric,BEV,BEV,1
2022,BEAVER,1,Motorcycle - Standard,Gasoline,Gasoline,Non-electrified,174
2022,BEAVER,1,Passenger - Standard,Electric,BEV,BEV,2
2022,BEAVER,1,Passenger - Standard,Diesel,Diesel,Non-electrified,52
2022,BEAVER,1,Passenger - Standard,Gasoline,Gasoline,Non-electrified,2722
2022,BEAVER,1,Passenger - Standard,Hybrid,Hybrid,Hybrid,61
2022,BEAVER,1,Passenger - Standard,Compressed Natural Gas,Natural Gas,Non-electrified,3
2022,BEAVER,1,Passenger - Standard,Plug-in Hybrid,PHEV,PHEV,5
2022,BOX ELDER,2,Heavy Truck,Diesel,Diesel,Non-electrified,2653
2022,BOX ELDER,2,Heavy Truck,Gasoline,Gasoline,Non-electrified,514
2022,BOX ELDER,2,Heavy Truck,Compressed Natural Gas,Natural Gas,Non-electrified,5
2022,BOX ELDER,2,Light Truck,Electric,BEV,BEV,22
2022,BOX ELDER,2,Light Truck,Diesel,Diesel,Non-electrified,6744
2022,BOX ELDER,2,Light Truck,Gasoline,Gasoline,Non-electrified,25241
2022,BOX ELDER,2,Light Truck,Hybrid,Hybrid,Hybrid,210
2022,BOX ELDER,2,Light Truck,Compressed Natural Gas,Natural Gas,Non-electrified,68
2022,BOX ELDER,2,Light Truck,Plug-in Hybrid,PHEV,PHEV,6
2022,BOX ELDER,2,Light Truck,Propane,Propane/LPG,Non-electrified,1
2022,BOX ELDER,2,Motorcycle - Standard,Electric,BEV,BEV,3
2022,BOX ELDER,2,Motorcycle - Standard,Gasoline,Gasoline,Non-electrified,1960
2022,BOX ELDER,2,Motorcycle - Standard,Other,Other,Non-electrified,3
2022,BOX ELDER,2,Passenger - Standard,Electric,BEV,BEV,71
2022,BOX ELDER,2,Passenger - Standard,Diesel,Diesel,Non-electrified,377
2022,BOX ELDER,2,Passenger - Standard,Gasoline,Gasoline,Non-electrified,25208
2022,BOX ELDER,2,Passenger - Standard,Hybrid,Hybrid,Hybrid,566
2022,BOX ELDER,2,Passenger - Standard,Compressed Natural Gas,Natural Gas,Non-electrified,91
2022,BOX ELDER,2,Passenger - Standard,Plug-in Hybrid,PHEV,PHEV,101
2022,CACHE,3,Heavy Truck,Electric,BEV,BEV,1
2022,CACHE,3,Heavy Truck,Diesel,Diesel,Non-electrified,3085
2022,CACHE,3,Heavy Truck,Gasoline,Gasoline,Non-electrified,759
2022,CACHE,3,Heavy Truck,Compressed Natural Gas,Natural Gas,Non-electrified,20
2022,CACHE,3,Heavy Truck,Propane,Propane/LPG,Non-electrified,16
2022,CACHE,3,Light Truck,Electric,BEV,BEV,83
2022,CACHE,3,Light Truck,Diesel,Diesel,Non-electrified,5564
2022,CACHE,3,Light Truck,Gasoline,Gasoline,Non-electrified,48448
2022,CACHE,3,Light Truck,Hybrid,Hybrid,Hybrid,753
2022,CACHE,3,Light Truck,Compressed Natural Gas,Natural Gas,Non-electrified,64
2022,CACHE,3,Light Truck,Plug-in Hybrid,PHEV,PHEV,44
2022,CACHE,3,Motorcycle - Standard,Electric,BEV,BEV,10
2022,CACHE,3,Motorcycle - Standard,Gasoline,Gasoline,Non-electrified,3625
2022,CACHE,3,Motorcycle - Standard,Hybrid,Hybrid,Hybrid,1
2022,CACHE,3,Motorcycle - Standard,Other,Other,Non-electrified,1
2022,CACHE,3,Passenger - Low Speed,Electric,BEV,BEV,3
2022,CACHE,3,Passenger - Standard,Electric,BEV,BEV,237
2022,CACHE,3,Passenger - Standard,Diesel,Diesel,Non-electrified,434
2022,CACHE,3,Passenger - Standard,Gasoline,Gasoline,Non-electrified,41479
2022,CACHE,3,Passenger - Standard,Hybrid,Hybrid,Hybrid,1311
2022,CACHE,3,Passenger - Standard,Compressed Natural Gas,Natural Gas,Non-electrified,99
2022,CACHE,3,Passenger - Standard,Plug-in Hybrid,PHEV,PHEV,184
2022,CARBON,4,Heavy Truck,Diesel,Diesel,Non-electrified,736
2022,CARBON,4,Heavy Truck,Gasoline,Gasoline,Non-electrified,191
2022,CARBON,4,Heavy Truck,Compressed Natural Gas,Natural Gas,Non-electrified,2
2022,CARBON,4,Heavy Truck,Propane,Propane/LPG,Non-electrified,1
2022,CARBON,4,Light Truck,Electric,BEV,BEV,3
2022,CARBON,4,Light Truck,Diesel,Diesel,Non-electrified,2308
2022,CARBON,4,Light Truck,Gasoline,Gasoline,Non-electrified,10376
2022,CARBON,4,Light Truck,Hybrid,Hybrid,Hybrid,46
2022,CARBON,4,Light Truck,Compressed Natural Gas,Natural Gas,Non-electrified,28
2022,CARBON,4,Light Truck,Plug-in Hybrid,PHEV,PHEV,4
2022,CARBON,4,Motorcycle - Standard,Gasoline,Gasoline,Non-electrified,614
2022,CARBON,4,Passenger - Standard,Electric,BEV,BEV,8
2022,CARBON,4,Passenger - Standard,Diesel,Diesel,Non-electrified,98
2022,CARBON,4,Passenger - Standard,Gasoline,Gasoline,Non-electrified,8879
2022,CARBON,4,Passenger - Standard,Hybrid,Hybrid,Hybrid,140
2022,CARBON,4,Passenger - Standard,Compressed Natural Gas,Natural Gas,Non-electrified,24
2022,CARBON,4,Passenger - Standard,Plug-in Hybrid,PHEV,PHEV,19
2022,DAGGETT,5,Heavy Truck,Diesel,Diesel,Non-electrified,86
2022,DAGGETT,5,Heavy Truck,Gasoline,Gasoline,Non-electrified,25
2022,DAGGETT,5,Light Truck,Diesel,Diesel,Non-electrified,411
2022,DAGGETT,5,Light Truck,Gasoline,Gasoline,Non-electrified,925
2022,DAGGETT,5,Light Truck,Hybrid,Hybrid,Hybrid,4
2022,DAGGETT,5,Light Truck,Compressed Natural Gas,Natural Gas,Non-electrified,3
2022,DAGGETT,5,Motorcycle - Standard,Gasoline,Gasoline,Non-electrified,42
2022,DAGGETT,5,Passenger - Low Speed,Gasoline,Gasoline,Non-electrified,1
2022,DAGGETT,5,Passenger - Standard,Diesel,Diesel,Non-electrified,7
2022,DAGGETT,5,Passenger - Standard,Gasoline,Gasoline,Non-electrified,553
2022,DAGGETT,5,Passenger - Standard,Hybrid,Hybrid,Hybrid,9
2022,DAVIS,6,Heavy Truck,Diesel,Diesel,Non-electrified,4148
2022,DAVIS,6,Heavy Truck,Gasoline,Gasoline,Non-electrified,1562
2022,DAVIS,6,Heavy Truck,Compressed Natural Gas,Natural Gas,Non-electrified,12
2022,DAVIS,6,Heavy Truck,Propane,Propane/LPG,Non-electrified,1
2022,DAVIS,6,Light Truck,Electric,BEV,BEV,437
2022,DAVIS,6,Light Truck,Diesel,Diesel,Non-electrified,11674
2022,DAVIS,6,Light Truck,Gasoline,Gasoline,Non-electrified,123556
2022,DAVIS,6,Light Truck,Hybrid,Hybrid,Hybrid,2051
2022,DAVIS,6,Light Truck,Compressed Natural Gas,Natural Gas,Non-electrified,145
2022,DAVIS,6,Light Truck,Plug-in Hybrid,PHEV,PHEV,207
2022,DAVIS,6,Light Truck,Propane,Propane/LPG,Non-electrified,1
2022,DAVIS,6,Motorcycle - Standard,Electric,BEV,BEV,12
2022,DAVIS,6,Motorcycle - Standard,Gasoline,Gasoline,Non-electrified,9535
2022,DAVIS,6,Motorcycle - Standard,Other,Other,Non-electrified,3
2022,DAVIS,6,Passenger - Low Speed,Electric,BEV,BEV,2
2022,DAVIS,6,Passenger - Low Speed,Gasoline,Gasoline,Non-electrified,2
2022,DAVIS,6,Passenger - Standard,Electric,BEV,BEV,1254
2022,DAVIS,6,Passenger - Standard,Diesel,Diesel,Non-electrified,1132
2022,DAVIS,6,Passenger - Standard,Gasoline,Gasoline,Non-electrified,121409
2022,DAVIS,6,Passenger - Standard,Hybrid,Hybrid,Hybrid,4036
2022,DAVIS,6,Passenger - Standard,Compressed Natural Gas,Natural Gas,Non-electrified,318
2022,DAVIS,6,Passenger - Standard,Other,Other,Non-electrified,3
2022,DAVIS,6,Passenger - Standard,Plug-in Hybrid,PHEV,PHEV,562
2022,DAVIS,6,Passenger - Standard,Butane,Propane/LPG,Non-electrified,1
2022,DAVIS,6,Passenger - Standard,Propane,Propane/LPG,Non-electrified,1
2022,DUCHESNE,7,Heavy Truck,Diesel,Diesel,Non-electrified,2112
2022,DUCHESNE,7,Heavy Truck,Gasoline,Gasoline,Non-electrified,239
2022,DUCHESNE,7,Heavy Truck,Compressed Natural Gas,Natural Gas,Non-electrified,1
2022,DUCHESNE,7,Heavy Truck,Propane,Propane/LPG,Non-electrified,12
2022,DUCHESNE,7,Light Truck,Electric,BEV,BEV,1
2022,DUCHESNE,7,Light Truck,Diesel,Diesel,Non-electrified,3599
2022,DUCHESNE,7,Light Truck,Gasoline,Gasoline,Non-electrified,12021
2022,DUCHESNE,7,Light Truck,Hybrid,Hybrid,Hybrid,44
2022,DUCHESNE,7,Light Truck,Compressed Natural Gas,Natural Gas,Non-electrified,20
2022,DUCHESNE,7,Light Truck,Plug-in Hybrid,PHEV,PHEV,5
2022,DUCHESNE,7,Motorcycle - Standard,Gasoline,Gasoline,Non-electrified,610
2022,DUCHESNE,7,Passenger - Standard,Electric,BEV,BEV,8
2022,DUCHESNE,7,Passenger - Standard,Diesel,Diesel,Non-electrified,69
2022,DUCHESNE,7,Passenger - Standard,Gasoline,Gasoline,Non-electrified,7037
2022,DUCHESNE,7,Passenger - Standard,Hybrid,Hybrid,Hybrid,77
2022,DUCHESNE,7,Passenger - Standard,Compressed Natural Gas,Natural Gas,Non-electrified,6
2022,DUCHESNE,7,Passenger - Standard,Plug-in Hybrid,PHEV,PHEV,10
2022,EMERY,8,Heavy Truck,Diesel,Diesel,Non-electrified,582
2022,EMERY,8,Heavy Truck,Gasoline,Gasoline,Non-electrified,83
2022,EMERY,8,Light Truck,Electric,BEV,BEV,1
2022,EMERY,8,Light Truck,Diesel,Diesel,Non-electrified,1809
2022,EMERY,8,Light Truck,Gasoline,Gasoline,Non-electrified,5384
2022,EMERY,8,Light Truck,Hybrid,Hybrid,Hybrid,18
2022,EMERY,8,Light Truck,Compressed Natural Gas,Natural Gas,Non-electrified,8
2022,EMERY,8,Light Truck,Plug-in Hybrid,PHEV,PHEV,1
2022,EMERY,8,Motorcycle - Standard,Gasoline,Gasoline,Non-electrified,228
2022,EMERY,8,Passenger - Standard,Electric,BEV,BEV,1
2022,EMERY,8,Passenger - Standard,Diesel,Diesel,Non-electrified,76
2022,EMERY,8,Passenger - Standard,Gasoline,Gasoline,Non-electrified,4158
2022,EMERY,8,Passenger - Standard,Hybrid,Hybrid,Hybrid,59
2022,EMERY,8,Passenger - Standard,Compressed Natural Gas,Natural Gas,Non-electrified,8
2022,EMERY,8,Passenger - Standard,Plug-in Hybrid,PHEV,PHEV,8
2022,GARFIELD,9,Heavy Truck,Diesel,Diesel,Non-electrified,358
2022,GARFIELD,9,Heavy Truck,Gasoline,Gasoline,Non-electrified,44
2022,GARFIELD,9,Light Truck,Electric,BEV,BEV,4
2022,GARFIELD,9,Light Truck,Diesel,Diesel,Non-electrified,1012
2022,GARFIELD,9,Light Truck,Gasoline,Gasoline,Non-electrified,3367
2022,GARFIELD,9,Light Truck,Hybrid,Hybrid,Hybrid,16
2022,GARFIELD,9,Light Truck,Compressed Natural Gas,Natural Gas,Non-electrified,6
2022,GARFIELD,9,Light Truck,Plug-in Hybrid,PHEV,PHEV,3
2022,GARFIELD,9,Motorcycle - Standard,Gasoline,Gasoline,Non-electrified,162
2022,GARFIELD,9,Passenger - Standard,Electric,BEV,BEV,3
2022,GARFIELD,9,Passenger - Standard,Diesel,Diesel,Non-electrified,38
2022,GARFIELD,9,Passenger - Standard,Gasoline,Gasoline,Non-electrified,1914
2022,GARFIELD,9,Passenger - Standard,Hybrid,Hybrid,Hybrid,42
2022,GARFIELD,9,Passenger - Standard,Compressed Natural Gas,Natural Gas,Non-electrified,3
2022,GARFIELD,9,Passenger - Standard,Plug-in Hybrid,PHEV,PHEV,2
2022,GRAND,10,Heavy Truck,Diesel,Diesel,Non-electrified,386
2022,GRAND,10,Heavy Truck,Gasoline,Gasoline,Non-electrified,103
2022,GRAND,10,Heavy Truck,Compressed Natural Gas,Natural Gas,Non-electrified,2
2022,GRAND,10,Light Truck,Electric,BEV,BEV,9
2022,GRAND,10,Light Truck,Diesel,Diesel,Non-electrified,1098
2022,GRAND,10,Light Truck,Gasoline,Gasoline,Non-electrified,6899
2022,GRAND,10,Light Truck,Hybrid,Hybrid,Hybrid,63
2022,GRAND,10,Light Truck,Compressed Natural Gas,Natural Gas,Non-electrified,10
2022,GRAND,10,Light Truck,Plug-in Hybrid,PHEV,PHEV,13
2022,GRAND,10,Motorcycle - Standard,Electric,BEV,BEV,1
2022,GRAND,10,Motorcycle - Standard,Gasoline,Gasoline,Non-electrified,673
2022,GRAND,10,Passenger - Low Speed,Electric,BEV,BEV,1
2022,GRAND,10,Passenger - Standard,Electric,BEV,BEV,11
2022,GRAND,10,Passenger - Standard,Diesel,Diesel,Non-electrified,54
2022,GRAND,10,Passenger - Standard,Gasoline,Gasoline,Non-electrified,3611
2022,GRAND,10,Passenger - Standard,Hybrid,Hybrid,Hybrid,158
2022,GRAND,10,Passenger - Standard,Compressed Natural Gas,Natural Gas,Non-electrified,5
2022,GRAND,10,Passenger - Standard,Plug-in Hybrid,PHEV,PHEV,10
2022,IRON,11,Heavy Truck,Diesel,Diesel,Non-electrified,1620
2022,IRON,11,Heavy Truck,Gasoline,Gasoline,Non-electrified,371
2022,IRON,11,Heavy Truck,Compressed Natural Gas,Natural Gas,Non-electrified,3
2022,IRON,11,Heavy Truck,Propane,Propane/LPG,Non-electrified,13
2022,IRON,11,Light Truck,Electric,BEV,BEV,24
2022,IRON,11,Light Truck,Diesel,Diesel,Non-electrified,5214
2022,IRON,11,Light Truck,Gasoline,Gasoline,Non-electrified,25953
2022,IRON,11,Light Truck,Hybrid,Hybrid,Hybrid,220
2022,IRON,11,Light Truck,Compressed Natural Gas,Natural Gas,Non-electrified,63
2022,IRON,11,Light Truck,Plug-in Hybrid,PHEV,PHEV,25
2022,IRON,11,Light Truck,Propane,Propane/LPG,Non-electrified,1
2022,IRON,11,Motorcycle - Standard,Electric,BEV,BEV,2
2022,IRON,11,Motorcycle - Standard,Gasoline,Gasoline,Non-electrified,1585
2022,IRON,11,Motorcycle - Standard,Other,Other,Non-electrified,2
2022,IRON,11,Passenger - Low Speed,Electric,BEV,BEV,1
2022,IRON,11,Passenger - Standard,Electric,BEV,BEV,64
2022,IRON,11,Passenger - Standard,Diesel,Diesel,Non-electrified,350
2022,IRON,11,Passenger - Standard,Gasoline,Gasoline,Non-electrified,19365
2022,IRON,11,Passenger - Standard,Hybrid,Hybrid,Hybrid,576
2022,IRON,11,Passenger - Standard,Compressed Natural Gas,Natural Gas,Non-electrified,69
2022,IRON,11,Passenger - Standard,Plug-in Hybrid,PHEV,PHEV,56
2022,JUAB,12,Heavy Truck,Diesel,Diesel,Non-electrified,1279
2022,JUAB,12,Heavy Truck,Gasoline,Gasoline,Non-electrified,161
2022,JUAB,12,Heavy Truck,Compressed Natural Gas,Natural Gas,Non-electrified,3
2022,JUAB,12,Light Truck,Electric,BEV,BEV,1
2022,JUAB,12,Light Truck,Diesel,Diesel,Non-electrified,2149
2022,JUAB,12,Light Truck,Gasoline,Gasoline,Non-electrified,5775
2022,JUAB,12,Light Truck,Hybrid,Hybrid,Hybrid,17
2022,JUAB,12,Light Truck,Compressed Natural Gas,Natural Gas,Non-electrified,18
2022,JUAB,12,Light Truck,Plug-in Hybrid,PHEV,PHEV,6
2022,JUAB,12,Motorcycle - Standard,Electric,BEV,BEV,3
2022,JUAB,12,Motorcycle - Standard,Gasoline,Gasoline,Non-electrified,391
2022,JUAB,12,Passenger - Standard,Electric,BEV,BEV,11
2022,JUAB,12,Passenger - Standard,Diesel,Diesel,Non-electrified,103
2022,JUAB,12,Passenger - Standard,Gasoline,Gasoline,Non-electrified,5484
2022,JUAB,12,Passenger - Standard,Hybrid,Hybrid,Hybrid,127
2022,JUAB,12,Passenger - Standard,Compressed Natural Gas,Natural Gas,Non-electrified,21
2022,JUAB,12,Passenger - Standard,Plug-in Hybrid,PHEV,PHEV,13
2022,KANE,13,Heavy Truck,Diesel,Diesel,Non-electrified,399
2022,KANE,13,Heavy Truck,Gasoline,Gasoline,Non-electrified,101
2022,KANE,13,Light Truck,Electric,BEV,BEV,3
2022,KANE,13,Light Truck,Diesel,Diesel,Non-electrified,1194
2022,KANE,13,Light Truck,Gasoline,Gasoline,Non-electrified,5408
2022,KANE,13,Light Truck,Hybrid,Hybrid,Hybrid,31
2022,KANE,13,Light Truck,Compressed Natural Gas,Natural Gas,Non-electrified,4
2022,KANE,13,Light Truck,Plug-in Hybrid,PHEV,PHEV,3
2022,KANE,13,Light Truck,Propane,Propane/LPG,Non-electrified,1
2022,KANE,13,Motorcycle - Standard,Gasoline,Gasoline,Non-electrified,298
2022,KANE,13,Passenger - Low Speed,Electric,BEV,BEV,1
2022,KANE,13,Passenger - Standard,Electric,BEV,BEV,11
2022,KANE,13,Passenger - Standard,Diesel,Diesel,Non-electrified,72
2022,KANE,13,Passenger - Standard,Gasoline,Gasoline,Non-electrified,2710
2022,KANE,13,Passenger - Standard,Hybrid,Hybrid,Hybrid,87
2022,KANE,13,Passenger - Standard,Compressed Natural Gas,Natural Gas,Non-electrified,2
2022,KANE,13,Passenger - Standard,Plug-in Hybrid,PHEV,PHEV,2
2022,MILLARD,14,Heavy Truck,Diesel,Diesel,Non-electrified,818
2022,MILLARD,14,Heavy Truck,Gasoline,Gasoline,Non-electrified,100
2022,MILLARD,14,Heavy Truck,Propane,Propane/LPG,Non-electrified,1
2022,MILLARD,14,Light Truck,Electric,BEV,BEV,2
2022,MILLARD,14,Light Truck,Diesel,Diesel,Non-electrified,2132
2022,MILLARD,14,Light Truck,Gasoline,Gasoline,Non-electrified,6938
2022,MILLARD,14,Light Truck,Hybrid,Hybrid,Hybrid,29
2022,MILLARD,14,Light Truck,Compressed Natural Gas,Natural Gas,Non-electrified,11
2022,MILLARD,14,Light Truck,Plug-in Hybrid,PHEV,PHEV,5
2022,MILLARD,14,Motorcycle - Standard,Gasoline,Gasoline,Non-electrified,329
2022,MILLARD,14,Passenger - Standard,Electric,BEV,BEV,4
2022,MILLARD,14,Passenger - Standard,Diesel,Diesel,Non-electrified,101
2022,MILLARD,14,Passenger - Standard,Gasoline,Gasoline,Non-electrified,5779
2022,MILLARD,14,Passenger - Standard,Hybrid,Hybrid,Hybrid,84
2022,MILLARD,14,Passenger - Standard,Compressed Natural Gas,Natural Gas,Non-electrified,14
2022,MILLARD,14,Passenger - Standard,Plug-in Hybrid,PHEV,PHEV,11
2022,MORGAN,15,Heavy Truck,Diesel,Diesel,Non-electrified,564
2022,MORGAN,15,Heavy Truck,Gasoline,Gasoline,Non-electrified,128
2022,MORGAN,15,Heavy Truck,Compressed Natural Gas,Natural Gas,Non-electrified,3
2022,MORGAN,15,Light Truck,Electric,BEV,BEV,23
2022,MORGAN,15,Light Truck,Diesel,Diesel,Non-electrified,1805
2022,MORGAN,15,Light Truck,Gasoline,Gasoline,Non-electrified,6116
2022,MORGAN,15,Light Truck,Hybrid,Hybrid,Hybrid,86
2022,MORGAN,15,Light Truck,Compressed Natural Gas,Natural Gas,Non-electrified,10
2022,MORGAN,15,Light Truck,Plug-in Hybrid,PHEV,PHEV,10
2022,MORGAN,15,Motorcycle - Standard,Electric,BEV,BEV,1
2022,MORGAN,15,Motorcycle - Standard,Gasoline,Gasoline,Non-electrified,395
2022,MORGAN,15,Motorcycle - Standard,Other,Other,Non-electrified,1
2022,MORGAN,15,Passenger - Standard,Electric,BEV,BEV,45
2022,MORGAN,15,Passenger - Standard,Diesel,Diesel,Non-electrified,100
2022,MORGAN,15,Passenger - Standard,Gasoline,Gasoline,Non-electrified,4968
2022,MORGAN,15,Passenger - Standard,Hybrid,Hybrid,Hybrid,150
2022,MORGAN,15,Passenger - Standard,Compressed Natural Gas,Natural Gas,Non-electrified,21
2022,MORGAN,15,Passenger - Standard,Steam,Other,Non-electrified,1
2022,MORGAN,15,Passenger - Standard,Plug-in Hybrid,PHEV,PHEV,13
2022,PIUTE,16,Heavy Truck,Diesel,Diesel,Non-electrified,142
2022,PIUTE,16,Heavy Truck,Gasoline,Gasoline,Non-electrified,11
2022,PIUTE,16,Light Truck,Electric,BEV,BEV,1
2022,PIUTE,16,Light Truck,Diesel,Diesel,Non-electrified,368
2022,PIUTE,16,Light Truck,Gasoline,Gasoline,Non-electrified,993
2022,PIUTE,16,Light Truck,Hybrid,Hybrid,Hybrid,4
2022,PIUTE,16,Light Truck,Compressed Natural Gas,Natural Gas,Non-electrified,2
2022,PIUTE,16,Light Truck,Plug-in Hybrid,PHEV,PHEV,1
2022,PIUTE,16,Motorcycle - Standard,Gasoline,Gasoline,Non-electrified,62
2022,PIUTE,16,Passenger - Standard,Diesel,Diesel,Non-electrified,16
2022,PIUTE,16,Passenger - Standard,Gasoline,Gasoline,Non-electrified,721
2022,PIUTE,16,Passenger - Standard,Hybrid,Hybrid,Hybrid,7
2022,PIUTE,16,Passenger - Standard,Compressed Natural Gas,Natural Gas,Non-electrified,5
2022,RICH,17,Heavy Truck,Diesel,Diesel,Non-electrified,183
2022,RICH,17,Heavy Truck,Gasoline,Gasoline,Non-electrified,42
2022,RICH,17,Light Truck,Electric,BEV,BEV,1
2022,RICH,17,Light Truck,Diesel,Diesel,Non-electrified,647
2022,RICH,17,Light Truck,Gasoline,Gasoline,Non-electrified,1648
2022,RICH,17,Light Truck,Hybrid,Hybrid,Hybrid,11
2022,RICH,17,Light Truck,Compressed Natural Gas,Natural Gas,Non-electrified,4
2022,RICH,17,Light Truck,Plug-in Hybrid,PHEV,PHEV,2
2022,RICH,17,Motorcycle - Standard,Gasoline,Gasoline,Non-electrified,103
2022,RICH,17,Passenger - Standard,Electric,BEV,BEV,4
2022,RICH,17,Passenger - Standard,Diesel,Diesel,Non-electrified,17
2022,RICH,17,Passenger - Standard,Gasoline,Gasoline,Non-electrified,1103
2022,RICH,17,Passenger - Standard,Hybrid,Hybrid,Hybrid,21
2022,RICH,17,Passenger - Standard,Compressed Natural Gas,Natural Gas,Non-electrified,3
2022,RICH,17,Passenger - Standard,Other,Other,Non-electrified,1
2022,RICH,17,Passenger - Standard,Plug-in Hybrid,PHEV,PHEV,4
2022,SALT LAKE,18,Heavy Truck,Electric,BEV,BEV,13
2022,SALT LAKE,18,Heavy Truck,Diesel,Diesel,Non-electrified,23894
2022,SALT LAKE,18,Heavy Truck,Gasoline,Gasoline,Non-electrified,6277
2022,SALT LAKE,18,Heavy Truck,Compressed Natural Gas,Natural Gas,Non-electrified,677
2022,SALT LAKE,18,Heavy Truck,Other,Other,Non-electrified,2
2022,SALT LAKE,18,Heavy Truck,Propane,Propane/LPG,Non-electrified,8
2022,SALT LAKE,18,Light Truck,Electric,BEV,BEV,2105
2022,SALT LAKE,18,Light Truck,Diesel,Diesel,Non-electrified,41931
2022,SALT LAKE,18,Light Truck,Gasoline,Gasoline,Non-electrified,423242
2022,SALT LAKE,18,Light Truck,Hybrid,Hybrid,Hybrid,7983
2022,SALT LAKE,18,Light Truck,Compressed Natural Gas,Natural Gas,Non-electrified,597
2022,SALT LAKE,18,Light Truck,Plug-in Hybrid,PHEV,PHEV,1102
2022,SALT LAKE,18,Light Truck,Propane,Propane/LPG,Non-electrified,5
2022,SALT LAKE,18,Motorcycle - Standard,Electric,BEV,BEV,69
2022,SALT LAKE,18,Motorcycle - Standard,Gasoline,Gasoline,Non-electrified,26980
2022,SALT LAKE,18,Motorcycle - Standard,Hybrid,Hybrid,Hybrid,1
2022,SALT LAKE,18,Motorcycle - Standard,Other,Other,Non-electrified,7
2022,SALT LAKE,18,Passenger - Low Speed,Electric,BEV,BEV,7
2022,SALT LAKE,18,Passenger - Low Speed,Gasoline,Gasoline,Non-electrified,3
2022,SALT LAKE,18,Passenger - Standard,Electric,BEV,BEV,5328
2022,SALT LAKE,18,Passenger - Standard,Diesel,Diesel,Non-electrified,2581
2022,SALT LAKE,18,Passenger - Standard,Gasoline,Gasoline,Non-electrified,404080
2022,SALT LAKE,18,Passenger - Standard,Hybrid,Hybrid,Hybrid,13959
2022,SALT LAKE,18,Passenger - Standard,Compressed Natural Gas,Natural Gas,Non-electrified,654
2022,SALT LAKE,18,Passenger - Standard,Liquefied Natural Gas,Natural Gas,Non-electrified,1
2022,SALT LAKE,18,Passenger - Standard,Other,Other,Non-electrified,4
2022,SALT LAKE,18,Passenger - Standard,Plug-in Hybrid,PHEV,PHEV,1792
2022,SAN JUAN,19,Heavy Truck,Diesel,Diesel,Non-electrified,467
2022,SAN JUAN,19,Heavy Truck,Gasoline,Gasoline,Non-electrified,54
2022,SAN JUAN,19,Light Truck,Electric,BEV,BEV,2
2022,SAN JUAN,19,Light Truck,Diesel,Diesel,Non-electrified,1151
2022,SAN JUAN,19,Light Truck,Gasoline,Gasoline,Non-electrified,5853
2022,SAN JUAN,19,Light Truck,Hybrid,Hybrid,Hybrid,30
2022,SAN JUAN,19,Light Truck,Compressed Natural Gas,Natural Gas,Non-electrified,4
2022,SAN JUAN,19,Light Truck,Plug-in Hybrid,PHEV,PHEV,2
2022,SAN JUAN,19,Motorcycle - Standard,Gasoline,Gasoline,Non-electrified,278
2022,SAN JUAN,19,Motorcycle - Standard,Other,Other,Non-electrified,1
2022,SAN JUAN,19,Passenger - Standard,Electric,BEV,BEV,7
2022,SAN JUAN,19,Passenger - Standard,Diesel,Diesel,Non-electrified,41
2022,SAN JUAN,19,Passenger - Standard,Gasoline,Gasoline,Non-electrified,3265
2022,SAN JUAN,19,Passenger - Standard,Hybrid,Hybrid,Hybrid,76
2022,SAN JUAN,19,Passenger - Standard,Compressed Natural Gas,Natural Gas,Non-electrified,2
2022,SAN JUAN,19,Passenger - Standard,Plug-in Hybrid,PHEV,PHEV,13
2022,SANPETE,20,Heavy Truck,Diesel,Diesel,Non-electrified,1186
2022,SANPETE,20,Heavy Truck,Gasoline,Gasoline,Non-electrified,249
2022,SANPETE,20,Heavy Truck,Compressed Natural Gas,Natural Gas,Non-electrified,2
2022,SANPETE,20,Light Truck,Electric,BEV,BEV,5
2022,SANPETE,20,Light Truck,Diesel,Diesel,Non-electrified,3844
2022,SANPETE,20,Light Truck,Gasoline,Gasoline,Non-electrified,14116
2022,SANPETE,20,Light Truck,Hybrid,Hybrid,Hybrid,75
2022,SANPETE,20,Light Truck,Compressed Natural Gas,Natural Gas,Non-electrified,38
2022,SANPETE,20,Light Truck,Alcohol,Other,Non-electrified,1
2022,SANPETE,20,Light Truck,Plug-in Hybrid,PHEV,PHEV,5
2022,SANPETE,20,Motorcycle - Standard,Electric,BEV,BEV,3
2022,SANPETE,20,Motorcycle - Standard,Gasoline,Gasoline,Non-electrified,662
2022,SANPETE,20,Passenger - Standard,Electric,BEV,BEV,29
2022,SANPETE,20,Passenger - Standard,Diesel,Diesel,Non-electrified,178
2022,SANPETE,20,Passenger - Standard,Gasoline,Gasoline,Non-electrified,12080
2022,SANPETE,20,Passenger - Standard,Hybrid,Hybrid,Hybrid,247
2022,SANPETE,20,Passenger - Standard,Compressed Natural Gas,Natural Gas,Non-electrified,38
2022,SANPETE,20,Passenger - Standard,Plug-in Hybrid,PHEV,PHEV,30
2022,SEVIER,21,Heavy Truck,Diesel,Diesel,Non-electrified,1789
2022,SEVIER,21,Heavy Truck,Gasoline,Gasoline,Non-electrified,205
2022,SEVIER,21,Heavy Truck,Compressed Natural Gas,Natural Gas,Non-electrified,7
2022,SEVIER,21,Light Truck,Electric,BEV,BEV,3
2022,SEVIER,21,Light Truck,Diesel,Diesel,Non-electrified,3196
2022,SEVIER,21,Light Truck,Gasoline,Gasoline,Non-electrified,11306
2022,SEVIER,21,Light Truck,Hybrid,Hybrid,Hybrid,51
2022,SEVIER,21,Light Truck,Compressed Natural Gas,Natural Gas,Non-electrified,35
2022,SEVIER,21,Light Truck,Plug-in Hybrid,PHEV,PHEV,8
2022,SEVIER,21,Motorcycle - Standard,Gasoline,Gasoline,Non-electrified,637
2022,SEVIER,21,Passenger - Standard,Electric,BEV,BEV,11
2022,SEVIER,21,Passenger - Standard,Diesel,Diesel,Non-electrified,72
2022,SEVIER,21,Passenger - Standard,Gasoline,Gasoline,Non-electrified,8689
2022,SEVIER,21,Passenger - Standard,Hybrid,Hybrid,Hybrid,128
2022,SEVIER,21,Passenger - Standard,Compressed Natural Gas,Natural Gas,Non-electrified,39
2022,SEVIER,21,Passenger - Standard,Plug-in Hybrid,PHEV,PHEV,15
2022,SUMMIT,22,Heavy Truck,Electric,BEV,BEV,13
2022,SUMMIT,22,Heavy Truck,Diesel,Diesel,Non-electrified,1412
2022,SUMMIT,22,Heavy Truck,Gasoline,Gasoline,Non-electrified,299
2022,SUMMIT,22,Heavy Truck,Compressed Natural Gas,Natural Gas,Non-electrified,8
2022,SUMMIT,22,Heavy Truck,Propane,Propane/LPG,Non-electrified,2
2022,SUMMIT,22,Light Truck,Electric,BEV,BEV,399
2022,SUMMIT,22,Light Truck,Diesel,Diesel,Non-electrified,4414
2022,SUMMIT,22,Light Truck,Gasoline,Gasoline,Non-electrified,30425
2022,SUMMIT,22,Light Truck,Hybrid,Hybrid,Hybrid,693
2022,SUMMIT,22,Light Truck,Compressed Natural Gas,Natural Gas,Non-electrified,41
2022,SUMMIT,22,Light Truck,Plug-in Hybrid,PHEV,PHEV,189
2022,SUMMIT,22,Motorcycle - Standard,Electric,BEV,BEV,8
2022,SUMMIT,22,Motorcycle - Standard,Gasoline,Gasoline,Non-electrified,2015
2022,SUMMIT,22,Passenger - Low Speed,Electric,BEV,BEV,6
2022,SUMMIT,22,Passenger - Standard,Electric,BEV,BEV,418
2022,SUMMIT,22,Passenger - Standard,Diesel,Diesel,Non-electrified,294
2022,SUMMIT,22,Passenger - Standard,Gasoline,Gasoline,Non-electrified,16337
2022,SUMMIT,22,Passenger - Standard,Hybrid,Hybrid,Hybrid,364
2022,SUMMIT,22,Passenger - Standard,Compressed Natural Gas,Natural Gas,Non-electrified,34
2022,SUMMIT,22,Passenger - Standard,Plug-in Hybrid,PHEV,PHEV,94
2022,TOOELE,23,Heavy Truck,Diesel,Diesel,Non-electrified,1520
2022,TOOELE,23,Heavy Truck,Gasoline,Gasoline,Non-electrified,445
2022,TOOELE,23,Heavy Truck,Compressed Natural Gas,Natural Gas,Non-electrified,2
2022,TOOELE,23,Heavy Truck,Propane,Propane/LPG,Non-electrified,1
2022,TOOELE,23,Light Truck,Electric,BEV,BEV,41
2022,TOOELE,23,Light Truck,Diesel,Diesel,Non-electrified,6630
2022,TOOELE,23,Light Truck,Gasoline,Gasoline,Non-electrified,29883
2022,TOOELE,23,Light Truck,Hybrid,Hybrid,Hybrid,228
2022,TOOELE,23,Light Truck,Compressed Natural Gas,Natural Gas,Non-electrified,52
2022,TOOELE,23,Light Truck,Plug-in Hybrid,PHEV,PHEV,28
2022,TOOELE,23,Light Truck,Propane,Propane/LPG,Non-electrified,1
2022,TOOELE,23,Motorcycle - Standard,Electric,BEV,BEV,1
2022,TOOELE,23,Motorcycle - Standard,Gasoline,Gasoline,Non-electrified,2433
2022,TOOELE,23,Passenger - Low Speed,Electric,BEV,BEV,1
2022,TOOELE,23,Passenger - Standard,Electric,BEV,BEV,134
2022,TOOELE,23,Passenger - Standard,Diesel,Diesel,Non-electrified,394
2022,TOOELE,23,Passenger - Standard,Gasoline,Gasoline,Non-electrified,32637
2022,TOOELE,23,Passenger - Standard,Hybrid,Hybrid,Hybrid,799
2022,TOOELE,23,Passenger - Standard,Compressed Natural Gas,Natural Gas,Non-electrified,55
2022,TOOELE,23,Passenger - Standard,Plug-in Hybrid,PHEV,PHEV,106
2022,UINTAH,24,Heavy Truck,Diesel,Diesel,Non-electrified,2431
2022,UINTAH,24,Heavy Truck,Gasoline,Gasoline,Non-electrified,415
2022,UINTAH,24,Heavy Truck,Compressed Natural Gas,Natural Gas,Non-electrified,2
2022,UINTAH,24,Heavy Truck,Propane,Propane/LPG,Non-electrified,23
2022,UINTAH,24,Light Truck,Electric,BEV,BEV,3
2022,UINTAH,24,Light Truck,Diesel,Diesel,Non-electrified,4409
2022,UINTAH,24,Light Truck,Gasoline,Gasoline,Non-electrified,17671
2022,UINTAH,24,Light Truck,Hybrid,Hybrid,Hybrid,64
2022,UINTAH,24,Light Truck,Compressed Natural Gas,Natural Gas,Non-electrified,25
2022,UINTAH,24,Light Truck,Plug-in Hybrid,PHEV,PHEV,7
2022,UINTAH,24,Light Truck,Propane,Propane/LPG,Non-electrified,5
2022,UINTAH,24,Motorcycle - Standard,Gasoline,Gasoline,Non-electrified,1143
2022,UINTAH,24,Passenger - Standard,Electric,BEV,BEV,22
2022,UINTAH,24,Passenger - Standard,Diesel,Diesel,Non-electrified,148
2022,UINTAH,24,Passenger - Standard,Gasoline,Gasoline,Non-electrified,10648
2022,UINTAH,24,Passenger - Standard,Hybrid,Hybrid,Hybrid,127
2022,UINTAH,24,Passenger - Standard,Compressed Natural Gas,Natural Gas,Non-electrified,17
2022,UINTAH,24,Passenger - Standard,Plug-in Hybrid,PHEV,PHEV,11
2022,UTAH,25,Heavy Truck,Diesel,Diesel,Non-electrified,10601
2022,UTAH,25,Heavy Truck,Gasoline,Gasoline,Non-electrified,2470
2022,UTAH,25,Heavy Truck,Compressed Natural Gas,Natural Gas,Non-electrified,83
2022,UTAH,25,Heavy Truck,Other,Other,Non-electrified,1
2022,UTAH,25,Heavy Truck,Propane,Propane/LPG,Non-electrified,17
2022,UTAH,25,Light Truck,Electric,BEV,BEV,1027
2022,UTAH,25,Light Truck,Diesel,Diesel,Non-electrified,20861
2022,UTAH,25,Light Truck,Gasoline,Gasoline,Non-electrified,205557
2022,UTAH,25,Light Truck,Hybrid,Hybrid,Hybrid,3392
2022,UTAH,25,Light Truck,Compressed Natural Gas,Natural Gas,Non-electrified,316
2022,UTAH,25,Light Truck,Other,Other,Non-electrified,1
2022,UTAH,25,Light Truck,Plug-in Hybrid,PHEV,PHEV,388
2022,UTAH,25,Light Truck,Propane,Propane/LPG,Non-electrified,4
2022,UTAH,25,Motorcycle - Standard,Electric,BEV,BEV,54
2022,UTAH,25,Motorcycle - Standard,Gasoline,Gasoline,Non-electrified,13715
2022,UTAH,25,Motorcycle - Standard,Other,Other,Non-electrified,5
2022,UTAH,25,Passenger - Low Speed,Electric,BEV,BEV,11
2022,UTAH,25,Passenger - Standard,Electric,BEV,BEV,2414
2022,UTAH,25,Passenger - Standard,Diesel,Diesel,Non-electrified,1811
2022,UTAH,25,Passenger - Standard,Gasoline,Gasoline,Non-electrified,200544
2022,UTAH,25,Passenger - Standard,Hybrid,Hybrid,Hybrid,7414
2022,UTAH,25,Passenger - Standard,Compressed Natural Gas,Natural Gas,Non-electrified,492
2022,UTAH,25,Passenger - Standard,Liquefied Natural Gas,Natural Gas,Non-electrified,5
2022,UTAH,25,Passenger - Standard,Other,Other,Non-electrified,2
2022,UTAH,25,Passenger - Standard,Plug-in Hybrid,PHEV,PHEV,1039
2022,UTAH,25,Passenger - Standard,Propane,Propane/LPG,Non-electrified,2
2022,WASATCH,26,Heavy Truck,Diesel,Diesel,Non-electrified,1016
2022,WASATCH,26,Heavy Truck,Gasoline,Gasoline,Non-electrified,219
2022,WASATCH,26,Heavy Truck,Compressed Natural Gas,Natural Gas,Non-electrified,2
2022,WASATCH,26,Heavy Truck,Propane,Propane/LPG,Non-electrified,1
2022,WASATCH,26,Light Truck,Electric,BEV,BEV,101
2022,WASATCH,26,Light Truck,Diesel,Diesel,Non-electrified,3361
2022,WASATCH,26,Light Truck,Gasoline,Gasoline,Non-electrified,19643
2022,WASATCH,26,Light Truck,Hybrid,Hybrid,Hybrid,305
2022,WASATCH,26,Light Truck,Compressed Natural Gas,Natural Gas,Non-electrified,19
2022,WASATCH,26,Light Truck,Plug-in Hybrid,PHEV,PHEV,59
2022,WASATCH,26,Motorcycle - Standard,Electric,BEV,BEV,63
2022,WASATCH,26,Motorcycle - Standard,Gasoline,Gasoline,Non-electrified,1406
2022,WASATCH,26,Motorcycle - Standard,Other,Other,Non-electrified,2
2022,WASATCH,26,Passenger - Low Speed,Electric,BEV,BEV,1
2022,WASATCH,26,Passenger - Standard,Electric,BEV,BEV,153
2022,WASATCH,26,Passenger - Standard,Diesel,Diesel,Non-electrified,264
2022,WASATCH,26,Passenger - Standard,Gasoline,Gasoline,Non-electrified,12154
2022,WASATCH,26,Passenger - Standard,Hybrid,Hybrid,Hybrid,304
2022,WASATCH,26,Passenger - Standard,Compressed Natural Gas,Natural Gas,Non-electrified,31
2022,WASATCH,26,Passenger - Standard,Liquefied Natural Gas,Natural Gas,Non-electrified,1
2022,WASATCH,26,Passenger - Standard,Plug-in Hybrid,PHEV,PHEV,51
2022,WASATCH,26,Passenger - Standard,Propane,Propane/LPG,Non-electrified,1
2022,WASHINGTON,27,Heavy Truck,Diesel,Diesel,Non-electrified,6211
2022,WASHINGTON,27,Heavy Truck,Gasoline,Gasoline,Non-electrified,1560
2022,WASHINGTON,27,Heavy Truck,Hybrid,Hybrid,Hybrid,1
2022,WASHINGTON,27,Heavy Truck,Compressed Natural Gas,Natural Gas,Non-electrified,17
2022,WASHINGTON,27,Heavy Truck,Propane,Propane/LPG,Non-electrified,16
2022,WASHINGTON,27,Light Truck,Electric,BEV,BEV,256
2022,WASHINGTON,27,Light Truck,Diesel,Diesel,Non-electrified,14008
2022,WASHINGTON,27,Light Truck,Gasoline,Gasoline,Non-electrified,84458
2022,WASHINGTON,27,Light Truck,Hybrid,Hybrid,Hybrid,1338
2022,WASHINGTON,27,Light Truck,Compressed Natural Gas,Natural Gas,Non-electrified,193
2022,WASHINGTON,27,Light Truck,Liquefied Natural Gas,Natural Gas,Non-electrified,1
2022,WASHINGTON,27,Light Truck,Other,Other,Non-electrified,1
2022,WASHINGTON,27,Light Truck,Plug-in Hybrid,PHEV,PHEV,130
2022,WASHINGTON,27,Light Truck,Propane,Propane/LPG,Non-electrified,1
2022,WASHINGTON,27,Motorcycle - Standard,Electric,BEV,BEV,13
2022,WASHINGTON,27,Motorcycle - Standard,Gasoline,Gasoline,Non-electrified,6554
2022,WASHINGTON,27,Motorcycle - Standard,Other,Other,Non-electrified,4
2022,WASHINGTON,27,Passenger - Low Speed,Electric,BEV,BEV,7
2022,WASHINGTON,27,Passenger - Low Speed,Gasoline,Gasoline,Non-electrified,3
2022,WASHINGTON,27,Passenger - Standard,Electric,BEV,BEV,538
2022,WASHINGTON,27,Passenger - Standard,Diesel,Diesel,Non-electrified,1238
2022,WASHINGTON,27,Passenger - Standard,Gasoline,Gasoline,Non-electrified,69654
2022,WASHINGTON,27,Passenger - Standard,Hybrid,Hybrid,Hybrid,3196
2022,WASHINGTON,27,Passenger - Standard,Hydrogen,Hydrogen,Non-electrified,1
2022,WASHINGTON,27,Passenger - Standard,Compressed Natural Gas,Natural Gas,Non-electrified,245
2022,WASHINGTON,27,Passenger - Standard,Liquefied Natural Gas,Natural Gas,Non-electrified,1
2022,WASHINGTON,27,Passenger - Standard,Other,Other,Non-electrified,1
2022,WASHINGTON,27,Passenger - Standard,Plug-in Hybrid,PHEV,PHEV,289
2022,WAYNE,28,Heavy Truck,Diesel,Diesel,Non-electrified,289
2022,WAYNE,28,Heavy Truck,Gasoline,Gasoline,Non-electrified,30
2022,WAYNE,28,Heavy Truck,Propane,Propane/LPG,Non-electrified,1
2022,WAYNE,28,Light Truck,Diesel,Diesel,Non-electrified,664
2022,WAYNE,28,Light Truck,Gasoline,Gasoline,Non-electrified,1875
2022,WAYNE,28,Light Truck,Hybrid,Hybrid,Hybrid,10
2022,WAYNE,28,Light Truck,Compressed Natural Gas,Natural Gas,Non-electrified,3
2022,WAYNE,28,Motorcycle - Standard,Gasoline,Gasoline,Non-electrified,106
2022,WAYNE,28,Motorcycle - Standard,Other,Other,Non-electrified,1
2022,WAYNE,28,Passenger - Standard,Electric,BEV,BEV,2
2022,WAYNE,28,Passenger - Standard,Diesel,Diesel,Non-electrified,20
2022,WAYNE,28,Passenger - Standard,Gasoline,Gasoline,Non-electrified,1151
2022,WAYNE,28,Passenger - Standard,Hybrid,Hybrid,Hybrid,26
2022,WAYNE,28,Passenger - Standard,Compressed Natural Gas,Natural Gas,Non-electrified,2
2022,WAYNE,28,Passenger - Standard,Plug-in Hybrid,PHEV,PHEV,1
2022,WEBER,29,Heavy Truck,Diesel,Diesel,Non-electrified,5751
2022,WEBER,29,Heavy Truck,Gasoline,Gasoline,Non-electrified,1300
2022,WEBER,29,Heavy Truck,Compressed Natural Gas,Natural Gas,Non-electrified,44
2022,WEBER,29,Heavy Truck,Other,Other,Non-electrified,1
2022,WEBER,29,Heavy Truck,Propane,Propane/LPG,Non-electrified,1
2022,WEBER,29,Light Truck,Electric,BEV,BEV,194
2022,WEBER,29,Light Truck,Diesel,Diesel,Non-electrified,13437
2022,WEBER,29,Light Truck,Gasoline,Gasoline,Non-electrified,92593
2022,WEBER,29,Light Truck,Hybrid,Hybrid,Hybrid,1248
2022,WEBER,29,Light Truck,Compressed Natural Gas,Natural Gas,Non-electrified,136
2022,WEBER,29,Light Truck,Plug-in Hybrid,PHEV,PHEV,102
2022,WEBER,29,Light Truck,Propane,Propane/LPG,Non-electrified,1
2022,WEBER,29,Motorcycle - Standard,Electric,BEV,BEV,12
2022,WEBER,29,Motorcycle - Standard,Gasoline,Gasoline,Non-electrified,7815
2022,WEBER,29,Motorcycle - Standard,Other,Other,Non-electrified,4
2022,WEBER,29,Passenger - Low Speed,Electric,BEV,BEV,3
2022,WEBER,29,Passenger - Low Speed,Gasoline,Gasoline,Non-electrified,1
2022,WEBER,29,Passenger - Standard,Electric,BEV,BEV,538
2022,WEBER,29,Passenger - Standard,Diesel,Diesel,Non-electrified,813
2022,WEBER,29,Passenger - Standard,Gasoline,Gasoline,Non-electrified,90195
2022,WEBER,29,Passenger - Standard,Hybrid,Hybrid,Hybrid,2209
2022,WEBER,29,Passenger - Standard,Compressed Natural Gas,Natural Gas,Non-electrified,170
2022,WEBER,29,Passenger - Standard,Liquefied Natural Gas,Natural Gas,Non-electrified,1
2022,WEBER,29,Passenger - Standard,Other,Other,Non-electrified,2
2022,WEBER,29,Passenger - Standard,Plug-in Hybrid,PHEV,PHEV,277
2022,WEBER,29,Passenger - Standard,Butane,Propane/LPG,Non-electrified,1
2023,BEAVER,1,Heavy Truck,Diesel,Diesel,Non-electrified,419
2023,BEAVER,1,Heavy Truck,Gasoline,Gasoline,Non-electrified,57
2023,BEAVER,1,Heavy Truck,Compressed Natural Gas,Natural Gas,Non-electrified,1
2023,BEAVER,1,Heavy Truck,Propane,Propane/LPG,Non-electrified,1
2023,BEAVER,1,Light Truck,Electric,BEV,BEV,1
2023,BEAVER,1,Light Truck,Diesel,Diesel,Non-electrified,1193
2023,BEAVER,1,Light Truck,Gasoline,Gasoline,Non-electrified,4359
2023,BEAVER,1,Light Truck,Hybrid,Hybrid,Hybrid,21
2023,BEAVER,1,Light Truck,Compressed Natural Gas,Natural Gas,Non-electrified,10
2023,BEAVER,1,Light Truck,Plug-in Hybrid,PHEV,PHEV,1
2023,BEAVER,1,Motorcycle - Standard,Electric,BEV,BEV,1
2023,BEAVER,1,Motorcycle - Standard,Gasoline,Gasoline,Non-electrified,163
2023,BEAVER,1,Passenger - Standard,Electric,BEV,BEV,3
2023,BEAVER,1,Passenger - Standard,Diesel,Diesel,Non-electrified,47
2023,BEAVER,1,Passenger - Standard,Gasoline,Gasoline,Non-electrified,2726
2023,BEAVER,1,Passenger - Standard,Hybrid,Hybrid,Hybrid,60
2023,BEAVER,1,Passenger - Standard,Compressed Natural Gas,Natural Gas,Non-electrified,2
2023,BEAVER,1,Passenger - Standard,Plug-in Hybrid,PHEV,PHEV,5
2023,BOX ELDER,2,Heavy Truck,Diesel,Diesel,Non-electrified,2691
2023,BOX ELDER,2,Heavy Truck,Gasoline,Gasoline,Non-electrified,491
2023,BOX ELDER,2,Heavy Truck,Compressed Natural Gas,Natural Gas,Non-electrified,3
2023,BOX ELDER,2,Light Truck,Electric,BEV,BEV,56
2023,BOX ELDER,2,Light Truck,Diesel,Diesel,Non-electrified,7212
2023,BOX ELDER,2,Light Truck,Gasoline,Gasoline,Non-electrified,26786
2023,BOX ELDER,2,Light Truck,Hybrid,Hybrid,Hybrid,298
2023,BOX ELDER,2,Light Truck,Compressed Natural Gas,Natural Gas,Non-electrified,53
2023,BOX ELDER,2,Light Truck,Plug-in Hybrid,PHEV,PHEV,18
2023,BOX ELDER,2,Light Truck,Propane,Propane/LPG,Non-electrified,1
2023,BOX ELDER,2,Motorcycle - Standard,Electric,BEV,BEV,3
2023,BOX ELDER,2,Motorcycle - Standard,Gasoline,Gasoline,Non-electrified,2106
2023,BOX ELDER,2,Motorcycle - Standard,Other,Other,Non-electrified,2
2023,BOX ELDER,2,Passenger - Standard,Electric,BEV,BEV,105
2023,BOX ELDER,2,Passenger - Standard,Diesel,Diesel,Non-electrified,397
2023,BOX ELDER,2,Passenger - Standard,Gasoline,Gasoline,Non-electrified,24897
2023,BOX ELDER,2,Passenger - Standard,Hybrid,Hybrid,Hybrid,617
2023,BOX ELDER,2,Passenger - Standard,Compressed Natural Gas,Natural Gas,Non-electrified,102
2023,BOX ELDER,2,Passenger - Standard,Plug-in Hybrid,PHEV,PHEV,109
2023,CACHE,3,Heavy Truck,Electric,BEV,BEV,1
2023,CACHE,3,Heavy Truck,Diesel,Diesel,Non-electrified,3130
2023,CACHE,3,Heavy Truck,Gasoline,Gasoline,Non-electrified,735
2023,CACHE,3,Heavy Truck,Compressed Natural Gas,Natural Gas,Non-electrified,14
2023,CACHE,3,Heavy Truck,Propane,Propane/LPG,Non-electrified,16
2023,CACHE,3,Light Truck,Electric,BEV,BEV,216
2023,CACHE,3,Light Truck,Diesel,Diesel,Non-electrified,5701
2023,CACHE,3,Light Truck,Gasoline,Gasoline,Non-electrified,50817
2023,CACHE,3,Light Truck,Hybrid,Hybrid,Hybrid,1047
2023,CACHE,3,Light Truck,Compressed Natural Gas,Natural Gas,Non-electrified,51
2023,CACHE,3,Light Truck,Plug-in Hybrid,PHEV,PHEV,100
2023,CACHE,3,Motorcycle - Standard,Electric,BEV,BEV,15
2023,CACHE,3,Motorcycle - Standard,Gasoline,Gasoline,Non-electrified,4085
2023,CACHE,3,Motorcycle - Standard,Hybrid,Hybrid,Hybrid,1
2023,CACHE,3,Motorcycle - Standard,Other,Other,Non-electrified,1
2023,CACHE,3,Passenger - Standard,Electric,BEV,BEV,329
2023,CACHE,3,Passenger - Standard,Diesel,Diesel,Non-electrified,439
2023,CACHE,3,Passenger - Standard,Gasoline,Gasoline,Non-electrified,40103
2023,CACHE,3,Passenger - Standard,Hybrid,Hybrid,Hybrid,1364
2023,CACHE,3,Passenger - Standard,Compressed Natural Gas,Natural Gas,Non-electrified,97
2023,CACHE,3,Passenger - Standard,Plug-in Hybrid,PHEV,PHEV,208
2023,CARBON,4,Heavy Truck,Diesel,Diesel,Non-electrified,752
2023,CARBON,4,Heavy Truck,Gasoline,Gasoline,Non-electrified,193
2023,CARBON,4,Heavy Truck,Compressed Natural Gas,Natural Gas,Non-electrified,2
2023,CARBON,4,Heavy Truck,Propane,Propane/LPG,Non-electrified,1
2023,CARBON,4,Light Truck,Electric,BEV,BEV,10
2023,CARBON,4,Light Truck,Diesel,Diesel,Non-electrified,2400
2023,CARBON,4,Light Truck,Gasoline,Gasoline,Non-electrified,10866
2023,CARBON,4,Light Truck,Hybrid,Hybrid,Hybrid,63
2023,CARBON,4,Light Truck,Compressed Natural Gas,Natural Gas,Non-electrified,25
2023,CARBON,4,Light Truck,Plug-in Hybrid,PHEV,PHEV,8
2023,CARBON,4,Motorcycle - Standard,Gasoline,Gasoline,Non-electrified,663
2023,CARBON,4,Passenger - Standard,Electric,BEV,BEV,10
2023,CARBON,4,Passenger - Standard,Diesel,Diesel,Non-electrified,90
2023,CARBON,4,Passenger - Standard,Gasoline,Gasoline,Non-electrified,8635
2023,CARBON,4,Passenger - Standard,Hybrid,Hybrid,Hybrid,128
2023,CARBON,4,Passenger - Standard,Compressed Natural Gas,Natural Gas,Non-electrified,26
2023,CARBON,4,Passenger - Standard,Plug-in Hybrid,PHEV,PHEV,17
2023,DAGGETT,5,Heavy Truck,Diesel,Diesel,Non-electrified,93
2023,DAGGETT,5,Heavy Truck,Gasoline,Gasoline,Non-electrified,26
2023,DAGGETT,5,Light Truck,Electric,BEV,BEV,1
2023,DAGGETT,5,Light Truck,Diesel,Diesel,Non-electrified,423
2023,DAGGETT,5,Light Truck,Gasoline,Gasoline,Non-electrified,1012
2023,DAGGETT,5,Light Truck,Hybrid,Hybrid,Hybrid,7
2023,DAGGETT,5,Light Truck,Compressed Natural Gas,Natural Gas,Non-electrified,5
2023,DAGGETT,5,Motorcycle - Standard,Gasoline,Gasoline,Non-electrified,53
2023,DAGGETT,5,Passenger - Standard,Diesel,Diesel,Non-electrified,5
2023,DAGGETT,5,Passenger - Standard,Gasoline,Gasoline,Non-electrified,567
2023,DAGGETT,5,Passenger - Standard,Hybrid,Hybrid,Hybrid,8
2023,DAGGETT,5,Passenger - Standard,Plug-in Hybrid,PHEV,PHEV,1
2023,DAVIS,6,Heavy Truck,Diesel,Diesel,Non-electrified,4185
2023,DAVIS,6,Heavy Truck,Gasoline,Gasoline,Non-electrified,1469
2023,DAVIS,6,Heavy Truck,Compressed Natural Gas,Natural Gas,Non-electrified,8
2023,DAVIS,6,Heavy Truck,Propane,Propane/LPG,Non-electrified,2
2023,DAVIS,6,Light Truck,Electric,BEV,BEV,1057
2023,DAVIS,6,Light Truck,Diesel,Diesel,Non-electrified,11832
2023,DAVIS,6,Light Truck,Gasoline,Gasoline,Non-electrified,129655
2023,DAVIS,6,Light Truck,Hybrid,Hybrid,Hybrid,2880
2023,DAVIS,6,Light Truck,Compressed Natural Gas,Natural Gas,Non-electrified,134
2023,DAVIS,6,Light Truck,Plug-in Hybrid,PHEV,PHEV,373
2023,DAVIS,6,Motorcycle - Standard,Electric,BEV,BEV,21
2023,DAVIS,6,Motorcycle - Standard,Gasoline,Gasoline,Non-electrified,10141
2023,DAVIS,6,Motorcycle - Standard,Other,Other,Non-electrified,3
2023,DAVIS,6,Passenger - Standard,Electric,BEV,BEV,1687
2023,DAVIS,6,Passenger - Standard,Diesel,Diesel,Non-electrified,1061
2023,DAVIS,6,Passenger - Standard,Gasoline,Gasoline,Non-electrified,116838
2023,DAVIS,6,Passenger - Standard,Hybrid,Hybrid,Hybrid,4174
2023,DAVIS,6,Passenger - Standard,Compressed Natural Gas,Natural Gas,Non-electrified,309
2023,DAVIS,6,Passenger - Standard,Other,Other,Non-electrified,3
2023,DAVIS,6,Passenger - Standard,Plug-in Hybrid,PHEV,PHEV,598
2023,DAVIS,6,Passenger - Standard,Butane,Propane/LPG,Non-electrified,1
2023,DAVIS,6,Passenger - Standard,Propane,Propane/LPG,Non-electrified,1
2023,DUCHESNE,7,Heavy Truck,Diesel,Diesel,Non-electrified,2288
2023,DUCHESNE,7,Heavy Truck,Gasoline,Gasoline,Non-electrified,228
2023,DUCHESNE,7,Heavy Truck,Compressed Natural Gas,Natural Gas,Non-electrified,1
2023,DUCHESNE,7,Heavy Truck,Propane,Propane/LPG,Non-electrified,9
2023,DUCHESNE,7,Light Truck,Electric,BEV,BEV,6
2023,DUCHESNE,7,Light Truck,Diesel,Diesel,Non-electrified,3863
2023,DUCHESNE,7,Light Truck,Gasoline,Gasoline,Non-electrified,12876
2023,DUCHESNE,7,Light Truck,Hybrid,Hybrid,Hybrid,66
2023,DUCHESNE,7,Light Truck,Compressed Natural Gas,Natural Gas,Non-electrified,19
2023,DUCHESNE,7,Light Truck,Plug-in Hybrid,PHEV,PHEV,10
2023,DUCHESNE,7,Light Truck,Propane,Propane/LPG,Non-electrified,1
2023,DUCHESNE,7,Motorcycle - Standard,Gasoline,Gasoline,Non-electrified,710
2023,DUCHESNE,7,Passenger - Standard,Electric,BEV,BEV,10
2023,DUCHESNE,7,Passenger - Standard,Diesel,Diesel,Non-electrified,86
2023,DUCHESNE,7,Passenger - Standard,Gasoline,Gasoline,Non-electrified,6984
2023,DUCHESNE,7,Passenger - Standard,Hybrid,Hybrid,Hybrid,86
2023,DUCHESNE,7,Passenger - Standard,Compressed Natural Gas,Natural Gas,Non-electrified,7
2023,DUCHESNE,7,Passenger - Standard,Plug-in Hybrid,PHEV,PHEV,14
2023,EMERY,8,Heavy Truck,Diesel,Diesel,Non-electrified,603
2023,EMERY,8,Heavy Truck,Gasoline,Gasoline,Non-electrified,86
2023,EMERY,8,Light Truck,Electric,BEV,BEV,1
2023,EMERY,8,Light Truck,Diesel,Diesel,Non-electrified,1850
2023,EMERY,8,Light Truck,Gasoline,Gasoline,Non-electrified,5639
2023,EMERY,8,Light Truck,Hybrid,Hybrid,Hybrid,29
2023,EMERY,8,Light Truck,Compressed Natural Gas,Natural Gas,Non-electrified,9
2023,EMERY,8,Light Truck,Plug-in Hybrid,PHEV,PHEV,3
2023,EMERY,8,Motorcycle - Standard,Gasoline,Gasoline,Non-electrified,255
2023,EMERY,8,Passenger - Standard,Electric,BEV,BEV,2
2023,EMERY,8,Passenger - Standard,Diesel,Diesel,Non-electrified,75
2023,EMERY,8,Passenger - Standard,Gasoline,Gasoline,Non-electrified,4140
2023,EMERY,8,Passenger - Standard,Hybrid,Hybrid,Hybrid,65
2023,EMERY,8,Passenger - Standard,Compressed Natural Gas,Natural Gas,Non-electrified,9
2023,EMERY,8,Passenger - Standard,Plug-in Hybrid,PHEV,PHEV,5
2023,GARFIELD,9,Heavy Truck,Diesel,Diesel,Non-electrified,372
2023,GARFIELD,9,Heavy Truck,Gasoline,Gasoline,Non-electrified,48
2023,GARFIELD,9,Light Truck,Electric,BEV,BEV,7
2023,GARFIELD,9,Light Truck,Diesel,Diesel,Non-electrified,1077
2023,GARFIELD,9,Light Truck,Gasoline,Gasoline,Non-electrified,3534
2023,GARFIELD,9,Light Truck,Hybrid,Hybrid,Hybrid,28
2023,GARFIELD,9,Light Truck,Compressed Natural Gas,Natural Gas,Non-electrified,6
2023,GARFIELD,9,Light Truck,Plug-in Hybrid,PHEV,PHEV,7
2023,GARFIELD,9,Motorcycle - Standard,Gasoline,Gasoline,Non-electrified,182
2023,GARFIELD,9,Passenger - Standard,Electric,BEV,BEV,8
2023,GARFIELD,9,Passenger - Standard,Diesel,Diesel,Non-electrified,44
2023,GARFIELD,9,Passenger - Standard,Gasoline,Gasoline,Non-electrified,1874
2023,GARFIELD,9,Passenger - Standard,Hybrid,Hybrid,Hybrid,43
2023,GARFIELD,9,Passenger - Standard,Compressed Natural Gas,Natural Gas,Non-electrified,5
2023,GARFIELD,9,Passenger - Standard,Plug-in Hybrid,PHEV,PHEV,5
2023,GRAND,10,Heavy Truck,Diesel,Diesel,Non-electrified,382
2023,GRAND,10,Heavy Truck,Gasoline,Gasoline,Non-electrified,99
2023,GRAND,10,Heavy Truck,Compressed Natural Gas,Natural Gas,Non-electrified,2
2023,GRAND,10,Light Truck,Electric,BEV,BEV,18
2023,GRAND,10,Light Truck,Diesel,Diesel,Non-electrified,1128
2023,GRAND,10,Light Truck,Gasoline,Gasoline,Non-electrified,7232
2023,GRAND,10,Light Truck,Hybrid,Hybrid,Hybrid,88
2023,GRAND,10,Light Truck,Compressed Natural Gas,Natural Gas,Non-electrified,8
2023,GRAND,10,Light Truck,Plug-in Hybrid,PHEV,PHEV,17
2023,GRAND,10,Motorcycle - Standard,Electric,BEV,BEV,4
2023,GRAND,10,Motorcycle - Standard,Gasoline,Gasoline,Non-electrified,694
2023,GRAND,10,Passenger - Standard,Electric,BEV,BEV,14
2023,GRAND,10,Passenger - Standard,Diesel,Diesel,Non-electrified,54
2023,GRAND,10,Passenger - Standard,Gasoline,Gasoline,Non-electrified,3478
2023,GRAND,10,Passenger - Standard,Hybrid,Hybrid,Hybrid,164
2023,GRAND,10,Passenger - Standard,Compressed Natural Gas,Natural Gas,Non-electrified,7
2023,GRAND,10,Passenger - Standard,Plug-in Hybrid,PHEV,PHEV,10
2023,IRON,11,Heavy Truck,Diesel,Diesel,Non-electrified,1735
2023,IRON,11,Heavy Truck,Gasoline,Gasoline,Non-electrified,398
2023,IRON,11,Heavy Truck,Compressed Natural Gas,Natural Gas,Non-electrified,4
2023,IRON,11,Heavy Truck,Propane,Propane/LPG,Non-electrified,13
2023,IRON,11,Light Truck,Electric,BEV,BEV,55
2023,IRON,11,Light Truck,Diesel,Diesel,Non-electrified,5630
2023,IRON,11,Light Truck,Gasoline,Gasoline,Non-electrified,27939
2023,IRON,11,Light Truck,Hybrid,Hybrid,Hybrid,305
2023,IRON,11,Light Truck,Compressed Natural Gas,Natural Gas,Non-electrified,68
2023,IRON,11,Light Truck,Plug-in Hybrid,PHEV,PHEV,52
2023,IRON,11,Light Truck,Propane,Propane/LPG,Non-electrified,1
2023,IRON,11,Motorcycle - Standard,Electric,BEV,BEV,3
2023,IRON,11,Motorcycle - Standard,Gasoline,Gasoline,Non-electrified,1701
2023,IRON,11,Motorcycle - Standard,Other,Other,Non-electrified,2
2023,IRON,11,Passenger - Standard,Electric,BEV,BEV,87
2023,IRON,11,Passenger - Standard,Diesel,Diesel,Non-electrified,374
2023,IRON,11,Passenger - Standard,Gasoline,Gasoline,Non-electrified,19302
2023,IRON,11,Passenger - Standard,Hybrid,Hybrid,Hybrid,657
2023,IRON,11,Passenger - Standard,Compressed Natural Gas,Natural Gas,Non-electrified,65
2023,IRON,11,Passenger - Standard,Liquefied Natural Gas,Natural Gas,Non-electrified,1
2023,IRON,11,Passenger - Standard,Plug-in Hybrid,PHEV,PHEV,65
2023,JUAB,12,Heavy Truck,Diesel,Diesel,Non-electrified,1371
2023,JUAB,12,Heavy Truck,Gasoline,Gasoline,Non-electrified,137
2023,JUAB,12,Heavy Truck,Compressed Natural Gas,Natural Gas,Non-electrified,3
2023,JUAB,12,Heavy Truck,Propane,Propane/LPG,Non-electrified,1
2023,JUAB,12,Light Truck,Electric,BEV,BEV,5
2023,JUAB,12,Light Truck,Diesel,Diesel,Non-electrified,2331
2023,JUAB,12,Light Truck,Gasoline,Gasoline,Non-electrified,6371
2023,JUAB,12,Light Truck,Hybrid,Hybrid,Hybrid,32
2023,JUAB,12,Light Truck,Compressed Natural Gas,Natural Gas,Non-electrified,25
2023,JUAB,12,Light Truck,Plug-in Hybrid,PHEV,PHEV,8
2023,JUAB,12,Motorcycle - Standard,Electric,BEV,BEV,3
2023,JUAB,12,Motorcycle - Standard,Gasoline,Gasoline,Non-electrified,401
2023,JUAB,12,Passenger - Standard,Electric,BEV,BEV,20
2023,JUAB,12,Passenger - Standard,Diesel,Diesel,Non-electrified,107
2023,JUAB,12,Passenger - Standard,Gasoline,Gasoline,Non-electrified,5507
2023,JUAB,12,Passenger - Standard,Hybrid,Hybrid,Hybrid,143
2023,JUAB,12,Passenger - Standard,Compressed Natural Gas,Natural Gas,Non-electrified,22
2023,JUAB,12,Passenger - Standard,Plug-in Hybrid,PHEV,PHEV,13
2023,KANE,13,Heavy Truck,Electric,BEV,BEV,1
2023,KANE,13,Heavy Truck,Diesel,Diesel,Non-electrified,407
2023,KANE,13,Heavy Truck,Gasoline,Gasoline,Non-electrified,107
2023,KANE,13,Heavy Truck,Propane,Propane/LPG,Non-electrified,3
2023,KANE,13,Light Truck,Electric,BEV,BEV,9
2023,KANE,13,Light Truck,Diesel,Diesel,Non-electrified,1265
2023,KANE,13,Light Truck,Gasoline,Gasoline,Non-electrified,5730
2023,KANE,13,Light Truck,Hybrid,Hybrid,Hybrid,51
2023,KANE,13,Light Truck,Compressed Natural Gas,Natural Gas,Non-electrified,4
2023,KANE,13,Light Truck,Plug-in Hybrid,PHEV,PHEV,10
2023,KANE,13,Light Truck,Propane,Propane/LPG,Non-electrified,1
2023,KANE,13,Motorcycle - Standard,Gasoline,Gasoline,Non-electrified,330
2023,KANE,13,Passenger - Standard,Electric,BEV,BEV,19
2023,KANE,13,Passenger - Standard,Diesel,Diesel,Non-electrified,79
2023,KANE,13,Passenger - Standard,Gasoline,Gasoline,Non-electrified,2715
2023,KANE,13,Passenger - Standard,Hybrid,Hybrid,Hybrid,92
2023,KANE,13,Passenger - Standard,Compressed Natural Gas,Natural Gas,Non-electrified,3
2023,KANE,13,Passenger - Standard,Plug-in Hybrid,PHEV,PHEV,8
2023,MILLARD,14,Heavy Truck,Diesel,Diesel,Non-electrified,839
2023,MILLARD,14,Heavy Truck,Gasoline,Gasoline,Non-electrified,109
2023,MILLARD,14,Light Truck,Electric,BEV,BEV,4
2023,MILLARD,14,Light Truck,Diesel,Diesel,Non-electrified,2249
2023,MILLARD,14,Light Truck,Gasoline,Gasoline,Non-electrified,7435
2023,MILLARD,14,Light Truck,Hybrid,Hybrid,Hybrid,41
2023,MILLARD,14,Light Truck,Compressed Natural Gas,Natural Gas,Non-electrified,15
2023,MILLARD,14,Light Truck,Plug-in Hybrid,PHEV,PHEV,9
2023,MILLARD,14,Motorcycle - Standard,Gasoline,Gasoline,Non-electrified,339
2023,MILLARD,14,Passenger - Standard,Electric,BEV,BEV,11
2023,MILLARD,14,Passenger - Standard,Diesel,Diesel,Non-electrified,105
2023,MILLARD,14,Passenger - Standard,Gasoline,Gasoline,Non-electrified,5821
2023,MILLARD,14,Passenger - Standard,Hybrid,Hybrid,Hybrid,106
2023,MILLARD,14,Passenger - Standard,Compressed Natural Gas,Natural Gas,Non-electrified,8
2023,MILLARD,14,Passenger - Standard,Plug-in Hybrid,PHEV,PHEV,13
2023,MORGAN,15,Heavy Truck,Diesel,Diesel,Non-electrified,599
2023,MORGAN,15,Heavy Truck,Gasoline,Gasoline,Non-electrified,118
2023,MORGAN,15,Heavy Truck,Compressed Natural Gas,Natural Gas,Non-electrified,3
2023,MORGAN,15,Light Truck,Electric,BEV,BEV,59
2023,MORGAN,15,Light Truck,Diesel,Diesel,Non-electrified,1927
2023,MORGAN,15,Light Truck,Gasoline,Gasoline,Non-electrified,6538
2023,MORGAN,15,Light Truck,Hybrid,Hybrid,Hybrid,130
2023,MORGAN,15,Light Truck,Compressed Natural Gas,Natural Gas,Non-electrified,12
2023,MORGAN,15,Light Truck,Plug-in Hybrid,PHEV,PHEV,24
2023,MORGAN,15,Motorcycle - Standard,Gasoline,Gasoline,Non-electrified,435
2023,MORGAN,15,Motorcycle - Standard,Other,Other,Non-electrified,1
2023,MORGAN,15,Passenger - Standard,Electric,BEV,BEV,58
2023,MORGAN,15,Passenger - Standard,Diesel,Diesel,Non-electrified,109
2023,MORGAN,15,Passenger - Standard,Gasoline,Gasoline,Non-electrified,4902
2023,MORGAN,15,Passenger - Standard,Hybrid,Hybrid,Hybrid,172
2023,MORGAN,15,Passenger - Standard,Compressed Natural Gas,Natural Gas,Non-electrified,16
2023,MORGAN,15,Passenger - Standard,Steam,Other,Non-electrified,1
2023,MORGAN,15,Passenger - Standard,Plug-in Hybrid,PHEV,PHEV,17
2023,PIUTE,16,Heavy Truck,Diesel,Diesel,Non-electrified,162
2023,PIUTE,16,Heavy Truck,Gasoline,Gasoline,Non-electrified,13
2023,PIUTE,16,Light Truck,Electric,BEV,BEV,1
2023,PIUTE,16,Light Truck,Diesel,Diesel,Non-electrified,394
2023,PIUTE,16,Light Truck,Gasoline,Gasoline,Non-electrified,1026
2023,PIUTE,16,Light Truck,Hybrid,Hybrid,Hybrid,4
2023,PIUTE,16,Light Truck,Compressed Natural Gas,Natural Gas,Non-electrified,2
2023,PIUTE,16,Light Truck,Plug-in Hybrid,PHEV,PHEV,1
2023,PIUTE,16,Motorcycle - Standard,Gasoline,Gasoline,Non-electrified,59
2023,PIUTE,16,Passenger - Standard,Diesel,Diesel,Non-electrified,11
2023,PIUTE,16,Passenger - Standard,Gasoline,Gasoline,Non-electrified,743
2023,PIUTE,16,Passenger - Standard,Hybrid,Hybrid,Hybrid,9
2023,PIUTE,16,Passenger - Standard,Compressed Natural Gas,Natural Gas,Non-electrified,7
2023,PIUTE,16,Passenger - Standard,Plug-in Hybrid,PHEV,PHEV,1
2023,RICH,17,Heavy Truck,Diesel,Diesel,Non-electrified,209
2023,RICH,17,Heavy Truck,Gasoline,Gasoline,Non-electrified,41
2023,RICH,17,Light Truck,Electric,BEV,BEV,1
2023,RICH,17,Light Truck,Diesel,Diesel,Non-electrified,712
2023,RICH,17,Light Truck,Gasoline,Gasoline,Non-electrified,1782
2023,RICH,17,Light Truck,Hybrid,Hybrid,Hybrid,15
2023,RICH,17,Light Truck,Compressed Natural Gas,Natural Gas,Non-electrified,4
2023,RICH,17,Light Truck,Plug-in Hybrid,PHEV,PHEV,1
2023,RICH,17,Motorcycle - Standard,Gasoline,Gasoline,Non-electrified,110
2023,RICH,17,Passenger - Standard,Electric,BEV,BEV,3
2023,RICH,17,Passenger - Standard,Diesel,Diesel,Non-electrified,17
2023,RICH,17,Passenger - Standard,Gasoline,Gasoline,Non-electrified,1133
2023,RICH,17,Passenger - Standard,Hybrid,Hybrid,Hybrid,23
2023,RICH,17,Passenger - Standard,Compressed Natural Gas,Natural Gas,Non-electrified,4
2023,RICH,17,Passenger - Standard,Other,Other,Non-electrified,1
2023,RICH,17,Passenger - Standard,Plug-in Hybrid,PHEV,PHEV,5
2023,SALT LAKE,18,Heavy Truck,Electric,BEV,BEV,26
2023,SALT LAKE,18,Heavy Truck,Diesel,Diesel,Non-electrified,23818
2023,SALT LAKE,18,Heavy Truck,Gasoline,Gasoline,Non-electrified,6168
2023,SALT LAKE,18,Heavy Truck,Hybrid,Hybrid,Hybrid,8
2023,SALT LAKE,18,Heavy Truck,Compressed Natural Gas,Natural Gas,Non-electrified,717
2023,SALT LAKE,18,Heavy Truck,Other,Other,Non-electrified,2
2023,SALT LAKE,18,Heavy Truck,Propane,Propane/LPG,Non-electrified,8
2023,SALT LAKE,18,Light Truck,Electric,BEV,BEV,4506
2023,SALT LAKE,18,Light Truck,Diesel,Diesel,Non-electrified,43103
2023,SALT LAKE,18,Light Truck,Gasoline,Gasoline,Non-electrified,448305
2023,SALT LAKE,18,Light Truck,Hybrid,Hybrid,Hybrid,10677
2023,SALT LAKE,18,Light Truck,Compressed Natural Gas,Natural Gas,Non-electrified,523
2023,SALT LAKE,18,Light Truck,Plug-in Hybrid,PHEV,PHEV,1816
2023,SALT LAKE,18,Light Truck,Propane,Propane/LPG,Non-electrified,5
2023,SALT LAKE,18,Motorcycle - Standard,Electric,BEV,BEV,110
2023,SALT LAKE,18,Motorcycle - Standard,Gasoline,Gasoline,Non-electrified,27528
2023,SALT LAKE,18,Motorcycle - Standard,Hybrid,Hybrid,Hybrid,1
2023,SALT LAKE,18,Motorcycle - Standard,Other,Other,Non-electrified,5
2023,SALT LAKE,18,Passenger - Standard,Electric,BEV,BEV,6571
2023,SALT LAKE,18,Passenger - Standard,Diesel,Diesel,Non-electrified,2434
2023,SALT LAKE,18,Passenger - Standard,Gasoline,Gasoline,Non-electrified,389046
2023,SALT LAKE,18,Passenger - Standard,Hybrid,Hybrid,Hybrid,14190
2023,SALT LAKE,18,Passenger - Standard,Compressed Natural Gas,Natural Gas,Non-electrified,596
2023,SALT LAKE,18,Passenger - Standard,Liquefied Natural Gas,Natural Gas,Non-electrified,1
2023,SALT LAKE,18,Passenger - Standard,Other,Other,Non-electrified,4
2023,SALT LAKE,18,Passenger - Standard,Plug-in Hybrid,PHEV,PHEV,1859
2023,SALT LAKE,18,Passenger - Standard,Propane,Propane/LPG,Non-electrified,1
2023,SAN JUAN,19,Heavy Truck,Diesel,Diesel,Non-electrified,459
2023,SAN JUAN,19,Heavy Truck,Gasoline,Gasoline,Non-electrified,51
2023,SAN JUAN,19,Light Truck,Electric,BEV,BEV,3
2023,SAN JUAN,19,Light Truck,Diesel,Diesel,Non-electrified,1203
2023,SAN JUAN,19,Light Truck,Gasoline,Gasoline,Non-electrified,6075
2023,SAN JUAN,19,Light Truck,Hybrid,Hybrid,Hybrid,46
2023,SAN JUAN,19,Light Truck,Compressed Natural Gas,Natural Gas,Non-electrified,4
2023,SAN JUAN,19,Light Truck,Plug-in Hybrid,PHEV,PHEV,5
2023,SAN JUAN,19,Motorcycle - Standard,Gasoline,Gasoline,Non-electrified,308
2023,SAN JUAN,19,Passenger - Standard,Electric,BEV,BEV,7
2023,SAN JUAN,19,Passenger - Standard,Diesel,Diesel,Non-electrified,35
2023,SAN JUAN,19,Passenger - Standard,Gasoline,Gasoline,Non-electrified,3158
2023,SAN JUAN,19,Passenger - Standard,Hybrid,Hybrid,Hybrid,84
2023,SAN JUAN,19,Passenger - Standard,Compressed Natural Gas,Natural Gas,Non-electrified,1
2023,SAN JUAN,19,Passenger - Standard,Plug-in Hybrid,PHEV,PHEV,13
2023,SANPETE,20,Heavy Truck,Diesel,Diesel,Non-electrified,1201
2023,SANPETE,20,Heavy Truck,Gasoline,Gasoline,Non-electrified,242
2023,SANPETE,20,Heavy Truck,Compressed Natural Gas,Natural Gas,Non-electrified,3
2023,SANPETE,20,Light Truck,Electric,BEV,BEV,14
2023,SANPETE,20,Light Truck,Diesel,Diesel,Non-electrified,4107
2023,SANPETE,20,Light Truck,Gasoline,Gasoline,Non-electrified,15171
2023,SANPETE,20,Light Truck,Hybrid,Hybrid,Hybrid,103
2023,SANPETE,20,Light Truck,Compressed Natural Gas,Natural Gas,Non-electrified,35
2023,SANPETE,20,Light Truck,Liquefied Natural Gas,Natural Gas,Non-electrified,1
2023,SANPETE,20,Light Truck,Alcohol,Other,Non-electrified,1
2023,SANPETE,20,Light Truck,Plug-in Hybrid,PHEV,PHEV,7
2023,SANPETE,20,Motorcycle - Standard,Electric,BEV,BEV,2
2023,SANPETE,20,Motorcycle - Standard,Gasoline,Gasoline,Non-electrified,743
2023,SANPETE,20,Passenger - Standard,Electric,BEV,BEV,39
2023,SANPETE,20,Passenger - Standard,Diesel,Diesel,Non-electrified,189
2023,SANPETE,20,Passenger - Standard,Gasoline,Gasoline,Non-electrified,11849
2023,SANPETE,20,Passenger - Standard,Hybrid,Hybrid,Hybrid,247
2023,SANPETE,20,Passenger - Standard,Compressed Natural Gas,Natural Gas,Non-electrified,38
2023,SANPETE,20,Passenger - Standard,Plug-in Hybrid,PHEV,PHEV,35
2023,SEVIER,21,Heavy Truck,Diesel,Diesel,Non-electrified,1863
2023,SEVIER,21,Heavy Truck,Gasoline,Gasoline,Non-electrified,193
2023,SEVIER,21,Heavy Truck,Compressed Natural Gas,Natural Gas,Non-electrified,6
2023,SEVIER,21,Light Truck,Electric,BEV,BEV,8
2023,SEVIER,21,Light Truck,Diesel,Diesel,Non-electrified,3343
2023,SEVIER,21,Light Truck,Gasoline,Gasoline,Non-electrified,11778
2023,SEVIER,21,Light Truck,Hybrid,Hybrid,Hybrid,68
2023,SEVIER,21,Light Truck,Compressed Natural Gas,Natural Gas,Non-electrified,36
2023,SEVIER,21,Light Truck,Plug-in Hybrid,PHEV,PHEV,13
2023,SEVIER,21,Motorcycle - Standard,Gasoline,Gasoline,Non-electrified,677
2023,SEVIER,21,Passenger - Standard,Electric,BEV,BEV,9
2023,SEVIER,21,Passenger - Standard,Diesel,Diesel,Non-electrified,91
2023,SEVIER,21,Passenger - Standard,Gasoline,Gasoline,Non-electrified,8474
2023,SEVIER,21,Passenger - Standard,Hybrid,Hybrid,Hybrid,141
2023,SEVIER,21,Passenger - Standard,Compressed Natural Gas,Natural Gas,Non-electrified,42
2023,SEVIER,21,Passenger - Standard,Plug-in Hybrid,PHEV,PHEV,16
2023,SUMMIT,22,Heavy Truck,Electric,BEV,BEV,13
2023,SUMMIT,22,Heavy Truck,Diesel,Diesel,Non-electrified,1481
2023,SUMMIT,22,Heavy Truck,Gasoline,Gasoline,Non-electrified,319
2023,SUMMIT,22,Heavy Truck,Hybrid,Hybrid,Hybrid,2
2023,SUMMIT,22,Heavy Truck,Compressed Natural Gas,Natural Gas,Non-electrified,12
2023,SUMMIT,22,Heavy Truck,Propane,Propane/LPG,Non-electrified,2
2023,SUMMIT,22,Light Truck,Electric,BEV,BEV,742
2023,SUMMIT,22,Light Truck,Diesel,Diesel,Non-electrified,4660
2023,SUMMIT,22,Light Truck,Gasoline,Gasoline,Non-electrified,31989
2023,SUMMIT,22,Light Truck,Hybrid,Hybrid,Hybrid,867
2023,SUMMIT,22,Light Truck,Compressed Natural Gas,Natural Gas,Non-electrified,34
2023,SUMMIT,22,Light Truck,Plug-in Hybrid,PHEV,PHEV,294
2023,SUMMIT,22,Motorcycle - Standard,Electric,BEV,BEV,15
2023,SUMMIT,22,Motorcycle - Standard,Gasoline,Gasoline,Non-electrified,2014
2023,SUMMIT,22,Passenger - Standard,Electric,BEV,BEV,526
2023,SUMMIT,22,Passenger - Standard,Diesel,Diesel,Non-electrified,286
2023,SUMMIT,22,Passenger - Standard,Gasoline,Gasoline,Non-electrified,15550
2023,SUMMIT,22,Passenger - Standard,Hybrid,Hybrid,Hybrid,362
2023,SUMMIT,22,Passenger - Standard,Compressed Natural Gas,Natural Gas,Non-electrified,32
2023,SUMMIT,22,Passenger - Standard,Plug-in Hybrid,PHEV,PHEV,94
2023,TOOELE,23,Heavy Truck,Diesel,Diesel,Non-electrified,1641
2023,TOOELE,23,Heavy Truck,Gasoline,Gasoline,Non-electrified,465
2023,TOOELE,23,Heavy Truck,Compressed Natural Gas,Natural Gas,Non-electrified,1
2023,TOOELE,23,Heavy Truck,Propane,Propane/LPG,Non-electrified,1
2023,TOOELE,23,Light Truck,Electric,BEV,BEV,86
2023,TOOELE,23,Light Truck,Diesel,Diesel,Non-electrified,7055
2023,TOOELE,23,Light Truck,Gasoline,Gasoline,Non-electrified,32185
2023,TOOELE,23,Light Truck,Hybrid,Hybrid,Hybrid,311
2023,TOOELE,23,Light Truck,Hydrogen,Hydrogen,Non-electrified,1
2023,TOOELE,23,Light Truck,Compressed Natural Gas,Natural Gas,Non-electrified,71
2023,TOOELE,23,Light Truck,Plug-in Hybrid,PHEV,PHEV,55
2023,TOOELE,23,Light Truck,Propane,Propane/LPG,Non-electrified,1
2023,TOOELE,23,Motorcycle - Standard,Gasoline,Gasoline,Non-electrified,2565
2023,TOOELE,23,Motorcycle - Standard,Other,Other,Non-electrified,1
2023,TOOELE,23,Passenger - Standard,Electric,BEV,BEV,195
2023,TOOELE,23,Passenger - Standard,Diesel,Diesel,Non-electrified,408
2023,TOOELE,23,Passenger - Standard,Gasoline,Gasoline,Non-electrified,32642
2023,TOOELE,23,Passenger - Standard,Hybrid,Hybrid,Hybrid,835
2023,TOOELE,23,Passenger - Standard,Compressed Natural Gas,Natural Gas,Non-electrified,50
2023,TOOELE,23,Passenger - Standard,Liquefied Natural Gas,Natural Gas,Non-electrified,1
2023,TOOELE,23,Passenger - Standard,Plug-in Hybrid,PHEV,PHEV,126
2023,UINTAH,24,Heavy Truck,Diesel,Diesel,Non-electrified,2698
2023,UINTAH,24,Heavy Truck,Gasoline,Gasoline,Non-electrified,440
2023,UINTAH,24,Heavy Truck,Compressed Natural Gas,Natural Gas,Non-electrified,3
2023,UINTAH,24,Heavy Truck,Propane,Propane/LPG,Non-electrified,27
2023,UINTAH,24,Light Truck,Electric,BEV,BEV,9
2023,UINTAH,24,Light Truck,Diesel,Diesel,Non-electrified,4578
2023,UINTAH,24,Light Truck,Gasoline,Gasoline,Non-electrified,18647
2023,UINTAH,24,Light Truck,Hybrid,Hybrid,Hybrid,108
2023,UINTAH,24,Light Truck,Compressed Natural Gas,Natural Gas,Non-electrified,21
2023,UINTAH,24,Light Truck,Plug-in Hybrid,PHEV,PHEV,11
2023,UINTAH,24,Light Truck,Propane,Propane/LPG,Non-electrified,1
2023,UINTAH,24,Motorcycle - Standard,Electric,BEV,BEV,1
2023,UINTAH,24,Motorcycle - Standard,Gasoline,Gasoline,Non-electrified,1282
2023,UINTAH,24,Passenger - Standard,Electric,BEV,BEV,30
2023,UINTAH,24,Passenger - Standard,Diesel,Diesel,Non-electrified,150
2023,UINTAH,24,Passenger - Standard,Gasoline,Gasoline,Non-electrified,10359
2023,UINTAH,24,Passenger - Standard,Hybrid,Hybrid,Hybrid,138
2023,UINTAH,24,Passenger - Standard,Compressed Natural Gas,Natural Gas,Non-electrified,15
2023,UINTAH,24,Passenger - Standard,Plug-in Hybrid,PHEV,PHEV,11
2023,UTAH,25,Heavy Truck,Electric,BEV,BEV,4
2023,UTAH,25,Heavy Truck,Diesel,Diesel,Non-electrified,11015
2023,UTAH,25,Heavy Truck,Gasoline,Gasoline,Non-electrified,2541
2023,UTAH,25,Heavy Truck,Compressed Natural Gas,Natural Gas,Non-electrified,83
2023,UTAH,25,Heavy Truck,Propane,Propane/LPG,Non-electrified,17
2023,UTAH,25,Light Truck,Electric,BEV,BEV,2287
2023,UTAH,25,Light Truck,Diesel,Diesel,Non-electrified,21510
2023,UTAH,25,Light Truck,Gasoline,Gasoline,Non-electrified,220394
2023,UTAH,25,Light Truck,Hybrid,Hybrid,Hybrid,4906
2023,UTAH,25,Light Truck,Compressed Natural Gas,Natural Gas,Non-electrified,300
2023,UTAH,25,Light Truck,Other,Other,Non-electrified,1
2023,UTAH,25,Light Truck,Plug-in Hybrid,PHEV,PHEV,702
2023,UTAH,25,Light Truck,Propane,Propane/LPG,Non-electrified,6
2023,UTAH,25,Motorcycle - Standard,Electric,BEV,BEV,74
2023,UTAH,25,Motorcycle - Standard,Gasoline,Gasoline,Non-electrified,15018
2023,UTAH,25,Motorcycle - Standard,Other,Other,Non-electrified,4
2023,UTAH,25,Passenger - Standard,Electric,BEV,BEV,3236
2023,UTAH,25,Passenger - Standard,Diesel,Diesel,Non-electrified,1691
2023,UTAH,25,Passenger - Standard,Gasoline,Gasoline,Non-electrified,195812
2023,UTAH,25,Passenger - Standard,Hybrid,Hybrid,Hybrid,7787
2023,UTAH,25,Passenger - Standard,Compressed Natural Gas,Natural Gas,Non-electrified,450
2023,UTAH,25,Passenger - Standard,Liquefied Natural Gas,Natural Gas,Non-electrified,2
2023,UTAH,25,Passenger - Standard,Other,Other,Non-electrified,2
2023,UTAH,25,Passenger - Standard,Plug-in Hybrid,PHEV,PHEV,1124
2023,UTAH,25,Passenger - Standard,Propane,Propane/LPG,Non-electrified,1
2023,WASATCH,26,Heavy Truck,Diesel,Diesel,Non-electrified,1068
2023,WASATCH,26,Heavy Truck,Gasoline,Gasoline,Non-electrified,217
2023,WASATCH,26,Heavy Truck,Compressed Natural Gas,Natural Gas,Non-electrified,3
2023,WASATCH,26,Heavy Truck,Propane,Propane/LPG,Non-electrified,1
2023,WASATCH,26,Light Truck,Electric,BEV,BEV,239
2023,WASATCH,26,Light Truck,Diesel,Diesel,Non-electrified,3533
2023,WASATCH,26,Light Truck,Gasoline,Gasoline,Non-electrified,21046
2023,WASATCH,26,Light Truck,Hybrid,Hybrid,Hybrid,413
2023,WASATCH,26,Light Truck,Compressed Natural Gas,Natural Gas,Non-electrified,25
2023,WASATCH,26,Light Truck,Plug-in Hybrid,PHEV,PHEV,95
2023,WASATCH,26,Motorcycle - Standard,Electric,BEV,BEV,100
2023,WASATCH,26,Motorcycle - Standard,Gasoline,Gasoline,Non-electrified,1487
2023,WASATCH,26,Motorcycle - Standard,Other,Other,Non-electrified,2
2023,WASATCH,26,Passenger - Standard,Electric,BEV,BEV,194
2023,WASATCH,26,Passenger - Standard,Diesel,Diesel,Non-electrified,258
2023,WASATCH,26,Passenger - Standard,Gasoline,Gasoline,Non-electrified,11947
2023,WASATCH,26,Passenger - Standard,Hybrid,Hybrid,Hybrid,302
2023,WASATCH,26,Passenger - Standard,Compressed Natural Gas,Natural Gas,Non-electrified,32
2023,WASATCH,26,Passenger - Standard,Liquefied Natural Gas,Natural Gas,Non-electrified,1
2023,WASATCH,26,Passenger - Standard,Plug-in Hybrid,PHEV,PHEV,43
2023,WASHINGTON,27,Heavy Truck,Diesel,Diesel,Non-electrified,6569
2023,WASHINGTON,27,Heavy Truck,Gasoline,Gasoline,Non-electrified,1597
2023,WASHINGTON,27,Heavy Truck,Hybrid,Hybrid,Hybrid,1
2023,WASHINGTON,27,Heavy Truck,Compressed Natural Gas,Natural Gas,Non-electrified,25
2023,WASHINGTON,27,Heavy Truck,Propane,Propane/LPG,Non-electrified,26
2023,WASHINGTON,27,Light Truck,Electric,BEV,BEV,537
2023,WASHINGTON,27,Light Truck,Diesel,Diesel,Non-electrified,15010
2023,WASHINGTON,27,Light Truck,Gasoline,Gasoline,Non-electrified,90558
2023,WASHINGTON,27,Light Truck,Hybrid,Hybrid,Hybrid,1887
2023,WASHINGTON,27,Light Truck,Compressed Natural Gas,Natural Gas,Non-electrified,181
2023,WASHINGTON,27,Light Truck,Other,Other,Non-electrified,1
2023,WASHINGTON,27,Light Truck,Plug-in Hybrid,PHEV,PHEV,257
2023,WASHINGTON,27,Light Truck,Propane,Propane/LPG,Non-electrified,1
2023,WASHINGTON,27,Motorcycle - Standard,Electric,BEV,BEV,16
2023,WASHINGTON,27,Motorcycle - Standard,Gasoline,Gasoline,Non-electrified,6935
2023,WASHINGTON,27,Motorcycle - Standard,Other,Other,Non-electrified,6
2023,WASHINGTON,27,Passenger - Standard,Electric,BEV,BEV,800
2023,WASHINGTON,27,Passenger - Standard,Diesel,Diesel,Non-electrified,1221
2023,WASHINGTON,27,Passenger - Standard,Gasoline,Gasoline,Non-electrified,69168
2023,WASHINGTON,27,Passenger - Standard,Hybrid,Hybrid,Hybrid,3343
2023,WASHINGTON,27,Passenger - Standard,Hydrogen,Hydrogen,Non-electrified,1
2023,WASHINGTON,27,Passenger - Standard,Compressed Natural Gas,Natural Gas,Non-electrified,230
2023,WASHINGTON,27,Passenger - Standard,Other,Other,Non-electrified,1
2023,WASHINGTON,27,Passenger - Standard,Plug-in Hybrid,PHEV,PHEV,325
2023,WAYNE,28,Heavy Truck,Diesel,Diesel,Non-electrified,294
2023,WAYNE,28,Heavy Truck,Gasoline,Gasoline,Non-electrified,30
2023,WAYNE,28,Heavy Truck,Propane,Propane/LPG,Non-electrified,1
2023,WAYNE,28,Light Truck,Electric,BEV,BEV,1
2023,WAYNE,28,Light Truck,Diesel,Diesel,Non-electrified,768
2023,WAYNE,28,Light Truck,Gasoline,Gasoline,Non-electrified,2008
2023,WAYNE,28,Light Truck,Hybrid,Hybrid,Hybrid,18
2023,WAYNE,28,Light Truck,Compressed Natural Gas,Natural Gas,Non-electrified,5
2023,WAYNE,28,Light Truck,Plug-in Hybrid,PHEV,PHEV,1
2023,WAYNE,28,Motorcycle - Standard,Gasoline,Gasoline,Non-electrified,107
2023,WAYNE,28,Motorcycle - Standard,Other,Other,Non-electrified,1
2023,WAYNE,28,Passenger - Standard,Electric,BEV,BEV,5
2023,WAYNE,28,Passenger - Standard,Diesel,Diesel,Non-electrified,39
2023,WAYNE,28,Passenger - Standard,Gasoline,Gasoline,Non-electrified,1132
2023,WAYNE,28,Passenger - Standard,Hybrid,Hybrid,Hybrid,34
2023,WAYNE,28,Passenger - Standard,Compressed Natural Gas,Natural Gas,Non-electrified,3
2023,WAYNE,28,Passenger - Standard,Plug-in Hybrid,PHEV,PHEV,2
2023,WEBER,29,Heavy Truck,Electric,BEV,BEV,2
2023,WEBER,29,Heavy Truck,Diesel,Diesel,Non-electrified,5869
2023,WEBER,29,Heavy Truck,Gasoline,Gasoline,Non-electrified,1254
2023,WEBER,29,Heavy Truck,Compressed Natural Gas,Natural Gas,Non-electrified,31
2023,WEBER,29,Heavy Truck,Other,Other,Non-electrified,1
2023,WEBER,29,Heavy Truck,Propane,Propane/LPG,Non-electrified,2
2023,WEBER,29,Light Truck,Electric,BEV,BEV,466
2023,WEBER,29,Light Truck,Diesel,Diesel,Non-electrified,13720
2023,WEBER,29,Light Truck,Gasoline,Gasoline,Non-electrified,96838
2023,WEBER,29,Light Truck,Hybrid,Hybrid,Hybrid,1689
2023,WEBER,29,Light Truck,Compressed Natural Gas,Natural Gas,Non-electrified,112
2023,WEBER,29,Light Truck,Plug-in Hybrid,PHEV,PHEV,196
2023,WEBER,29,Light Truck,Propane,Propane/LPG,Non-electrified,1
2023,WEBER,29,Motorcycle - Standard,Electric,BEV,BEV,17
2023,WEBER,29,Motorcycle - Standard,Gasoline,Gasoline,Non-electrified,8256
2023,WEBER,29,Motorcycle - Standard,Other,Other,Non-electrified,3
2023,WEBER,29,Passenger - Standard,Electric,BEV,BEV,717
2023,WEBER,29,Passenger - Standard,Diesel,Diesel,Non-electrified,773
2023,WEBER,29,Passenger - Standard,Gasoline,Gasoline,Non-electrified,87080
2023,WEBER,29,Passenger - Standard,Hybrid,Hybrid,Hybrid,2342
2023,WEBER,29,Passenger - Standard,Compressed Natural Gas,Natural Gas,Non-electrified,160
2023,WEBER,29,Passenger - Standard,Liquefied Natural Gas,Natural Gas,Non-electrified,1
2023,WEBER,29,Passenger - Standard,Other,Other,Non-electrified,3
2023,WEBER,29,Passenger - Standard,Plug-in Hybrid,PHEV,PHEV,308
2023,WEBER,29,Passenger - Standard,Butane,Propane/LPG,Non-electrified,1
2024,BEAVER,1,Heavy Truck,Diesel,Diesel,Non-electrified,434
2024,BEAVER,1,Heavy Truck,Gasoline,Gasoline,Non-electrified,59
2024,BEAVER,1,Heavy Truck,Compressed Natural Gas,Natural Gas,Non-electrified,1
2024,BEAVER,1,Heavy Truck,Propane,Propane/LPG,Non-electrified,1
2024,BEAVER,1,Light Truck,Electric,BEV,BEV,2
2024,BEAVER,1,Light Truck,Diesel,Diesel,Non-electrified,1286
2024,BEAVER,1,Light Truck,Gasoline,Gasoline,Non-electrified,4482
2024,BEAVER,1,Light Truck,Hybrid,Hybrid,Hybrid,36
2024,BEAVER,1,Light Truck,Compressed Natural Gas,Natural Gas,Non-electrified,9
2024,BEAVER,1,Light Truck,Plug-in Hybrid,PHEV,PHEV,3
2024,BEAVER,1,Motorcycle - Standard,Electric,BEV,BEV,1
2024,BEAVER,1,Motorcycle - Standard,Gasoline,Gasoline,Non-electrified,154
2024,BEAVER,1,Passenger - Standard,Electric,BEV,BEV,5
2024,BEAVER,1,Passenger - Standard,Diesel,Diesel,Non-electrified,40
2024,BEAVER,1,Passenger - Standard,Gasoline,Gasoline,Non-electrified,2616
2024,BEAVER,1,Passenger - Standard,Hybrid,Hybrid,Hybrid,78
2024,BEAVER,1,Passenger - Standard,Compressed Natural Gas,Natural Gas,Non-electrified,1
2024,BEAVER,1,Passenger - Standard,Plug-in Hybrid,PHEV,PHEV,5
2024,BOX ELDER,2,Heavy Truck,Diesel,Diesel,Non-electrified,2752
2024,BOX ELDER,2,Heavy Truck,Gasoline,Gasoline,Non-electrified,491
2024,BOX ELDER,2,Heavy Truck,Compressed Natural Gas,Natural Gas,Non-electrified,1
2024,BOX ELDER,2,Light Truck,Electric,BEV,BEV,94
2024,BOX ELDER,2,Light Truck,Diesel,Diesel,Non-electrified,7749
2024,BOX ELDER,2,Light Truck,Gasoline,Gasoline,Non-electrified,28741
2024,BOX ELDER,2,Light Truck,Hybrid,Hybrid,Hybrid,435
2024,BOX ELDER,2,Light Truck,Compressed Natural Gas,Natural Gas,Non-electrified,58
2024,BOX ELDER,2,Light Truck,Plug-in Hybrid,PHEV,PHEV,39
2024,BOX ELDER,2,Light Truck,Propane,Propane/LPG,Non-electrified,2
2024,BOX ELDER,2,Motorcycle - Standard,Electric,BEV,BEV,3
2024,BOX ELDER,2,Motorcycle - Standard,Gasoline,Gasoline,Non-electrified,2149
2024,BOX ELDER,2,Motorcycle - Standard,Other,Other,Non-electrified,1
2024,BOX ELDER,2,Passenger - Standard,Electric,BEV,BEV,141
2024,BOX ELDER,2,Passenger - Standard,Diesel,Diesel,Non-electrified,424
2024,BOX ELDER,2,Passenger - Standard,Gasoline,Gasoline,Non-electrified,24631
2024,BOX ELDER,2,Passenger - Standard,Hybrid,Hybrid,Hybrid,684
2024,BOX ELDER,2,Passenger - Standard,Compressed Natural Gas,Natural Gas,Non-electrified,94
2024,BOX ELDER,2,Passenger - Standard,Plug-in Hybrid,PHEV,PHEV,124
2024,CACHE,3,Heavy Truck,Electric,BEV,BEV,1
2024,CACHE,3,Heavy Truck,Diesel,Diesel,Non-electrified,3204
2024,CACHE,3,Heavy Truck,Gasoline,Gasoline,Non-electrified,756
2024,CACHE,3,Heavy Truck,Compressed Natural Gas,Natural Gas,Non-electrified,15
2024,CACHE,3,Heavy Truck,Propane,Propane/LPG,Non-electrified,15
2024,CACHE,3,Light Truck,Electric,BEV,BEV,369
2024,CACHE,3,Light Truck,Diesel,Diesel,Non-electrified,6066
2024,CACHE,3,Light Truck,Gasoline,Gasoline,Non-electrified,53441
2024,CACHE,3,Light Truck,Hybrid,Hybrid,Hybrid,1443
2024,CACHE,3,Light Truck,Compressed Natural Gas,Natural Gas,Non-electrified,46
2024,CACHE,3,Light Truck,Plug-in Hybrid,PHEV,PHEV,156
2024,CACHE,3,Motorcycle - Standard,Electric,BEV,BEV,23
2024,CACHE,3,Motorcycle - Standard,Gasoline,Gasoline,Non-electrified,4093
2024,CACHE,3,Motorcycle - Standard,Hybrid,Hybrid,Hybrid,1
2024,CACHE,3,Motorcycle - Standard,Other,Other,Non-electrified,1
2024,CACHE,3,Passenger - Standard,Electric,BEV,BEV,382
2024,CACHE,3,Passenger - Standard,Diesel,Diesel,Non-electrified,416
2024,CACHE,3,Passenger - Standard,Gasoline,Gasoline,Non-electrified,38534
2024,CACHE,3,Passenger - Standard,Hybrid,Hybrid,Hybrid,1453
2024,CACHE,3,Passenger - Standard,Compressed Natural Gas,Natural Gas,Non-electrified,91
2024,CACHE,3,Passenger - Standard,Plug-in Hybrid,PHEV,PHEV,216
2024,CARBON,4,Heavy Truck,Diesel,Diesel,Non-electrified,779
2024,CARBON,4,Heavy Truck,Gasoline,Gasoline,Non-electrified,199
2024,CARBON,4,Heavy Truck,Propane,Propane/LPG,Non-electrified,1
2024,CARBON,4,Light Truck,Electric,BEV,BEV,16
2024,CARBON,4,Light Truck,Diesel,Diesel,Non-electrified,2523
2024,CARBON,4,Light Truck,Gasoline,Gasoline,Non-electrified,11474
2024,CARBON,4,Light Truck,Hybrid,Hybrid,Hybrid,83
2024,CARBON,4,Light Truck,Compressed Natural Gas,Natural Gas,Non-electrified,22
2024,CARBON,4,Light Truck,Plug-in Hybrid,PHEV,PHEV,10
2024,CARBON,4,Motorcycle - Standard,Gasoline,Gasoline,Non-electrified,703
2024,CARBON,4,Passenger - Standard,Electric,BEV,BEV,19
2024,CARBON,4,Passenger - Standard,Diesel,Diesel,Non-electrified,97
2024,CARBON,4,Passenger - Standard,Gasoline,Gasoline,Non-electrified,8440
2024,CARBON,4,Passenger - Standard,Hybrid,Hybrid,Hybrid,149
2024,CARBON,4,Passenger - Standard,Compressed Natural Gas,Natural Gas,Non-electrified,18
2024,CARBON,4,Passenger - Standard,Plug-in Hybrid,PHEV,PHEV,17
2024,DAGGETT,5,Heavy Truck,Diesel,Diesel,Non-electrified,93
2024,DAGGETT,5,Heavy Truck,Gasoline,Gasoline,Non-electrified,29
2024,DAGGETT,5,Light Truck,Electric,BEV,BEV,1
2024,DAGGETT,5,Light Truck,Diesel,Diesel,Non-electrified,442
2024,DAGGETT,5,Light Truck,Gasoline,Gasoline,Non-electrified,1050
2024,DAGGETT,5,Light Truck,Hybrid,Hybrid,Hybrid,12
2024,DAGGETT,5,Light Truck,Compressed Natural Gas,Natural Gas,Non-electrified,4
2024,DAGGETT,5,Motorcycle - Standard,Gasoline,Gasoline,Non-electrified,54
2024,DAGGETT,5,Passenger - Standard,Diesel,Diesel,Non-electrified,6
2024,DAGGETT,5,Passenger - Standard,Gasoline,Gasoline,Non-electrified,547
2024,DAGGETT,5,Passenger - Standard,Hybrid,Hybrid,Hybrid,5
2024,DAGGETT,5,Passenger - Standard,Plug-in Hybrid,PHEV,PHEV,1
2024,DAVIS,6,Heavy Truck,Diesel,Diesel,Non-electrified,4422
2024,DAVIS,6,Heavy Truck,Gasoline,Gasoline,Non-electrified,1422
2024,DAVIS,6,Heavy Truck,Compressed Natural Gas,Natural Gas,Non-electrified,8
2024,DAVIS,6,Light Truck,Electric,BEV,BEV,1993
2024,DAVIS,6,Light Truck,Diesel,Diesel,Non-electrified,12212
2024,DAVIS,6,Light Truck,Gasoline,Gasoline,Non-electrified,135617
2024,DAVIS,6,Light Truck,Hybrid,Hybrid,Hybrid,4147
2024,DAVIS,6,Light Truck,Compressed Natural Gas,Natural Gas,Non-electrified,120
2024,DAVIS,6,Light Truck,Plug-in Hybrid,PHEV,PHEV,664
2024,DAVIS,6,Light Truck,Propane,Propane/LPG,Non-electrified,1
2024,DAVIS,6,Motorcycle - Standard,Electric,BEV,BEV,32
2024,DAVIS,6,Motorcycle - Standard,Gasoline,Gasoline,Non-electrified,10281
2024,DAVIS,6,Motorcycle - Standard,Other,Other,Non-electrified,2
2024,DAVIS,6,Passenger - Standard,Electric,BEV,BEV,2113
2024,DAVIS,6,Passenger - Standard,Diesel,Diesel,Non-electrified,980
2024,DAVIS,6,Passenger - Standard,Gasoline,Gasoline,Non-electrified,111687
2024,DAVIS,6,Passenger - Standard,Hybrid,Hybrid,Hybrid,4434
2024,DAVIS,6,Passenger - Standard,Compressed Natural Gas,Natural Gas,Non-electrified,257
2024,DAVIS,6,Passenger - Standard,Liquefied Natural Gas,Natural Gas,Non-electrified,2
2024,DAVIS,6,Passenger - Standard,Other,Other,Non-electrified,3
2024,DAVIS,6,Passenger - Standard,Plug-in Hybrid,PHEV,PHEV,618
2024,DAVIS,6,Passenger - Standard,Butane,Propane/LPG,Non-electrified,1
2024,DAVIS,6,Passenger - Standard,Propane,Propane/LPG,Non-electrified,1
2024,DUCHESNE,7,Heavy Truck,Diesel,Diesel,Non-electrified,2420
2024,DUCHESNE,7,Heavy Truck,Gasoline,Gasoline,Non-electrified,228
2024,DUCHESNE,7,Heavy Truck,Compressed Natural Gas,Natural Gas,Non-electrified,1
2024,DUCHESNE,7,Heavy Truck,Propane,Propane/LPG,Non-electrified,9
2024,DUCHESNE,7,Light Truck,Electric,BEV,BEV,11
2024,DUCHESNE,7,Light Truck,Diesel,Diesel,Non-electrified,4182
2024,DUCHESNE,7,Light Truck,Gasoline,Gasoline,Non-electrified,13860
2024,DUCHESNE,7,Light Truck,Hybrid,Hybrid,Hybrid,97
2024,DUCHESNE,7,Light Truck,Compressed Natural Gas,Natural Gas,Non-electrified,19
2024,DUCHESNE,7,Light Truck,Plug-in Hybrid,PHEV,PHEV,16
2024,DUCHESNE,7,Motorcycle - Standard,Gasoline,Gasoline,Non-electrified,700
2024,DUCHESNE,7,Passenger - Standard,Electric,BEV,BEV,12
2024,DUCHESNE,7,Passenger - Standard,Diesel,Diesel,Non-electrified,83
2024,DUCHESNE,7,Passenger - Standard,Gasoline,Gasoline,Non-electrified,6861
2024,DUCHESNE,7,Passenger - Standard,Hybrid,Hybrid,Hybrid,91
2024,DUCHESNE,7,Passenger - Standard,Compressed Natural Gas,Natural Gas,Non-electrified,7
2024,DUCHESNE,7,Passenger - Standard,Plug-in Hybrid,PHEV,PHEV,16
2024,EMERY,8,Heavy Truck,Diesel,Diesel,Non-electrified,612
2024,EMERY,8,Heavy Truck,Gasoline,Gasoline,Non-electrified,87
2024,EMERY,8,Light Truck,Electric,BEV,BEV,5
2024,EMERY,8,Light Truck,Diesel,Diesel,Non-electrified,1961
2024,EMERY,8,Light Truck,Gasoline,Gasoline,Non-electrified,5846
2024,EMERY,8,Light Truck,Hybrid,Hybrid,Hybrid,39
2024,EMERY,8,Light Truck,Compressed Natural Gas,Natural Gas,Non-electrified,8
2024,EMERY,8,Light Truck,Plug-in Hybrid,PHEV,PHEV,5
2024,EMERY,8,Motorcycle - Standard,Gasoline,Gasoline,Non-electrified,255
2024,EMERY,8,Passenger - Standard,Electric,BEV,BEV,3
2024,EMERY,8,Passenger - Standard,Diesel,Diesel,Non-electrified,82
2024,EMERY,8,Passenger - Standard,Gasoline,Gasoline,Non-electrified,4053
2024,EMERY,8,Passenger - Standard,Hybrid,Hybrid,Hybrid,66
2024,EMERY,8,Passenger - Standard,Compressed Natural Gas,Natural Gas,Non-electrified,8
2024,EMERY,8,Passenger - Standard,Plug-in Hybrid,PHEV,PHEV,10
2024,GARFIELD,9,Heavy Truck,Diesel,Diesel,Non-electrified,384
2024,GARFIELD,9,Heavy Truck,Gasoline,Gasoline,Non-electrified,43
2024,GARFIELD,9,Light Truck,Electric,BEV,BEV,13
2024,GARFIELD,9,Light Truck,Diesel,Diesel,Non-electrified,1107
2024,GARFIELD,9,Light Truck,Gasoline,Gasoline,Non-electrified,3716
2024,GARFIELD,9,Light Truck,Hybrid,Hybrid,Hybrid,42
2024,GARFIELD,9,Light Truck,Compressed Natural Gas,Natural Gas,Non-electrified,4
2024,GARFIELD,9,Light Truck,Plug-in Hybrid,PHEV,PHEV,8
2024,GARFIELD,9,Motorcycle - Standard,Gasoline,Gasoline,Non-electrified,172
2024,GARFIELD,9,Passenger - Standard,Electric,BEV,BEV,9
2024,GARFIELD,9,Passenger - Standard,Diesel,Diesel,Non-electrified,44
2024,GARFIELD,9,Passenger - Standard,Gasoline,Gasoline,Non-electrified,1837
2024,GARFIELD,9,Passenger - Standard,Hybrid,Hybrid,Hybrid,50
2024,GARFIELD,9,Passenger - Standard,Compressed Natural Gas,Natural Gas,Non-electrified,5
2024,GARFIELD,9,Passenger - Standard,Plug-in Hybrid,PHEV,PHEV,5
2024,GRAND,10,Heavy Truck,Diesel,Diesel,Non-electrified,391
2024,GRAND,10,Heavy Truck,Gasoline,Gasoline,Non-electrified,107
2024,GRAND,10,Heavy Truck,Compressed Natural Gas,Natural Gas,Non-electrified,2
2024,GRAND,10,Light Truck,Electric,BEV,BEV,31
2024,GRAND,10,Light Truck,Diesel,Diesel,Non-electrified,1143
2024,GRAND,10,Light Truck,Gasoline,Gasoline,Non-electrified,7600
2024,GRAND,10,Light Truck,Hybrid,Hybrid,Hybrid,113
2024,GRAND,10,Light Truck,Compressed Natural Gas,Natural Gas,Non-electrified,6
2024,GRAND,10,Light Truck,Plug-in Hybrid,PHEV,PHEV,23
2024,GRAND,10,Motorcycle - Standard,Electric,BEV,BEV,9
2024,GRAND,10,Motorcycle - Standard,Gasoline,Gasoline,Non-electrified,734
2024,GRAND,10,Passenger - Standard,Electric,BEV,BEV,22
2024,GRAND,10,Passenger - Standard,Diesel,Diesel,Non-electrified,55
2024,GRAND,10,Passenger - Standard,Gasoline,Gasoline,Non-electrified,3328
2024,GRAND,10,Passenger - Standard,Hybrid,Hybrid,Hybrid,154
2024,GRAND,10,Passenger - Standard,Compressed Natural Gas,Natural Gas,Non-electrified,3
2024,GRAND,10,Passenger - Standard,Plug-in Hybrid,PHEV,PHEV,12
2024,IRON,11,Heavy Truck,Diesel,Diesel,Non-electrified,1781
2024,IRON,11,Heavy Truck,Gasoline,Gasoline,Non-electrified,416
2024,IRON,11,Heavy Truck,Compressed Natural Gas,Natural Gas,Non-electrified,2
2024,IRON,11,Heavy Truck,Propane,Propane/LPG,Non-electrified,13
2024,IRON,11,Light Truck,Electric,BEV,BEV,96
2024,IRON,11,Light Truck,Diesel,Diesel,Non-electrified,6172
2024,IRON,11,Light Truck,Gasoline,Gasoline,Non-electrified,29702
2024,IRON,11,Light Truck,Hybrid,Hybrid,Hybrid,466
2024,IRON,11,Light Truck,Compressed Natural Gas,Natural Gas,Non-electrified,62
2024,IRON,11,Light Truck,Other,Other,Non-electrified,1
2024,IRON,11,Light Truck,Plug-in Hybrid,PHEV,PHEV,85
2024,IRON,11,Light Truck,Butane,Propane/LPG,Non-electrified,1
2024,IRON,11,Motorcycle - Standard,Electric,BEV,BEV,4
2024,IRON,11,Motorcycle - Standard,Gasoline,Gasoline,Non-electrified,1805
2024,IRON,11,Motorcycle - Standard,Other,Other,Non-electrified,1
2024,IRON,11,Passenger - Standard,Electric,BEV,BEV,118
2024,IRON,11,Passenger - Standard,Diesel,Diesel,Non-electrified,372
2024,IRON,11,Passenger - Standard,Gasoline,Gasoline,Non-electrified,19000
2024,IRON,11,Passenger - Standard,Hybrid,Hybrid,Hybrid,663
2024,IRON,11,Passenger - Standard,Compressed Natural Gas,Natural Gas,Non-electrified,65
2024,IRON,11,Passenger - Standard,Plug-in Hybrid,PHEV,PHEV,74
2024,JUAB,12,Heavy Truck,Diesel,Diesel,Non-electrified,1397
2024,JUAB,12,Heavy Truck,Gasoline,Gasoline,Non-electrified,211
2024,JUAB,12,Heavy Truck,Compressed Natural Gas,Natural Gas,Non-electrified,3
2024,JUAB,12,Light Truck,Electric,BEV,BEV,15
2024,JUAB,12,Light Truck,Diesel,Diesel,Non-electrified,2518
2024,JUAB,12,Light Truck,Gasoline,Gasoline,Non-electrified,6849
2024,JUAB,12,Light Truck,Hybrid,Hybrid,Hybrid,63
2024,JUAB,12,Light Truck,Compressed Natural Gas,Natural Gas,Non-electrified,20
2024,JUAB,12,Light Truck,Plug-in Hybrid,PHEV,PHEV,8
2024,JUAB,12,Motorcycle - Standard,Electric,BEV,BEV,4
2024,JUAB,12,Motorcycle - Standard,Gasoline,Gasoline,Non-electrified,406
2024,JUAB,12,Passenger - Standard,Electric,BEV,BEV,29
2024,JUAB,12,Passenger - Standard,Diesel,Diesel,Non-electrified,102
2024,JUAB,12,Passenger - Standard,Gasoline,Gasoline,Non-electrified,5495
2024,JUAB,12,Passenger - Standard,Hybrid,Hybrid,Hybrid,153
2024,JUAB,12,Passenger - Standard,Compressed Natural Gas,Natural Gas,Non-electrified,16
2024,JUAB,12,Passenger - Standard,Plug-in Hybrid,PHEV,PHEV,13
2024,KANE,13,Heavy Truck,Electric,BEV,BEV,1
2024,KANE,13,Heavy Truck,Diesel,Diesel,Non-electrified,445
2024,KANE,13,Heavy Truck,Gasoline,Gasoline,Non-electrified,101
2024,KANE,13,Heavy Truck,Propane,Propane/LPG,Non-electrified,3
2024,KANE,13,Light Truck,Electric,BEV,BEV,17
2024,KANE,13,Light Truck,Diesel,Diesel,Non-electrified,1364
2024,KANE,13,Light Truck,Gasoline,Gasoline,Non-electrified,6036
2024,KANE,13,Light Truck,Hybrid,Hybrid,Hybrid,70
2024,KANE,13,Light Truck,Compressed Natural Gas,Natural Gas,Non-electrified,6
2024,KANE,13,Light Truck,Plug-in Hybrid,PHEV,PHEV,11
2024,KANE,13,Light Truck,Propane,Propane/LPG,Non-electrified,1
2024,KANE,13,Motorcycle - Standard,Gasoline,Gasoline,Non-electrified,372
2024,KANE,13,Passenger - Standard,Electric,BEV,BEV,25
2024,KANE,13,Passenger - Standard,Diesel,Diesel,Non-electrified,80
2024,KANE,13,Passenger - Standard,Gasoline,Gasoline,Non-electrified,2674
2024,KANE,13,Passenger - Standard,Hybrid,Hybrid,Hybrid,95
2024,KANE,13,Passenger - Standard,Compressed Natural Gas,Natural Gas,Non-electrified,2
2024,KANE,13,Passenger - Standard,Plug-in Hybrid,PHEV,PHEV,8
2024,MILLARD,14,Heavy Truck,Diesel,Diesel,Non-electrified,907
2024,MILLARD,14,Heavy Truck,Gasoline,Gasoline,Non-electrified,116
2024,MILLARD,14,Light Truck,Electric,BEV,BEV,6
2024,MILLARD,14,Light Truck,Diesel,Diesel,Non-electrified,2386
2024,MILLARD,14,Light Truck,Gasoline,Gasoline,Non-electrified,8081
2024,MILLARD,14,Light Truck,Hybrid,Hybrid,Hybrid,60
2024,MILLARD,14,Light Truck,Compressed Natural Gas,Natural Gas,Non-electrified,12
2024,MILLARD,14,Light Truck,Plug-in Hybrid,PHEV,PHEV,9
2024,MILLARD,14,Motorcycle - Standard,Gasoline,Gasoline,Non-electrified,357
2024,MILLARD,14,Passenger - Standard,Electric,BEV,BEV,13
2024,MILLARD,14,Passenger - Standard,Diesel,Diesel,Non-electrified,120
2024,MILLARD,14,Passenger - Standard,Gasoline,Gasoline,Non-electrified,5710
2024,MILLARD,14,Passenger - Standard,Hybrid,Hybrid,Hybrid,108
2024,MILLARD,14,Passenger - Standard,Compressed Natural Gas,Natural Gas,Non-electrified,10
2024,MILLARD,14,Passenger - Standard,Plug-in Hybrid,PHEV,PHEV,14
2024,MORGAN,15,Heavy Truck,Diesel,Diesel,Non-electrified,661
2024,MORGAN,15,Heavy Truck,Gasoline,Gasoline,Non-electrified,114
2024,MORGAN,15,Heavy Truck,Compressed Natural Gas,Natural Gas,Non-electrified,3
2024,MORGAN,15,Light Truck,Electric,BEV,BEV,106
2024,MORGAN,15,Light Truck,Diesel,Diesel,Non-electrified,2079
2024,MORGAN,15,Light Truck,Gasoline,Gasoline,Non-electrified,7049
2024,MORGAN,15,Light Truck,Hybrid,Hybrid,Hybrid,184
2024,MORGAN,15,Light Truck,Compressed Natural Gas,Natural Gas,Non-electrified,11
2024,MORGAN,15,Light Truck,Plug-in Hybrid,PHEV,PHEV,32
2024,MORGAN,15,Motorcycle - Standard,Gasoline,Gasoline,Non-electrified,442
2024,MORGAN,15,Motorcycle - Standard,Other,Other,Non-electrified,1
2024,MORGAN,15,Passenger - Standard,Electric,BEV,BEV,66
2024,MORGAN,15,Passenger - Standard,Diesel,Diesel,Non-electrified,108
2024,MORGAN,15,Passenger - Standard,Gasoline,Gasoline,Non-electrified,4807
2024,MORGAN,15,Passenger - Standard,Hybrid,Hybrid,Hybrid,173
2024,MORGAN,15,Passenger - Standard,Compressed Natural Gas,Natural Gas,Non-electrified,14
2024,MORGAN,15,Passenger - Standard,Steam,Other,Non-electrified,1
2024,MORGAN,15,Passenger - Standard,Plug-in Hybrid,PHEV,PHEV,16
2024,PIUTE,16,Heavy Truck,Diesel,Diesel,Non-electrified,157
2024,PIUTE,16,Heavy Truck,Gasoline,Gasoline,Non-electrified,21
2024,PIUTE,16,Light Truck,Electric,BEV,BEV,2
2024,PIUTE,16,Light Truck,Diesel,Diesel,Non-electrified,422
2024,PIUTE,16,Light Truck,Gasoline,Gasoline,Non-electrified,1113
2024,PIUTE,16,Light Truck,Hybrid,Hybrid,Hybrid,7
2024,PIUTE,16,Light Truck,Compressed Natural Gas,Natural Gas,Non-electrified,4
2024,PIUTE,16,Light Truck,Plug-in Hybrid,PHEV,PHEV,1
2024,PIUTE,16,Motorcycle - Standard,Gasoline,Gasoline,Non-electrified,58
2024,PIUTE,16,Passenger - Standard,Diesel,Diesel,Non-electrified,12
2024,PIUTE,16,Passenger - Standard,Gasoline,Gasoline,Non-electrified,728
2024,PIUTE,16,Passenger - Standard,Hybrid,Hybrid,Hybrid,8
2024,PIUTE,16,Passenger - Standard,Compressed Natural Gas,Natural Gas,Non-electrified,5
2024,PIUTE,16,Passenger - Standard,Plug-in Hybrid,PHEV,PHEV,2
2024,RICH,17,Heavy Truck,Diesel,Diesel,Non-electrified,219
2024,RICH,17,Heavy Truck,Gasoline,Gasoline,Non-electrified,40
2024,RICH,17,Light Truck,Electric,BEV,BEV,3
2024,RICH,17,Light Truck,Diesel,Diesel,Non-electrified,762
2024,RICH,17,Light Truck,Gasoline,Gasoline,Non-electrified,1945
2024,RICH,17,Light Truck,Hybrid,Hybrid,Hybrid,25
2024,RICH,17,Light Truck,Compressed Natural Gas,Natural Gas,Non-electrified,2
2024,RICH,17,Light Truck,Plug-in Hybrid,PHEV,PHEV,4
2024,RICH,17,Motorcycle - Standard,Gasoline,Gasoline,Non-electrified,130
2024,RICH,17,Passenger - Standard,Electric,BEV,BEV,2
2024,RICH,17,Passenger - Standard,Diesel,Diesel,Non-electrified,17
2024,RICH,17,Passenger - Standard,Gasoline,Gasoline,Non-electrified,1146
2024,RICH,17,Passenger - Standard,Hybrid,Hybrid,Hybrid,25
2024,RICH,17,Passenger - Standard,Compressed Natural Gas,Natural Gas,Non-electrified,2
2024,RICH,17,Passenger - Standard,Other,Other,Non-electrified,1
2024,RICH,17,Passenger - Standard,Plug-in Hybrid,PHEV,PHEV,6
2024,SALT LAKE,18,Heavy Truck,Electric,BEV,BEV,49
2024,SALT LAKE,18,Heavy Truck,Diesel,Diesel,Non-electrified,23649
2024,SALT LAKE,18,Heavy Truck,Gasoline,Gasoline,Non-electrified,5888
2024,SALT LAKE,18,Heavy Truck,Hybrid,Hybrid,Hybrid,10
2024,SALT LAKE,18,Heavy Truck,Compressed Natural Gas,Natural Gas,Non-electrified,796
2024,SALT LAKE,18,Heavy Truck,Other,Other,Non-electrified,2
2024,SALT LAKE,18,Heavy Truck,Propane,Propane/LPG,Non-electrified,8
2024,SALT LAKE,18,Light Truck,Electric,BEV,BEV,8167
2024,SALT LAKE,18,Light Truck,Diesel,Diesel,Non-electrified,44773
2024,SALT LAKE,18,Light Truck,Gasoline,Gasoline,Non-electrified,471555
2024,SALT LAKE,18,Light Truck,Hybrid,Hybrid,Hybrid,15109
2024,SALT LAKE,18,Light Truck,Compressed Natural Gas,Natural Gas,Non-electrified,470
2024,SALT LAKE,18,Light Truck,Plug-in Hybrid,PHEV,PHEV,2858
2024,SALT LAKE,18,Light Truck,Propane,Propane/LPG,Non-electrified,3
2024,SALT LAKE,18,Motorcycle - Standard,Electric,BEV,BEV,141
2024,SALT LAKE,18,Motorcycle - Standard,Gasoline,Gasoline,Non-electrified,27547
2024,SALT LAKE,18,Motorcycle - Standard,Hybrid,Hybrid,Hybrid,1
2024,SALT LAKE,18,Motorcycle - Standard,Other,Other,Non-electrified,2
2024,SALT LAKE,18,Passenger - Standard,Electric,BEV,BEV,7924
2024,SALT LAKE,18,Passenger - Standard,Diesel,Diesel,Non-electrified,2253
2024,SALT LAKE,18,Passenger - Standard,Gasoline,Gasoline,Non-electrified,371689
2024,SALT LAKE,18,Passenger - Standard,Hybrid,Hybrid,Hybrid,14579
2024,SALT LAKE,18,Passenger - Standard,Compressed Natural Gas,Natural Gas,Non-electrified,547
2024,SALT LAKE,18,Passenger - Standard,Liquefied Natural Gas,Natural Gas,Non-electrified,2
2024,SALT LAKE,18,Passenger - Standard,Other,Other,Non-electrified,3
2024,SALT LAKE,18,Passenger - Standard,Plug-in Hybrid,PHEV,PHEV,1902
2024,SAN JUAN,19,Heavy Truck,Diesel,Diesel,Non-electrified,478
2024,SAN JUAN,19,Heavy Truck,Gasoline,Gasoline,Non-electrified,52
2024,SAN JUAN,19,Light Truck,Electric,BEV,BEV,2
2024,SAN JUAN,19,Light Truck,Diesel,Diesel,Non-electrified,1265
2024,SAN JUAN,19,Light Truck,Gasoline,Gasoline,Non-electrified,6318
2024,SAN JUAN,19,Light Truck,Hybrid,Hybrid,Hybrid,71
2024,SAN JUAN,19,Light Truck,Compressed Natural Gas,Natural Gas,Non-electrified,4
2024,SAN JUAN,19,Light Truck,Plug-in Hybrid,PHEV,PHEV,5
2024,SAN JUAN,19,Motorcycle - Standard,Gasoline,Gasoline,Non-electrified,316
2024,SAN JUAN,19,Motorcycle - Standard,Other,Other,Non-electrified,1
2024,SAN JUAN,19,Passenger - Standard,Electric,BEV,BEV,7
2024,SAN JUAN,19,Passenger - Standard,Diesel,Diesel,Non-electrified,36
2024,SAN JUAN,19,Passenger - Standard,Gasoline,Gasoline,Non-electrified,2990
2024,SAN JUAN,19,Passenger - Standard,Hybrid,Hybrid,Hybrid,93
2024,SAN JUAN,19,Passenger - Standard,Plug-in Hybrid,PHEV,PHEV,9
2024,SANPETE,20,Heavy Truck,Diesel,Diesel,Non-electrified,1293
2024,SANPETE,20,Heavy Truck,Gasoline,Gasoline,Non-electrified,248
2024,SANPETE,20,Heavy Truck,Compressed Natural Gas,Natural Gas,Non-electrified,3
2024,SANPETE,20,Heavy Truck,Liquefied Natural Gas,Natural Gas,Non-electrified,1
2024,SANPETE,20,Light Truck,Electric,BEV,BEV,34
2024,SANPETE,20,Light Truck,Diesel,Diesel,Non-electrified,4408
2024,SANPETE,20,Light Truck,Gasoline,Gasoline,Non-electrified,16049
2024,SANPETE,20,Light Truck,Hybrid,Hybrid,Hybrid,138
2024,SANPETE,20,Light Truck,Compressed Natural Gas,Natural Gas,Non-electrified,33
2024,SANPETE,20,Light Truck,Liquefied Natural Gas,Natural Gas,Non-electrified,1
2024,SANPETE,20,Light Truck,Alcohol,Other,Non-electrified,1
2024,SANPETE,20,Light Truck,Plug-in Hybrid,PHEV,PHEV,15
2024,SANPETE,20,Light Truck,Propane,Propane/LPG,Non-electrified,1
2024,SANPETE,20,Motorcycle - Standard,Electric,BEV,BEV,3
2024,SANPETE,20,Motorcycle - Standard,Gasoline,Gasoline,Non-electrified,824
2024,SANPETE,20,Passenger - Standard,Electric,BEV,BEV,54
2024,SANPETE,20,Passenger - Standard,Diesel,Diesel,Non-electrified,197
2024,SANPETE,20,Passenger - Standard,Gasoline,Gasoline,Non-electrified,11829
2024,SANPETE,20,Passenger - Standard,Hybrid,Hybrid,Hybrid,281
2024,SANPETE,20,Passenger - Standard,Compressed Natural Gas,Natural Gas,Non-electrified,36
2024,SANPETE,20,Passenger - Standard,Plug-in Hybrid,PHEV,PHEV,40
2024,SEVIER,21,Heavy Truck,Diesel,Diesel,Non-electrified,1891
2024,SEVIER,21,Heavy Truck,Gasoline,Gasoline,Non-electrified,214
2024,SEVIER,21,Heavy Truck,Compressed Natural Gas,Natural Gas,Non-electrified,8
2024,SEVIER,21,Light Truck,Electric,BEV,BEV,16
2024,SEVIER,21,Light Truck,Diesel,Diesel,Non-electrified,3520
2024,SEVIER,21,Light Truck,Gasoline,Gasoline,Non-electrified,12480
2024,SEVIER,21,Light Truck,Hybrid,Hybrid,Hybrid,114
2024,SEVIER,21,Light Truck,Compressed Natural Gas,Natural Gas,Non-electrified,35
2024,SEVIER,21,Light Truck,Plug-in Hybrid,PHEV,PHEV,22
2024,SEVIER,21,Motorcycle - Standard,Gasoline,Gasoline,Non-electrified,718
2024,SEVIER,21,Passenger - Standard,Electric,BEV,BEV,17
2024,SEVIER,21,Passenger - Standard,Diesel,Diesel,Non-electrified,86
2024,SEVIER,21,Passenger - Standard,Gasoline,Gasoline,Non-electrified,8321
2024,SEVIER,21,Passenger - Standard,Hybrid,Hybrid,Hybrid,161
2024,SEVIER,21,Passenger - Standard,Compressed Natural Gas,Natural Gas,Non-electrified,34
2024,SEVIER,21,Passenger - Standard,Plug-in Hybrid,PHEV,PHEV,14
2024,SUMMIT,22,Heavy Truck,Electric,BEV,BEV,28
2024,SUMMIT,22,Heavy Truck,Diesel,Diesel,Non-electrified,1478
2024,SUMMIT,22,Heavy Truck,Gasoline,Gasoline,Non-electrified,340
2024,SUMMIT,22,Heavy Truck,Hybrid,Hybrid,Hybrid,2
2024,SUMMIT,22,Heavy Truck,Compressed Natural Gas,Natural Gas,Non-electrified,9
2024,SUMMIT,22,Heavy Truck,Propane,Propane/LPG,Non-electrified,4
2024,SUMMIT,22,Light Truck,Electric,BEV,BEV,1128
2024,SUMMIT,22,Light Truck,Diesel,Diesel,Non-electrified,4980
2024,SUMMIT,22,Light Truck,Gasoline,Gasoline,Non-electrified,33712
2024,SUMMIT,22,Light Truck,Hybrid,Hybrid,Hybrid,1109
2024,SUMMIT,22,Light Truck,Compressed Natural Gas,Natural Gas,Non-electrified,36
2024,SUMMIT,22,Light Truck,Plug-in Hybrid,PHEV,PHEV,408
2024,SUMMIT,22,Motorcycle - Standard,Electric,BEV,BEV,12
2024,SUMMIT,22,Motorcycle - Standard,Gasoline,Gasoline,Non-electrified,2007
2024,SUMMIT,22,Motorcycle - Standard,Other,Other,Non-electrified,1
2024,SUMMIT,22,Passenger - Standard,Electric,BEV,BEV,547
2024,SUMMIT,22,Passenger - Standard,Diesel,Diesel,Non-electrified,266
2024,SUMMIT,22,Passenger - Standard,Gasoline,Gasoline,Non-electrified,14997
2024,SUMMIT,22,Passenger - Standard,Hybrid,Hybrid,Hybrid,358
2024,SUMMIT,22,Passenger - Standard,Compressed Natural Gas,Natural Gas,Non-electrified,29
2024,SUMMIT,22,Passenger - Standard,Plug-in Hybrid,PHEV,PHEV,94
2024,TOOELE,23,Heavy Truck,Diesel,Diesel,Non-electrified,1795
2024,TOOELE,23,Heavy Truck,Gasoline,Gasoline,Non-electrified,493
2024,TOOELE,23,Heavy Truck,Compressed Natural Gas,Natural Gas,Non-electrified,2
2024,TOOELE,23,Heavy Truck,Propane,Propane/LPG,Non-electrified,1
2024,TOOELE,23,Light Truck,Electric,BEV,BEV,159
2024,TOOELE,23,Light Truck,Diesel,Diesel,Non-electrified,7582
2024,TOOELE,23,Light Truck,Gasoline,Gasoline,Non-electrified,35262
2024,TOOELE,23,Light Truck,Hybrid,Hybrid,Hybrid,463
2024,TOOELE,23,Light Truck,Compressed Natural Gas,Natural Gas,Non-electrified,68
2024,TOOELE,23,Light Truck,Plug-in Hybrid,PHEV,PHEV,81
2024,TOOELE,23,Motorcycle - Standard,Electric,BEV,BEV,1
2024,TOOELE,23,Motorcycle - Standard,Gasoline,Gasoline,Non-electrified,2640
2024,TOOELE,23,Motorcycle - Standard,Other,Other,Non-electrified,1
2024,TOOELE,23,Passenger - Standard,Electric,BEV,BEV,255
2024,TOOELE,23,Passenger - Standard,Diesel,Diesel,Non-electrified,403
2024,TOOELE,23,Passenger - Standard,Gasoline,Gasoline,Non-electrified,32908
2024,TOOELE,23,Passenger - Standard,Hybrid,Hybrid,Hybrid,863
2024,TOOELE,23,Passenger - Standard,Compressed Natural Gas,Natural Gas,Non-electrified,51
2024,TOOELE,23,Passenger - Standard,Plug-in Hybrid,PHEV,PHEV,144
2024,UINTAH,24,Heavy Truck,Electric,BEV,BEV,10
2024,UINTAH,24,Heavy Truck,Diesel,Diesel,Non-electrified,2923
2024,UINTAH,24,Heavy Truck,Gasoline,Gasoline,Non-electrified,546
2024,UINTAH,24,Heavy Truck,Compressed Natural Gas,Natural Gas,Non-electrified,3
2024,UINTAH,24,Heavy Truck,Propane,Propane/LPG,Non-electrified,28
2024,UINTAH,24,Light Truck,Electric,BEV,BEV,21
2024,UINTAH,24,Light Truck,Diesel,Diesel,Non-electrified,4961
2024,UINTAH,24,Light Truck,Gasoline,Gasoline,Non-electrified,19788
2024,UINTAH,24,Light Truck,Hybrid,Hybrid,Hybrid,163
2024,UINTAH,24,Light Truck,Compressed Natural Gas,Natural Gas,Non-electrified,29
2024,UINTAH,24,Light Truck,Plug-in Hybrid,PHEV,PHEV,13
2024,UINTAH,24,Light Truck,Propane,Propane/LPG,Non-electrified,3
2024,UINTAH,24,Motorcycle - Standard,Electric,BEV,BEV,1
2024,UINTAH,24,Motorcycle - Standard,Gasoline,Gasoline,Non-electrified,1294
2024,UINTAH,24,Passenger - Standard,Electric,BEV,BEV,37
2024,UINTAH,24,Passenger - Standard,Diesel,Diesel,Non-electrified,151
2024,UINTAH,24,Passenger - Standard,Gasoline,Gasoline,Non-electrified,10134
2024,UINTAH,24,Passenger - Standard,Hybrid,Hybrid,Hybrid,136
2024,UINTAH,24,Passenger - Standard,Compressed Natural Gas,Natural Gas,Non-electrified,14
2024,UINTAH,24,Passenger - Standard,Plug-in Hybrid,PHEV,PHEV,13
2024,UTAH,25,Heavy Truck,Electric,BEV,BEV,4
2024,UTAH,25,Heavy Truck,Diesel,Diesel,Non-electrified,11402
2024,UTAH,25,Heavy Truck,Gasoline,Gasoline,Non-electrified,2604
2024,UTAH,25,Heavy Truck,Hybrid,Hybrid,Hybrid,1
2024,UTAH,25,Heavy Truck,Compressed Natural Gas,Natural Gas,Non-electrified,84
2024,UTAH,25,Heavy Truck,Liquefied Natural Gas,Natural Gas,Non-electrified,2
2024,UTAH,25,Heavy Truck,Other,Other,Non-electrified,1
2024,UTAH,25,Heavy Truck,Propane,Propane/LPG,Non-electrified,17
2024,UTAH,25,Light Truck,Electric,BEV,BEV,4126
2024,UTAH,25,Light Truck,Diesel,Diesel,Non-electrified,22530
2024,UTAH,25,Light Truck,Gasoline,Gasoline,Non-electrified,235091
2024,UTAH,25,Light Truck,Hybrid,Hybrid,Hybrid,6965
2024,UTAH,25,Light Truck,Compressed Natural Gas,Natural Gas,Non-electrified,260
2024,UTAH,25,Light Truck,Liquefied Natural Gas,Natural Gas,Non-electrified,1
2024,UTAH,25,Light Truck,Other,Other,Non-electrified,1
2024,UTAH,25,Light Truck,Plug-in Hybrid,PHEV,PHEV,1121
2024,UTAH,25,Light Truck,Propane,Propane/LPG,Non-electrified,3
2024,UTAH,25,Motorcycle - Standard,Electric,BEV,BEV,87
2024,UTAH,25,Motorcycle - Standard,Gasoline,Gasoline,Non-electrified,15157
2024,UTAH,25,Motorcycle - Standard,Other,Other,Non-electrified,3
2024,UTAH,25,Passenger - Standard,Electric,BEV,BEV,4197
2024,UTAH,25,Passenger - Standard,Diesel,Diesel,Non-electrified,1602
2024,UTAH,25,Passenger - Standard,Gasoline,Gasoline,Non-electrified,192072
2024,UTAH,25,Passenger - Standard,Hybrid,Hybrid,Hybrid,8259
2024,UTAH,25,Passenger - Standard,Compressed Natural Gas,Natural Gas,Non-electrified,404
2024,UTAH,25,Passenger - Standard,Liquefied Natural Gas,Natural Gas,Non-electrified,4
2024,UTAH,25,Passenger - Standard,Other,Other,Non-electrified,4
2024,UTAH,25,Passenger - Standard,Plug-in Hybrid,PHEV,PHEV,1160
2024,UTAH,25,Passenger - Standard,Propane,Propane/LPG,Non-electrified,2
2024,WASATCH,26,Heavy Truck,Diesel,Diesel,Non-electrified,1127
2024,WASATCH,26,Heavy Truck,Gasoline,Gasoline,Non-electrified,227
2024,WASATCH,26,Heavy Truck,Compressed Natural Gas,Natural Gas,Non-electrified,3
2024,WASATCH,26,Light Truck,Electric,BEV,BEV,428
2024,WASATCH,26,Light Truck,Diesel,Diesel,Non-electrified,3795
2024,WASATCH,26,Light Truck,Gasoline,Gasoline,Non-electrified,22669
2024,WASATCH,26,Light Truck,Hybrid,Hybrid,Hybrid,572
2024,WASATCH,26,Light Truck,Compressed Natural Gas,Natural Gas,Non-electrified,24
2024,WASATCH,26,Light Truck,Plug-in Hybrid,PHEV,PHEV,152
2024,WASATCH,26,Motorcycle - Standard,Electric,BEV,BEV,74
2024,WASATCH,26,Motorcycle - Standard,Gasoline,Gasoline,Non-electrified,1504
2024,WASATCH,26,Motorcycle - Standard,Other,Other,Non-electrified,2
2024,WASATCH,26,Passenger - Standard,Electric,BEV,BEV,211
2024,WASATCH,26,Passenger - Standard,Diesel,Diesel,Non-electrified,242
2024,WASATCH,26,Passenger - Standard,Gasoline,Gasoline,Non-electrified,11750
2024,WASATCH,26,Passenger - Standard,Hybrid,Hybrid,Hybrid,298
2024,WASATCH,26,Passenger - Standard,Compressed Natural Gas,Natural Gas,Non-electrified,27
2024,WASATCH,26,Passenger - Standard,Plug-in Hybrid,PHEV,PHEV,38
2024,WASHINGTON,27,Heavy Truck,Diesel,Diesel,Non-electrified,6787
2024,WASHINGTON,27,Heavy Truck,Gasoline,Gasoline,Non-electrified,1598
2024,WASHINGTON,27,Heavy Truck,Hybrid,Hybrid,Hybrid,1
2024,WASHINGTON,27,Heavy Truck,Compressed Natural Gas,Natural Gas,Non-electrified,20
2024,WASHINGTON,27,Heavy Truck,Propane,Propane/LPG,Non-electrified,38
2024,WASHINGTON,27,Light Truck,Electric,BEV,BEV,884
2024,WASHINGTON,27,Light Truck,Diesel,Diesel,Non-electrified,15876
2024,WASHINGTON,27,Light Truck,Gasoline,Gasoline,Non-electrified,96306
2024,WASHINGTON,27,Light Truck,Hybrid,Hybrid,Hybrid,2667
2024,WASHINGTON,27,Light Truck,Compressed Natural Gas,Natural Gas,Non-electrified,159
2024,WASHINGTON,27,Light Truck,Plug-in Hybrid,PHEV,PHEV,418
2024,WASHINGTON,27,Light Truck,Propane,Propane/LPG,Non-electrified,1
2024,WASHINGTON,27,Motorcycle - Standard,Electric,BEV,BEV,22
2024,WASHINGTON,27,Motorcycle - Standard,Gasoline,Gasoline,Non-electrified,7146
2024,WASHINGTON,27,Motorcycle - Standard,Other,Other,Non-electrified,5
2024,WASHINGTON,27,Passenger - Standard,Electric,BEV,BEV,962
2024,WASHINGTON,27,Passenger - Standard,Diesel,Diesel,Non-electrified,1217
2024,WASHINGTON,27,Passenger - Standard,Gasoline,Gasoline,Non-electrified,68196
2024,WASHINGTON,27,Passenger - Standard,Hybrid,Hybrid,Hybrid,3517
2024,WASHINGTON,27,Passenger - Standard,Hydrogen,Hydrogen,Non-electrified,1
2024,WASHINGTON,27,Passenger - Standard,Compressed Natural Gas,Natural Gas,Non-electrified,207
2024,WASHINGTON,27,Passenger - Standard,Liquefied Natural Gas,Natural Gas,Non-electrified,1
2024,WASHINGTON,27,Passenger - Standard,Other,Other,Non-electrified,1
2024,WASHINGTON,27,Passenger - Standard,Plug-in Hybrid,PHEV,PHEV,359
2024,WAYNE,28,Heavy Truck,Diesel,Diesel,Non-electrified,316
2024,WAYNE,28,Heavy Truck,Gasoline,Gasoline,Non-electrified,33
2024,WAYNE,28,Light Truck,Electric,BEV,BEV,5
2024,WAYNE,28,Light Truck,Diesel,Diesel,Non-electrified,791
2024,WAYNE,28,Light Truck,Gasoline,Gasoline,Non-electrified,2091
2024,WAYNE,28,Light Truck,Hybrid,Hybrid,Hybrid,20
2024,WAYNE,28,Light Truck,Compressed Natural Gas,Natural Gas,Non-electrified,5
2024,WAYNE,28,Light Truck,Plug-in Hybrid,PHEV,PHEV,6
2024,WAYNE,28,Motorcycle - Standard,Gasoline,Gasoline,Non-electrified,114
2024,WAYNE,28,Motorcycle - Standard,Other,Other,Non-electrified,1
2024,WAYNE,28,Passenger - Standard,Electric,BEV,BEV,7
2024,WAYNE,28,Passenger - Standard,Diesel,Diesel,Non-electrified,32
2024,WAYNE,28,Passenger - Standard,Gasoline,Gasoline,Non-electrified,1103
2024,WAYNE,28,Passenger - Standard,Hybrid,Hybrid,Hybrid,37
2024,WAYNE,28,Passenger - Standard,Compressed Natural Gas,Natural Gas,Non-electrified,2
2024,WAYNE,28,Passenger - Standard,Plug-in Hybrid,PHEV,PHEV,2
2024,WEBER,29,Heavy Truck,Electric,BEV,BEV,2
2024,WEBER,29,Heavy Truck,Diesel,Diesel,Non-electrified,5942
2024,WEBER,29,Heavy Truck,Gasoline,Gasoline,Non-electrified,1204
2024,WEBER,29,Heavy Truck,Compressed Natural Gas,Natural Gas,Non-electrified,48
2024,WEBER,29,Heavy Truck,Other,Other,Non-electrified,1
2024,WEBER,29,Heavy Truck,Propane,Propane/LPG,Non-electrified,1
2024,WEBER,29,Light Truck,Electric,BEV,BEV,822
2024,WEBER,29,Light Truck,Diesel,Diesel,Non-electrified,14107
2024,WEBER,29,Light Truck,Gasoline,Gasoline,Non-electrified,100957
2024,WEBER,29,Light Truck,Hybrid,Hybrid,Hybrid,2415
2024,WEBER,29,Light Truck,Compressed Natural Gas,Natural Gas,Non-electrified,106
2024,WEBER,29,Light Truck,Plug-in Hybrid,PHEV,PHEV,351
2024,WEBER,29,Light Truck,Propane,Propane/LPG,Non-electrified,1
2024,WEBER,29,Motorcycle - Standard,Electric,BEV,BEV,20
2024,WEBER,29,Motorcycle - Standard,Gasoline,Gasoline,Non-electrified,8349
2024,WEBER,29,Motorcycle - Standard,Other,Other,Non-electrified,3
2024,WEBER,29,Passenger - Standard,Electric,BEV,BEV,894
2024,WEBER,29,Passenger - Standard,Diesel,Diesel,Non-electrified,737
2024,WEBER,29,Passenger - Standard,Gasoline,Gasoline,Non-electrified,83264
2024,WEBER,29,Passenger - Standard,Hybrid,Hybrid,Hybrid,2483
2024,WEBER,29,Passenger - Standard,Compressed Natural Gas,Natural Gas,Non-electrified,141
2024,WEBER,29,Passenger - Standard,Other,Other,Non-electrified,2
2024,WEBER,29,Passenger - Standard,Plug-in Hybrid,PHEV,PHEV,321
2024,WEBER,29,Passenger - Standard,Butane,Propane/LPG,Non-electrified,1
2025,BEAVER,1,Heavy Truck,Diesel,Diesel,Non-electrified,518
2025,BEAVER,1,Heavy Truck,Gasoline,Gasoline,Non-electrified,57
2025,BEAVER,1,Heavy Truck,Compressed Natural Gas,Natural Gas,Non-electrified,1
2025,BEAVER,1,Heavy Truck,Propane,Propane/LPG,Non-electrified,1
2025,BEAVER,1,Light Truck,Electric,BEV,BEV,8
2025,BEAVER,1,Light Truck,Diesel,Diesel,Non-electrified,1353
2025,BEAVER,1,Light Truck,Gasoline,Gasoline,Non-electrified,4665
2025,BEAVER,1,Light Truck,Hybrid,Hybrid,Hybrid,50
2025,BEAVER,1,Light Truck,Compressed Natural Gas,Natural Gas,Non-electrified,9
2025,BEAVER,1,Light Truck,Plug-in Hybrid,PHEV,PHEV,6
2025,BEAVER,1,Motorcycle - Standard,Electric,BEV,BEV,1
2025,BEAVER,1,Motorcycle - Standard,Gasoline,Gasoline,Non-electrified,165
2025,BEAVER,1,Passenger - Standard,Electric,BEV,BEV,10
2025,BEAVER,1,Passenger - Standard,Diesel,Diesel,Non-electrified,45
2025,BEAVER,1,Passenger - Standard,Gasoline,Gasoline,Non-electrified,2522
2025,BEAVER,1,Passenger - Standard,Hybrid,Hybrid,Hybrid,82
2025,BEAVER,1,Passenger - Standard,Compressed Natural Gas,Natural Gas,Non-electrified,1
2025,BEAVER,1,Passenger - Standard,Plug-in Hybrid,PHEV,PHEV,9
2025,BOX ELDER,2,Heavy Truck,Diesel,Diesel,Non-electrified,2877
2025,BOX ELDER,2,Heavy Truck,Gasoline,Gasoline,Non-electrified,478
2025,BOX ELDER,2,Heavy Truck,Compressed Natural Gas,Natural Gas,Non-electrified,1
2025,BOX ELDER,2,Light Truck,Electric,BEV,BEV,189
2025,BOX ELDER,2,Light Truck,Diesel,Diesel,Non-electrified,8270
2025,BOX ELDER,2,Light Truck,Gasoline,Gasoline,Non-electrified,30556
2025,BOX ELDER,2,Light Truck,Hybrid,Hybrid,Hybrid,571
2025,BOX ELDER,2,Light Truck,Compressed Natural Gas,Natural Gas,Non-electrified,60
2025,BOX ELDER,2,Light Truck,Plug-in Hybrid,PHEV,PHEV,79
2025,BOX ELDER,2,Light Truck,Propane,Propane/LPG,Non-electrified,2
2025,BOX ELDER,2,Motorcycle - Standard,Electric,BEV,BEV,4
2025,BOX ELDER,2,Motorcycle - Standard,Gasoline,Gasoline,Non-electrified,2166
2025,BOX ELDER,2,Motorcycle - Standard,Other,Other,Non-electrified,2
2025,BOX ELDER,2,Passenger - Standard,Electric,BEV,BEV,188
2025,BOX ELDER,2,Passenger - Standard,Diesel,Diesel,Non-electrified,434
2025,BOX ELDER,2,Passenger - Standard,Gasoline,Gasoline,Non-electrified,24373
2025,BOX ELDER,2,Passenger - Standard,Hybrid,Hybrid,Hybrid,708
2025,BOX ELDER,2,Passenger - Standard,Compressed Natural Gas,Natural Gas,Non-electrified,80
2025,BOX ELDER,2,Passenger - Standard,Plug-in Hybrid,PHEV,PHEV,126
2025,CACHE,3,Heavy Truck,Electric,BEV,BEV,1
2025,CACHE,3,Heavy Truck,Diesel,Diesel,Non-electrified,3162
2025,CACHE,3,Heavy Truck,Gasoline,Gasoline,Non-electrified,742
2025,CACHE,3,Heavy Truck,Compressed Natural Gas,Natural Gas,Non-electrified,19
2025,CACHE,3,Heavy Truck,Propane,Propane/LPG,Non-electrified,14
2025,CACHE,3,Light Truck,Electric,BEV,BEV,576
2025,CACHE,3,Light Truck,Diesel,Diesel,Non-electrified,6271
2025,CACHE,3,Light Truck,Gasoline,Gasoline,Non-electrified,55796
2025,CACHE,3,Light Truck,Hybrid,Hybrid,Hybrid,1936
2025,CACHE,3,Light Truck,Compressed Natural Gas,Natural Gas,Non-electrified,54
2025,CACHE,3,Light Truck,Plug-in Hybrid,PHEV,PHEV,250
2025,CACHE,3,Motorcycle - Standard,Electric,BEV,BEV,18
2025,CACHE,3,Motorcycle - Standard,Gasoline,Gasoline,Non-electrified,4180
2025,CACHE,3,Motorcycle - Standard,Hybrid,Hybrid,Hybrid,1
2025,CACHE,3,Motorcycle - Standard,Other,Other,Non-electrified,1
2025,CACHE,3,Passenger - Standard,Electric,BEV,BEV,459
2025,CACHE,3,Passenger - Standard,Diesel,Diesel,Non-electrified,386
2025,CACHE,3,Passenger - Standard,Gasoline,Gasoline,Non-electrified,36776
2025,CACHE,3,Passenger - Standard,Hybrid,Hybrid,Hybrid,1533
2025,CACHE,3,Passenger - Standard,Compressed Natural Gas,Natural Gas,Non-electrified,88
2025,CACHE,3,Passenger - Standard,Liquefied Natural Gas,Natural Gas,Non-electrified,2
2025,CACHE,3,Passenger - Standard,Plug-in Hybrid,PHEV,PHEV,222
2025,CARBON,4,Heavy Truck,Diesel,Diesel,Non-electrified,790
2025,CARBON,4,Heavy Truck,Gasoline,Gasoline,Non-electrified,208
2025,CARBON,4,Heavy Truck,Propane,Propane/LPG,Non-electrified,1
2025,CARBON,4,Light Truck,Electric,BEV,BEV,33
2025,CARBON,4,Light Truck,Diesel,Diesel,Non-electrified,2623
2025,CARBON,4,Light Truck,Gasoline,Gasoline,Non-electrified,11891
2025,CARBON,4,Light Truck,Hybrid,Hybrid,Hybrid,112
2025,CARBON,4,Light Truck,Compressed Natural Gas,Natural Gas,Non-electrified,23
2025,CARBON,4,Light Truck,Plug-in Hybrid,PHEV,PHEV,15
2025,CARBON,4,Motorcycle - Standard,Gasoline,Gasoline,Non-electrified,712
2025,CARBON,4,Passenger - Standard,Electric,BEV,BEV,24
2025,CARBON,4,Passenger - Standard,Diesel,Diesel,Non-electrified,102
2025,CARBON,4,Passenger - Standard,Gasoline,Gasoline,Non-electrified,8166
2025,CARBON,4,Passenger - Standard,Hybrid,Hybrid,Hybrid,141
2025,CARBON,4,Passenger - Standard,Compressed Natural Gas,Natural Gas,Non-electrified,16
2025,CARBON,4,Passenger - Standard,Liquefied Natural Gas,Natural Gas,Non-electrified,1
2025,CARBON,4,Passenger - Standard,Plug-in Hybrid,PHEV,PHEV,22
2025,DAGGETT,5,Heavy Truck,Diesel,Diesel,Non-electrified,88
2025,DAGGETT,5,Heavy Truck,Gasoline,Gasoline,Non-electrified,28
2025,DAGGETT,5,Light Truck,Electric,BEV,BEV,2
2025,DAGGETT,5,Light Truck,Diesel,Diesel,Non-electrified,467
2025,DAGGETT,5,Light Truck,Gasoline,Gasoline,Non-electrified,1084
2025,DAGGETT,5,Light Truck,Hybrid,Hybrid,Hybrid,16
2025,DAGGETT,5,Light Truck,Compressed Natural Gas,Natural Gas,Non-electrified,2
2025,DAGGETT,5,Motorcycle - Standard,Gasoline,Gasoline,Non-electrified,58
2025,DAGGETT,5,Passenger - Standard,Diesel,Diesel,Non-electrified,6
2025,DAGGETT,5,Passenger - Standard,Gasoline,Gasoline,Non-electrified,528
2025,DAGGETT,5,Passenger - Standard,Hybrid,Hybrid,Hybrid,9
2025,DAGGETT,5,Passenger - Standard,Plug-in Hybrid,PHEV,PHEV,3
2025,DAVIS,6,Heavy Truck,Diesel,Diesel,Non-electrified,4902
2025,DAVIS,6,Heavy Truck,Gasoline,Gasoline,Non-electrified,1353
2025,DAVIS,6,Heavy Truck,Compressed Natural Gas,Natural Gas,Non-electrified,7
2025,DAVIS,6,Heavy Truck,Propane,Propane/LPG,Non-electrified,1
2025,DAVIS,6,Light Truck,Electric,BEV,BEV,3202
2025,DAVIS,6,Light Truck,Diesel,Diesel,Non-electrified,12556
2025,DAVIS,6,Light Truck,Gasoline,Gasoline,Non-electrified,141250
2025,DAVIS,6,Light Truck,Hybrid,Hybrid,Hybrid,5630
2025,DAVIS,6,Light Truck,Compressed Natural Gas,Natural Gas,Non-electrified,104
2025,DAVIS,6,Light Truck,Plug-in Hybrid,PHEV,PHEV,945
2025,DAVIS,6,Light Truck,Propane,Propane/LPG,Non-electrified,1
2025,DAVIS,6,Motorcycle - Standard,Electric,BEV,BEV,48
2025,DAVIS,6,Motorcycle - Standard,Gasoline,Gasoline,Non-electrified,10440
2025,DAVIS,6,Motorcycle - Standard,Other,Other,Non-electrified,1
2025,DAVIS,6,Passenger - Standard,Electric,BEV,BEV,2685
2025,DAVIS,6,Passenger - Standard,Diesel,Diesel,Non-electrified,909
2025,DAVIS,6,Passenger - Standard,Gasoline,Gasoline,Non-electrified,106949
2025,DAVIS,6,Passenger - Standard,Hybrid,Hybrid,Hybrid,4684
2025,DAVIS,6,Passenger - Standard,Hydrogen,Hydrogen,Non-electrified,1
2025,DAVIS,6,Passenger - Standard,Compressed Natural Gas,Natural Gas,Non-electrified,227
2025,DAVIS,6,Passenger - Standard,Liquefied Natural Gas,Natural Gas,Non-electrified,1
2025,DAVIS,6,Passenger - Standard,Other,Other,Non-electrified,1
2025,DAVIS,6,Passenger - Standard,Plug-in Hybrid,PHEV,PHEV,626
2025,DAVIS,6,Passenger - Standard,Propane,Propane/LPG,Non-electrified,1
2025,DUCHESNE,7,Heavy Truck,Electric,BEV,BEV,1
2025,DUCHESNE,7,Heavy Truck,Diesel,Diesel,Non-electrified,2553
2025,DUCHESNE,7,Heavy Truck,Gasoline,Gasoline,Non-electrified,242
2025,DUCHESNE,7,Heavy Truck,Compressed Natural Gas,Natural Gas,Non-electrified,1
2025,DUCHESNE,7,Heavy Truck,Propane,Propane/LPG,Non-electrified,8
2025,DUCHESNE,7,Light Truck,Electric,BEV,BEV,17
2025,DUCHESNE,7,Light Truck,Diesel,Diesel,Non-electrified,4593
2025,DUCHESNE,7,Light Truck,Gasoline,Gasoline,Non-electrified,14431
2025,DUCHESNE,7,Light Truck,Hybrid,Hybrid,Hybrid,132
2025,DUCHESNE,7,Light Truck,Compressed Natural Gas,Natural Gas,Non-electrified,18
2025,DUCHESNE,7,Light Truck,Plug-in Hybrid,PHEV,PHEV,18
2025,DUCHESNE,7,Motorcycle - Standard,Gasoline,Gasoline,Non-electrified,778
2025,DUCHESNE,7,Passenger - Standard,Electric,BEV,BEV,14
2025,DUCHESNE,7,Passenger - Standard,Diesel,Diesel,Non-electrified,82
2025,DUCHESNE,7,Passenger - Standard,Gasoline,Gasoline,Non-electrified,6605
2025,DUCHESNE,7,Passenger - Standard,Hybrid,Hybrid,Hybrid,89
2025,DUCHESNE,7,Passenger - Standard,Compressed Natural Gas,Natural Gas,Non-electrified,7
2025,DUCHESNE,7,Passenger - Standard,Plug-in Hybrid,PHEV,PHEV,19
2025,EMERY,8,Heavy Truck,Diesel,Diesel,Non-electrified,607
2025,EMERY,8,Heavy Truck,Gasoline,Gasoline,Non-electrified,80
2025,EMERY,8,Heavy Truck,Compressed Natural Gas,Natural Gas,Non-electrified,1
2025,EMERY,8,Light Truck,Electric,BEV,BEV,9
2025,EMERY,8,Light Truck,Diesel,Diesel,Non-electrified,2052
2025,EMERY,8,Light Truck,Gasoline,Gasoline,Non-electrified,6087
2025,EMERY,8,Light Truck,Hybrid,Hybrid,Hybrid,62
2025,EMERY,8,Light Truck,Compressed Natural Gas,Natural Gas,Non-electrified,5
2025,EMERY,8,Light Truck,Plug-in Hybrid,PHEV,PHEV,7
2025,EMERY,8,Motorcycle - Standard,Gasoline,Gasoline,Non-electrified,243
2025,EMERY,8,Passenger - Standard,Electric,BEV,BEV,5
2025,EMERY,8,Passenger - Standard,Diesel,Diesel,Non-electrified,85
2025,EMERY,8,Passenger - Standard,Gasoline,Gasoline,Non-electrified,3822
2025,EMERY,8,Passenger - Standard,Hybrid,Hybrid,Hybrid,75
2025,EMERY,8,Passenger - Standard,Compressed Natural Gas,Natural Gas,Non-electrified,7
2025,EMERY,8,Passenger - Standard,Plug-in Hybrid,PHEV,PHEV,10
2025,GARFIELD,9,Heavy Truck,Diesel,Diesel,Non-electrified,380
2025,GARFIELD,9,Heavy Truck,Gasoline,Gasoline,Non-electrified,50
2025,GARFIELD,9,Light Truck,Electric,BEV,BEV,21
2025,GARFIELD,9,Light Truck,Diesel,Diesel,Non-electrified,1192
2025,GARFIELD,9,Light Truck,Gasoline,Gasoline,Non-electrified,3891
2025,GARFIELD,9,Light Truck,Hybrid,Hybrid,Hybrid,67
2025,GARFIELD,9,Light Truck,Compressed Natural Gas,Natural Gas,Non-electrified,4
2025,GARFIELD,9,Light Truck,Plug-in Hybrid,PHEV,PHEV,10
2025,GARFIELD,9,Motorcycle - Standard,Electric,BEV,BEV,1
2025,GARFIELD,9,Motorcycle - Standard,Gasoline,Gasoline,Non-electrified,180
2025,GARFIELD,9,Passenger - Standard,Electric,BEV,BEV,11
2025,GARFIELD,9,Passenger - Standard,Diesel,Diesel,Non-electrified,45
2025,GARFIELD,9,Passenger - Standard,Gasoline,Gasoline,Non-electrified,1771
2025,GARFIELD,9,Passenger - Standard,Hybrid,Hybrid,Hybrid,54
2025,GARFIELD,9,Passenger - Standard,Compressed Natural Gas,Natural Gas,Non-electrified,3
2025,GARFIELD,9,Passenger - Standard,Plug-in Hybrid,PHEV,PHEV,5
2025,GRAND,10,Heavy Truck,Diesel,Diesel,Non-electrified,405
2025,GRAND,10,Heavy Truck,Gasoline,Gasoline,Non-electrified,103
2025,GRAND,10,Heavy Truck,Compressed Natural Gas,Natural Gas,Non-electrified,1
2025,GRAND,10,Light Truck,Electric,BEV,BEV,51
2025,GRAND,10,Light Truck,Diesel,Diesel,Non-electrified,1186
2025,GRAND,10,Light Truck,Gasoline,Gasoline,Non-electrified,7923
2025,GRAND,10,Light Truck,Hybrid,Hybrid,Hybrid,152
2025,GRAND,10,Light Truck,Compressed Natural Gas,Natural Gas,Non-electrified,7
2025,GRAND,10,Light Truck,Plug-in Hybrid,PHEV,PHEV,30
2025,GRAND,10,Motorcycle - Standard,Electric,BEV,BEV,10
2025,GRAND,10,Motorcycle - Standard,Gasoline,Gasoline,Non-electrified,715
2025,GRAND,10,Passenger - Standard,Electric,BEV,BEV,24
2025,GRAND,10,Passenger - Standard,Diesel,Diesel,Non-electrified,49
2025,GRAND,10,Passenger - Standard,Gasoline,Gasoline,Non-electrified,3246
2025,GRAND,10,Passenger - Standard,Hybrid,Hybrid,Hybrid,142
2025,GRAND,10,Passenger - Standard,Compressed Natural Gas,Natural Gas,Non-electrified,4
2025,GRAND,10,Passenger - Standard,Plug-in Hybrid,PHEV,PHEV,15
2025,IRON,11,Heavy Truck,Diesel,Diesel,Non-electrified,1940
2025,IRON,11,Heavy Truck,Gasoline,Gasoline,Non-electrified,446
2025,IRON,11,Heavy Truck,Compressed Natural Gas,Natural Gas,Non-electrified,2
2025,IRON,11,Heavy Truck,Propane,Propane/LPG,Non-electrified,13
2025,IRON,11,Light Truck,Electric,BEV,BEV,190
2025,IRON,11,Light Truck,Diesel,Diesel,Non-electrified,6590
2025,IRON,11,Light Truck,Gasoline,Gasoline,Non-electrified,31471
2025,IRON,11,Light Truck,Hybrid,Hybrid,Hybrid,671
2025,IRON,11,Light Truck,Compressed Natural Gas,Natural Gas,Non-electrified,58
2025,IRON,11,Light Truck,Liquefied Natural Gas,Natural Gas,Non-electrified,1
2025,IRON,11,Light Truck,Other,Other,Non-electrified,1
2025,IRON,11,Light Truck,Plug-in Hybrid,PHEV,PHEV,105
2025,IRON,11,Light Truck,Butane,Propane/LPG,Non-electrified,1
2025,IRON,11,Light Truck,Propane,Propane/LPG,Non-electrified,1
2025,IRON,11,Motorcycle - Standard,Electric,BEV,BEV,3
2025,IRON,11,Motorcycle - Standard,Gasoline,Gasoline,Non-electrified,1900
2025,IRON,11,Motorcycle - Standard,Other,Other,Non-electrified,3
2025,IRON,11,Passenger - Standard,Electric,BEV,BEV,159
2025,IRON,11,Passenger - Standard,Diesel,Diesel,Non-electrified,378
2025,IRON,11,Passenger - Standard,Gasoline,Gasoline,Non-electrified,18613
2025,IRON,11,Passenger - Standard,Hybrid,Hybrid,Hybrid,724
2025,IRON,11,Passenger - Standard,Compressed Natural Gas,Natural Gas,Non-electrified,63
2025,IRON,11,Passenger - Standard,Liquefied Natural Gas,Natural Gas,Non-electrified,1
2025,IRON,11,Passenger - Standard,Plug-in Hybrid,PHEV,PHEV,91
2025,JUAB,12,Heavy Truck,Electric,BEV,BEV,2
2025,JUAB,12,Heavy Truck,Diesel,Diesel,Non-electrified,1444
2025,JUAB,12,Heavy Truck,Gasoline,Gasoline,Non-electrified,209
2025,JUAB,12,Heavy Truck,Compressed Natural Gas,Natural Gas,Non-electrified,7
2025,JUAB,12,Heavy Truck,Propane,Propane/LPG,Non-electrified,1
2025,JUAB,12,Light Truck,Electric,BEV,BEV,32
2025,JUAB,12,Light Truck,Diesel,Diesel,Non-electrified,2702
2025,JUAB,12,Light Truck,Gasoline,Gasoline,Non-electrified,7267
2025,JUAB,12,Light Truck,Hybrid,Hybrid,Hybrid,102
2025,JUAB,12,Light Truck,Compressed Natural Gas,Natural Gas,Non-electrified,18
2025,JUAB,12,Light Truck,Plug-in Hybrid,PHEV,PHEV,10
2025,JUAB,12,Motorcycle - Standard,Electric,BEV,BEV,5
2025,JUAB,12,Motorcycle - Standard,Gasoline,Gasoline,Non-electrified,412
2025,JUAB,12,Passenger - Standard,Electric,BEV,BEV,36
2025,JUAB,12,Passenger - Standard,Diesel,Diesel,Non-electrified,106
2025,JUAB,12,Passenger - Standard,Gasoline,Gasoline,Non-electrified,5439
2025,JUAB,12,Passenger - Standard,Hybrid,Hybrid,Hybrid,155
2025,JUAB,12,Passenger - Standard,Compressed Natural Gas,Natural Gas,Non-electrified,16
2025,JUAB,12,Passenger - Standard,Plug-in Hybrid,PHEV,PHEV,23
2025,KANE,13,Heavy Truck,Electric,BEV,BEV,1
2025,KANE,13,Heavy Truck,Diesel,Diesel,Non-electrified,484
2025,KANE,13,Heavy Truck,Gasoline,Gasoline,Non-electrified,108
2025,KANE,13,Heavy Truck,Propane,Propane/LPG,Non-electrified,3
2025,KANE,13,Light Truck,Electric,BEV,BEV,31
2025,KANE,13,Light Truck,Diesel,Diesel,Non-electrified,1496
2025,KANE,13,Light Truck,Gasoline,Gasoline,Non-electrified,6267
2025,KANE,13,Light Truck,Hybrid,Hybrid,Hybrid,99
2025,KANE,13,Light Truck,Compressed Natural Gas,Natural Gas,Non-electrified,6
2025,KANE,13,Light Truck,Plug-in Hybrid,PHEV,PHEV,15
2025,KANE,13,Light Truck,Propane,Propane/LPG,Non-electrified,1
2025,KANE,13,Motorcycle - Standard,Electric,BEV,BEV,1
2025,KANE,13,Motorcycle - Standard,Gasoline,Gasoline,Non-electrified,400
2025,KANE,13,Passenger - Standard,Electric,BEV,BEV,25
2025,KANE,13,Passenger - Standard,Diesel,Diesel,Non-electrified,74
2025,KANE,13,Passenger - Standard,Gasoline,Gasoline,Non-electrified,2597
2025,KANE,13,Passenger - Standard,Hybrid,Hybrid,Hybrid,98
2025,KANE,13,Passenger - Standard,Compressed Natural Gas,Natural Gas,Non-electrified,2
2025,KANE,13,Passenger - Standard,Plug-in Hybrid,PHEV,PHEV,12
2025,MILLARD,14,Heavy Truck,Diesel,Diesel,Non-electrified,925
2025,MILLARD,14,Heavy Truck,Gasoline,Gasoline,Non-electrified,98
2025,MILLARD,14,Light Truck,Electric,BEV,BEV,13
2025,MILLARD,14,Light Truck,Diesel,Diesel,Non-electrified,2536
2025,MILLARD,14,Light Truck,Gasoline,Gasoline,Non-electrified,8623
2025,MILLARD,14,Light Truck,Hybrid,Hybrid,Hybrid,87
2025,MILLARD,14,Light Truck,Compressed Natural Gas,Natural Gas,Non-electrified,13
2025,MILLARD,14,Light Truck,Plug-in Hybrid,PHEV,PHEV,14
2025,MILLARD,14,Motorcycle - Standard,Electric,BEV,BEV,3
2025,MILLARD,14,Motorcycle - Standard,Gasoline,Gasoline,Non-electrified,389
2025,MILLARD,14,Passenger - Standard,Electric,BEV,BEV,22
2025,MILLARD,14,Passenger - Standard,Diesel,Diesel,Non-electrified,111
2025,MILLARD,14,Passenger - Standard,Gasoline,Gasoline,Non-electrified,5576
2025,MILLARD,14,Passenger - Standard,Hybrid,Hybrid,Hybrid,120
2025,MILLARD,14,Passenger - Standard,Compressed Natural Gas,Natural Gas,Non-electrified,11
2025,MILLARD,14,Passenger - Standard,Plug-in Hybrid,PHEV,PHEV,15
2025,MORGAN,15,Heavy Truck,Diesel,Diesel,Non-electrified,700
2025,MORGAN,15,Heavy Truck,Gasoline,Gasoline,Non-electrified,109
2025,MORGAN,15,Heavy Truck,Compressed Natural Gas,Natural Gas,Non-electrified,3
2025,MORGAN,15,Light Truck,Electric,BEV,BEV,150
2025,MORGAN,15,Light Truck,Diesel,Diesel,Non-electrified,2170
2025,MORGAN,15,Light Truck,Gasoline,Gasoline,Non-electrified,7419
2025,MORGAN,15,Light Truck,Hybrid,Hybrid,Hybrid,233
2025,MORGAN,15,Light Truck,Compressed Natural Gas,Natural Gas,Non-electrified,11
2025,MORGAN,15,Light Truck,Plug-in Hybrid,PHEV,PHEV,47
2025,MORGAN,15,Motorcycle - Standard,Gasoline,Gasoline,Non-electrified,453
2025,MORGAN,15,Motorcycle - Standard,Other,Other,Non-electrified,1
2025,MORGAN,15,Passenger - Standard,Electric,BEV,BEV,91
2025,MORGAN,15,Passenger - Standard,Diesel,Diesel,Non-electrified,101
2025,MORGAN,15,Passenger - Standard,Gasoline,Gasoline,Non-electrified,4644
2025,MORGAN,15,Passenger - Standard,Hybrid,Hybrid,Hybrid,202
2025,MORGAN,15,Passenger - Standard,Compressed Natural Gas,Natural Gas,Non-electrified,14
2025,MORGAN,15,Passenger - Standard,Steam,Other,Non-electrified,1
2025,MORGAN,15,Passenger - Standard,Plug-in Hybrid,PHEV,PHEV,19
2025,OUT OF STATE,99,Light Truck,Gasoline,Gasoline,Non-electrified,1
2025,PIUTE,16,Heavy Truck,Diesel,Diesel,Non-electrified,159
2025,PIUTE,16,Heavy Truck,Gasoline,Gasoline,Non-electrified,17
2025,PIUTE,16,Light Truck,Electric,BEV,BEV,4
2025,PIUTE,16,Light Truck,Diesel,Diesel,Non-electrified,442
2025,PIUTE,16,Light Truck,Gasoline,Gasoline,Non-electrified,1144
2025,PIUTE,16,Light Truck,Hybrid,Hybrid,Hybrid,10
2025,PIUTE,16,Light Truck,Compressed Natural Gas,Natural Gas,Non-electrified,5
2025,PIUTE,16,Light Truck,Plug-in Hybrid,PHEV,PHEV,1
2025,PIUTE,16,Motorcycle - Standard,Gasoline,Gasoline,Non-electrified,61
2025,PIUTE,16,Passenger - Standard,Electric,BEV,BEV,1
2025,PIUTE,16,Passenger - Standard,Diesel,Diesel,Non-electrified,13
2025,PIUTE,16,Passenger - Standard,Gasoline,Gasoline,Non-electrified,694
2025,PIUTE,16,Passenger - Standard,Hybrid,Hybrid,Hybrid,8
2025,PIUTE,16,Passenger - Standard,Compressed Natural Gas,Natural Gas,Non-electrified,6
2025,PIUTE,16,Passenger - Standard,Plug-in Hybrid,PHEV,PHEV,1
2025,RICH,17,Heavy Truck,Diesel,Diesel,Non-electrified,224
2025,RICH,17,Heavy Truck,Gasoline,Gasoline,Non-electrified,32
2025,RICH,17,Light Truck,Electric,BEV,BEV,9
2025,RICH,17,Light Truck,Diesel,Diesel,Non-electrified,823
2025,RICH,17,Light Truck,Gasoline,Gasoline,Non-electrified,2112
2025,RICH,17,Light Truck,Hybrid,Hybrid,Hybrid,35
2025,RICH,17,Light Truck,Compressed Natural Gas,Natural Gas,Non-electrified,3
2025,RICH,17,Light Truck,Plug-in Hybrid,PHEV,PHEV,6
2025,RICH,17,Motorcycle - Standard,Gasoline,Gasoline,Non-electrified,124
2025,RICH,17,Passenger - Standard,Electric,BEV,BEV,3
2025,RICH,17,Passenger - Standard,Diesel,Diesel,Non-electrified,21
2025,RICH,17,Passenger - Standard,Gasoline,Gasoline,Non-electrified,1143
2025,RICH,17,Passenger - Standard,Hybrid,Hybrid,Hybrid,29
2025,RICH,17,Passenger - Standard,Compressed Natural Gas,Natural Gas,Non-electrified,2
2025,RICH,17,Passenger - Standard,Plug-in Hybrid,PHEV,PHEV,6
2025,SALT LAKE,18,Heavy Truck,Electric,BEV,BEV,55
2025,SALT LAKE,18,Heavy Truck,Diesel,Diesel,Non-electrified,24605
2025,SALT LAKE,18,Heavy Truck,Gasoline,Gasoline,Non-electrified,5984
2025,SALT LAKE,18,Heavy Truck,Hybrid,Hybrid,Hybrid,15
2025,SALT LAKE,18,Heavy Truck,Compressed Natural Gas,Natural Gas,Non-electrified,674
2025,SALT LAKE,18,Heavy Truck,Other,Other,Non-electrified,2
2025,SALT LAKE,18,Heavy Truck,Propane,Propane/LPG,Non-electrified,11
2025,SALT LAKE,18,Light Truck,Electric,BEV,BEV,12507
2025,SALT LAKE,18,Light Truck,Diesel,Diesel,Non-electrified,46910
2025,SALT LAKE,18,Light Truck,Gasoline,Gasoline,Non-electrified,492201
2025,SALT LAKE,18,Light Truck,Hybrid,Hybrid,Hybrid,20076
2025,SALT LAKE,18,Light Truck,Hydrogen,Hydrogen,Non-electrified,2
2025,SALT LAKE,18,Light Truck,Compressed Natural Gas,Natural Gas,Non-electrified,432
2025,SALT LAKE,18,Light Truck,Plug-in Hybrid,PHEV,PHEV,4114
2025,SALT LAKE,18,Light Truck,Propane,Propane/LPG,Non-electrified,3
2025,SALT LAKE,18,Motorcycle - Standard,Electric,BEV,BEV,128
2025,SALT LAKE,18,Motorcycle - Standard,Gasoline,Gasoline,Non-electrified,27412
2025,SALT LAKE,18,Motorcycle - Standard,Hybrid,Hybrid,Hybrid,1
2025,SALT LAKE,18,Motorcycle - Standard,Other,Other,Non-electrified,6
2025,SALT LAKE,18,Passenger - Standard,Electric,BEV,BEV,9351
2025,SALT LAKE,18,Passenger - Standard,Diesel,Diesel,Non-electrified,2011
2025,SALT LAKE,18,Passenger - Standard,Gasoline,Gasoline,Non-electrified,353921
2025,SALT LAKE,18,Passenger - Standard,Hybrid,Hybrid,Hybrid,15526
2025,SALT LAKE,18,Passenger - Standard,Compressed Natural Gas,Natural Gas,Non-electrified,508
2025,SALT LAKE,18,Passenger - Standard,Liquefied Natural Gas,Natural Gas,Non-electrified,3
2025,SALT LAKE,18,Passenger - Standard,Other,Other,Non-electrified,2
2025,SALT LAKE,18,Passenger - Standard,Plug-in Hybrid,PHEV,PHEV,1938
2025,SALT LAKE,18,Passenger - Standard,Butane,Propane/LPG,Non-electrified,1
2025,SALT LAKE,18,Passenger - Standard,Propane,Propane/LPG,Non-electrified,2
2025,SAN JUAN,19,Heavy Truck,Diesel,Diesel,Non-electrified,479
2025,SAN JUAN,19,Heavy Truck,Gasoline,Gasoline,Non-electrified,51
2025,SAN JUAN,19,Heavy Truck,Liquefied Natural Gas,Natural Gas,Non-electrified,1
2025,SAN JUAN,19,Light Truck,Electric,BEV,BEV,6
2025,SAN JUAN,19,Light Truck,Diesel,Diesel,Non-electrified,1309
2025,SAN JUAN,19,Light Truck,Gasoline,Gasoline,Non-electrified,6492
2025,SAN JUAN,19,Light Truck,Hybrid,Hybrid,Hybrid,113
2025,SAN JUAN,19,Light Truck,Compressed Natural Gas,Natural Gas,Non-electrified,4
2025,SAN JUAN,19,Light Truck,Plug-in Hybrid,PHEV,PHEV,9
2025,SAN JUAN,19,Motorcycle - Standard,Gasoline,Gasoline,Non-electrified,302
2025,SAN JUAN,19,Motorcycle - Standard,Other,Other,Non-electrified,1
2025,SAN JUAN,19,Passenger - Standard,Electric,BEV,BEV,7
2025,SAN JUAN,19,Passenger - Standard,Diesel,Diesel,Non-electrified,34
2025,SAN JUAN,19,Passenger - Standard,Gasoline,Gasoline,Non-electrified,2848
2025,SAN JUAN,19,Passenger - Standard,Hybrid,Hybrid,Hybrid,103
2025,SAN JUAN,19,Passenger - Standard,Plug-in Hybrid,PHEV,PHEV,9
2025,SAN JUAN,19,Passenger - Standard,Propane,Propane/LPG,Non-electrified,1
2025,SANPETE,20,Heavy Truck,Diesel,Diesel,Non-electrified,1313
2025,SANPETE,20,Heavy Truck,Gasoline,Gasoline,Non-electrified,242
2025,SANPETE,20,Heavy Truck,Compressed Natural Gas,Natural Gas,Non-electrified,2
2025,SANPETE,20,Heavy Truck,Liquefied Natural Gas,Natural Gas,Non-electrified,1
2025,SANPETE,20,Light Truck,Electric,BEV,BEV,61
2025,SANPETE,20,Light Truck,Diesel,Diesel,Non-electrified,4713
2025,SANPETE,20,Light Truck,Gasoline,Gasoline,Non-electrified,16718
2025,SANPETE,20,Light Truck,Hybrid,Hybrid,Hybrid,201
2025,SANPETE,20,Light Truck,Compressed Natural Gas,Natural Gas,Non-electrified,34
2025,SANPETE,20,Light Truck,Alcohol,Other,Non-electrified,1
2025,SANPETE,20,Light Truck,Plug-in Hybrid,PHEV,PHEV,20
2025,SANPETE,20,Light Truck,Propane,Propane/LPG,Non-electrified,1
2025,SANPETE,20,Motorcycle - Standard,Electric,BEV,BEV,3
2025,SANPETE,20,Motorcycle - Standard,Gasoline,Gasoline,Non-electrified,765
2025,SANPETE,20,Passenger - Standard,Electric,BEV,BEV,61
2025,SANPETE,20,Passenger - Standard,Diesel,Diesel,Non-electrified,197
2025,SANPETE,20,Passenger - Standard,Gasoline,Gasoline,Non-electrified,11628
2025,SANPETE,20,Passenger - Standard,Hybrid,Hybrid,Hybrid,293
2025,SANPETE,20,Passenger - Standard,Compressed Natural Gas,Natural Gas,Non-electrified,27
2025,SANPETE,20,Passenger - Standard,Plug-in Hybrid,PHEV,PHEV,34
2025,SEVIER,21,Heavy Truck,Diesel,Diesel,Non-electrified,1776
2025,SEVIER,21,Heavy Truck,Gasoline,Gasoline,Non-electrified,217
2025,SEVIER,21,Heavy Truck,Compressed Natural Gas,Natural Gas,Non-electrified,8
2025,SEVIER,21,Light Truck,Electric,BEV,BEV,19
2025,SEVIER,21,Light Truck,Diesel,Diesel,Non-electrified,3601
2025,SEVIER,21,Light Truck,Gasoline,Gasoline,Non-electrified,12860
2025,SEVIER,21,Light Truck,Hybrid,Hybrid,Hybrid,153
2025,SEVIER,21,Light Truck,Compressed Natural Gas,Natural Gas,Non-electrified,31
2025,SEVIER,21,Light Truck,Plug-in Hybrid,PHEV,PHEV,28
2025,SEVIER,21,Motorcycle - Standard,Electric,BEV,BEV,2
2025,SEVIER,21,Motorcycle - Standard,Gasoline,Gasoline,Non-electrified,729
2025,SEVIER,21,Passenger - Standard,Electric,BEV,BEV,19
2025,SEVIER,21,Passenger - Standard,Diesel,Diesel,Non-electrified,90
2025,SEVIER,21,Passenger - Standard,Gasoline,Gasoline,Non-electrified,8063
2025,SEVIER,21,Passenger - Standard,Hybrid,Hybrid,Hybrid,189
2025,SEVIER,21,Passenger - Standard,Compressed Natural Gas,Natural Gas,Non-electrified,26
2025,SEVIER,21,Passenger - Standard,Plug-in Hybrid,PHEV,PHEV,16
2025,SUMMIT,22,Heavy Truck,Electric,BEV,BEV,28
2025,SUMMIT,22,Heavy Truck,Diesel,Diesel,Non-electrified,1547
2025,SUMMIT,22,Heavy Truck,Gasoline,Gasoline,Non-electrified,347
2025,SUMMIT,22,Heavy Truck,Compressed Natural Gas,Natural Gas,Non-electrified,1
2025,SUMMIT,22,Heavy Truck,Propane,Propane/LPG,Non-electrified,4
2025,SUMMIT,22,Light Truck,Electric,BEV,BEV,1504
2025,SUMMIT,22,Light Truck,Diesel,Diesel,Non-electrified,5155
2025,SUMMIT,22,Light Truck,Gasoline,Gasoline,Non-electrified,34913
2025,SUMMIT,22,Light Truck,Hybrid,Hybrid,Hybrid,1371
2025,SUMMIT,22,Light Truck,Compressed Natural Gas,Natural Gas,Non-electrified,28
2025,SUMMIT,22,Light Truck,Plug-in Hybrid,PHEV,PHEV,581
2025,SUMMIT,22,Motorcycle - Standard,Electric,BEV,BEV,10
2025,SUMMIT,22,Motorcycle - Standard,Gasoline,Gasoline,Non-electrified,2039
2025,SUMMIT,22,Motorcycle - Standard,Other,Other,Non-electrified,1
2025,SUMMIT,22,Passenger - Standard,Electric,BEV,BEV,567
2025,SUMMIT,22,Passenger - Standard,Diesel,Diesel,Non-electrified,264
2025,SUMMIT,22,Passenger - Standard,Gasoline,Gasoline,Non-electrified,14172
2025,SUMMIT,22,Passenger - Standard,Hybrid,Hybrid,Hybrid,326
2025,SUMMIT,22,Passenger - Standard,Compressed Natural Gas,Natural Gas,Non-electrified,24
2025,SUMMIT,22,Passenger - Standard,Plug-in Hybrid,PHEV,PHEV,92
2025,TOOELE,23,Heavy Truck,Diesel,Diesel,Non-electrified,1991
2025,TOOELE,23,Heavy Truck,Gasoline,Gasoline,Non-electrified,509
2025,TOOELE,23,Heavy Truck,Compressed Natural Gas,Natural Gas,Non-electrified,2
2025,TOOELE,23,Heavy Truck,Propane,Propane/LPG,Non-electrified,2
2025,TOOELE,23,Light Truck,Electric,BEV,BEV,300
2025,TOOELE,23,Light Truck,Diesel,Diesel,Non-electrified,8096
2025,TOOELE,23,Light Truck,Gasoline,Gasoline,Non-electrified,38075
2025,TOOELE,23,Light Truck,Hybrid,Hybrid,Hybrid,674
2025,TOOELE,23,Light Truck,Compressed Natural Gas,Natural Gas,Non-electrified,65
2025,TOOELE,23,Light Truck,Plug-in Hybrid,PHEV,PHEV,142
2025,TOOELE,23,Light Truck,Propane,Propane/LPG,Non-electrified,1
2025,TOOELE,23,Motorcycle - Standard,Electric,BEV,BEV,3
2025,TOOELE,23,Motorcycle - Standard,Gasoline,Gasoline,Non-electrified,2643
2025,TOOELE,23,Motorcycle - Standard,Other,Other,Non-electrified,2
2025,TOOELE,23,Passenger - Standard,Electric,BEV,BEV,348
2025,TOOELE,23,Passenger - Standard,Diesel,Diesel,Non-electrified,443
2025,TOOELE,23,Passenger - Standard,Gasoline,Gasoline,Non-electrified,32848
2025,TOOELE,23,Passenger - Standard,Hybrid,Hybrid,Hybrid,916
2025,TOOELE,23,Passenger - Standard,Compressed Natural Gas,Natural Gas,Non-electrified,51
2025,TOOELE,23,Passenger - Standard,Plug-in Hybrid,PHEV,PHEV,160
2025,UINTAH,24,Heavy Truck,Electric,BEV,BEV,10
2025,UINTAH,24,Heavy Truck,Diesel,Diesel,Non-electrified,3042
2025,UINTAH,24,Heavy Truck,Gasoline,Gasoline,Non-electrified,592
2025,UINTAH,24,Heavy Truck,Compressed Natural Gas,Natural Gas,Non-electrified,4
2025,UINTAH,24,Heavy Truck,Propane,Propane/LPG,Non-electrified,28
2025,UINTAH,24,Light Truck,Electric,BEV,BEV,37
2025,UINTAH,24,Light Truck,Diesel,Diesel,Non-electrified,5189
2025,UINTAH,24,Light Truck,Gasoline,Gasoline,Non-electrified,20405
2025,UINTAH,24,Light Truck,Hybrid,Hybrid,Hybrid,218
2025,UINTAH,24,Light Truck,Compressed Natural Gas,Natural Gas,Non-electrified,27
2025,UINTAH,24,Light Truck,Plug-in Hybrid,PHEV,PHEV,20
2025,UINTAH,24,Light Truck,Propane,Propane/LPG,Non-electrified,2
2025,UINTAH,24,Motorcycle - Standard,Electric,BEV,BEV,2
2025,UINTAH,24,Motorcycle - Standard,Gasoline,Gasoline,Non-electrified,1339
2025,UINTAH,24,Passenger - Standard,Electric,BEV,BEV,39
2025,UINTAH,24,Passenger - Standard,Diesel,Diesel,Non-electrified,153
2025,UINTAH,24,Passenger - Standard,Gasoline,Gasoline,Non-electrified,9632
2025,UINTAH,24,Passenger - Standard,Hybrid,Hybrid,Hybrid,151
2025,UINTAH,24,Passenger - Standard,Compressed Natural Gas,Natural Gas,Non-electrified,15
2025,UINTAH,24,Passenger - Standard,Plug-in Hybrid,PHEV,PHEV,17
2025,UTAH,25,Heavy Truck,Electric,BEV,BEV,4
2025,UTAH,25,Heavy Truck,Diesel,Diesel,Non-electrified,12261
2025,UTAH,25,Heavy Truck,Gasoline,Gasoline,Non-electrified,2691
2025,UTAH,25,Heavy Truck,Compressed Natural Gas,Natural Gas,Non-electrified,84
2025,UTAH,25,Heavy Truck,Propane,Propane/LPG,Non-electrified,15
2025,UTAH,25,Light Truck,Electric,BEV,BEV,6684
2025,UTAH,25,Light Truck,Diesel,Diesel,Non-electrified,23423
2025,UTAH,25,Light Truck,Gasoline,Gasoline,Non-electrified,249172
2025,UTAH,25,Light Truck,Hybrid,Hybrid,Hybrid,9626
2025,UTAH,25,Light Truck,Compressed Natural Gas,Natural Gas,Non-electrified,230
2025,UTAH,25,Light Truck,Liquefied Natural Gas,Natural Gas,Non-electrified,1
2025,UTAH,25,Light Truck,Other,Other,Non-electrified,1
2025,UTAH,25,Light Truck,Plug-in Hybrid,PHEV,PHEV,1539
2025,UTAH,25,Light Truck,Propane,Propane/LPG,Non-electrified,2
2025,UTAH,25,Motorcycle - Standard,Electric,BEV,BEV,103
2025,UTAH,25,Motorcycle - Standard,Gasoline,Gasoline,Non-electrified,15459
2025,UTAH,25,Motorcycle - Standard,Other,Other,Non-electrified,3
2025,UTAH,25,Passenger - Standard,Electric,BEV,BEV,5362
2025,UTAH,25,Passenger - Standard,Diesel,Diesel,Non-electrified,1502
2025,UTAH,25,Passenger - Standard,Gasoline,Gasoline,Non-electrified,186520
2025,UTAH,25,Passenger - Standard,Hybrid,Hybrid,Hybrid,8832
2025,UTAH,25,Passenger - Standard,Hydrogen,Hydrogen,Non-electrified,1
2025,UTAH,25,Passenger - Standard,Compressed Natural Gas,Natural Gas,Non-electrified,361
2025,UTAH,25,Passenger - Standard,Liquefied Natural Gas,Natural Gas,Non-electrified,4
2025,UTAH,25,Passenger - Standard,Other,Other,Non-electrified,4
2025,UTAH,25,Passenger - Standard,Plug-in Hybrid,PHEV,PHEV,1193
2025,UTAH,25,Passenger - Standard,Propane,Propane/LPG,Non-electrified,1
2025,WASATCH,26,Heavy Truck,Diesel,Diesel,Non-electrified,1194
2025,WASATCH,26,Heavy Truck,Gasoline,Gasoline,Non-electrified,209
2025,WASATCH,26,Heavy Truck,Compressed Natural Gas,Natural Gas,Non-electrified,4
2025,WASATCH,26,Light Truck,Electric,BEV,BEV,642
2025,WASATCH,26,Light Truck,Diesel,Diesel,Non-electrified,3990
2025,WASATCH,26,Light Truck,Gasoline,Gasoline,Non-electrified,24143
2025,WASATCH,26,Light Truck,Hybrid,Hybrid,Hybrid,774
2025,WASATCH,26,Light Truck,Compressed Natural Gas,Natural Gas,Non-electrified,23
2025,WASATCH,26,Light Truck,Plug-in Hybrid,PHEV,PHEV,218
2025,WASATCH,26,Motorcycle - Standard,Electric,BEV,BEV,6
2025,WASATCH,26,Motorcycle - Standard,Gasoline,Gasoline,Non-electrified,1534
2025,WASATCH,26,Motorcycle - Standard,Other,Other,Non-electrified,2
2025,WASATCH,26,Passenger - Standard,Electric,BEV,BEV,261
2025,WASATCH,26,Passenger - Standard,Diesel,Diesel,Non-electrified,234
2025,WASATCH,26,Passenger - Standard,Gasoline,Gasoline,Non-electrified,11338
2025,WASATCH,26,Passenger - Standard,Hybrid,Hybrid,Hybrid,311
2025,WASATCH,26,Passenger - Standard,Compressed Natural Gas,Natural Gas,Non-electrified,20
2025,WASATCH,26,Passenger - Standard,Plug-in Hybrid,PHEV,PHEV,40
2025,WASHINGTON,27,Heavy Truck,Diesel,Diesel,Non-electrified,6963
2025,WASHINGTON,27,Heavy Truck,Gasoline,Gasoline,Non-electrified,1643
2025,WASHINGTON,27,Heavy Truck,Hybrid,Hybrid,Hybrid,2
2025,WASHINGTON,27,Heavy Truck,Compressed Natural Gas,Natural Gas,Non-electrified,41
2025,WASHINGTON,27,Heavy Truck,Propane,Propane/LPG,Non-electrified,39
2025,WASHINGTON,27,Light Truck,Electric,BEV,BEV,1410
2025,WASHINGTON,27,Light Truck,Diesel,Diesel,Non-electrified,17015
2025,WASHINGTON,27,Light Truck,Gasoline,Gasoline,Non-electrified,101665
2025,WASHINGTON,27,Light Truck,Hybrid,Hybrid,Hybrid,3744
2025,WASHINGTON,27,Light Truck,Compressed Natural Gas,Natural Gas,Non-electrified,143
2025,WASHINGTON,27,Light Truck,Liquefied Natural Gas,Natural Gas,Non-electrified,1
2025,WASHINGTON,27,Light Truck,Plug-in Hybrid,PHEV,PHEV,617
2025,WASHINGTON,27,Motorcycle - Standard,Electric,BEV,BEV,22
2025,WASHINGTON,27,Motorcycle - Standard,Gasoline,Gasoline,Non-electrified,7222
2025,WASHINGTON,27,Motorcycle - Standard,Other,Other,Non-electrified,7
2025,WASHINGTON,27,Passenger - Standard,Electric,BEV,BEV,1249
2025,WASHINGTON,27,Passenger - Standard,Diesel,Diesel,Non-electrified,1200
2025,WASHINGTON,27,Passenger - Standard,Gasoline,Gasoline,Non-electrified,67205
2025,WASHINGTON,27,Passenger - Standard,Hybrid,Hybrid,Hybrid,3719
2025,WASHINGTON,27,Passenger - Standard,Compressed Natural Gas,Natural Gas,Non-electrified,190
2025,WASHINGTON,27,Passenger - Standard,Other,Other,Non-electrified,1
2025,WASHINGTON,27,Passenger - Standard,Plug-in Hybrid,PHEV,PHEV,404
2025,WAYNE,28,Heavy Truck,Diesel,Diesel,Non-electrified,347
2025,WAYNE,28,Heavy Truck,Gasoline,Gasoline,Non-electrified,34
2025,WAYNE,28,Light Truck,Electric,BEV,BEV,5
2025,WAYNE,28,Light Truck,Diesel,Diesel,Non-electrified,815
2025,WAYNE,28,Light Truck,Gasoline,Gasoline,Non-electrified,2159
2025,WAYNE,28,Light Truck,Hybrid,Hybrid,Hybrid,30
2025,WAYNE,28,Light Truck,Compressed Natural Gas,Natural Gas,Non-electrified,5
2025,WAYNE,28,Light Truck,Plug-in Hybrid,PHEV,PHEV,7
2025,WAYNE,28,Motorcycle - Standard,Gasoline,Gasoline,Non-electrified,128
2025,WAYNE,28,Passenger - Standard,Electric,BEV,BEV,7
2025,WAYNE,28,Passenger - Standard,Diesel,Diesel,Non-electrified,28
2025,WAYNE,28,Passenger - Standard,Gasoline,Gasoline,Non-electrified,1057
2025,WAYNE,28,Passenger - Standard,Hybrid,Hybrid,Hybrid,37
2025,WAYNE,28,Passenger - Standard,Compressed Natural Gas,Natural Gas,Non-electrified,2
2025,WAYNE,28,Passenger - Standard,Plug-in Hybrid,PHEV,PHEV,2
2025,WEBER,29,Heavy Truck,Electric,BEV,BEV,2
2025,WEBER,29,Heavy Truck,Diesel,Diesel,Non-electrified,6222
2025,WEBER,29,Heavy Truck,Gasoline,Gasoline,Non-electrified,1236
2025,WEBER,29,Heavy Truck,Compressed Natural Gas,Natural Gas,Non-electrified,63
2025,WEBER,29,Heavy Truck,Other,Other,Non-electrified,1
2025,WEBER,29,Light Truck,Electric,BEV,BEV,1305
2025,WEBER,29,Light Truck,Diesel,Diesel,Non-electrified,14483
2025,WEBER,29,Light Truck,Gasoline,Gasoline,Non-electrified,105643
2025,WEBER,29,Light Truck,Hybrid,Hybrid,Hybrid,3285
2025,WEBER,29,Light Truck,Compressed Natural Gas,Natural Gas,Non-electrified,92
2025,WEBER,29,Light Truck,Plug-in Hybrid,PHEV,PHEV,499
2025,WEBER,29,Light Truck,Propane,Propane/LPG,Non-electrified,1
2025,WEBER,29,Motorcycle - Standard,Electric,BEV,BEV,23
2025,WEBER,29,Motorcycle - Standard,Gasoline,Gasoline,Non-electrified,8391
2025,WEBER,29,Motorcycle - Standard,Other,Other,Non-electrified,1
2025,WEBER,29,Passenger - Standard,Electric,BEV,BEV,1131
2025,WEBER,29,Passenger - Standard,Diesel,Diesel,Non-electrified,667
2025,WEBER,29,Passenger - Standard,Gasoline,Gasoline,Non-electrified,79706
2025,WEBER,29,Passenger - Standard,Hybrid,Hybrid,Hybrid,2594
2025,WEBER,29,Passenger - Standard,Compressed Natural Gas,Natural Gas,Non-electrified,116
2025,WEBER,29,Passenger - Standard,Other,Other,Non-electrified,2
2025,WEBER,29,Passenger - Standard,Plug-in Hybrid,PHEV,PHEV,305
2025,WEBER,29,Passenger - Standard,Butane,Propane/LPG,Non-electrified,1
